venue,year,type,access,title,authors,doi,ee,pages,key,url
DEON,1996,Editorship,,"Deontic Logic, Agency and Normative Systems, DEON &apos;96: Third International Workshop on Deontic Logic in Computer Science, Sesimbra, Portugal, 11-13 January 1996",Mark A. Brown; José Carmo,10.1007/978-1-4471-1488-8,https://doi.org/10.1007/978-1-4471-1488-8,,conf/deon/1996,https://dblp.org/rec/conf/deon/1996
DEON,1996,Conference and Workshop Papers,closed,From the Fundamental Legal Conceptions of Hohfeld to Legal Relations: Refining the Enrichment of Solely Deontic Legal Relations,Layman E. Allen,10.1007/978-1-4471-1488-8_1,https://doi.org/10.1007/978-1-4471-1488-8_1,1-26,conf/deon/Allen96,https://dblp.org/rec/conf/deon/Allen96
DEON,1996,Conference and Workshop Papers,closed,Towards a Computational Treatment of Deontic Defeasibility,Alberto Artosi; Guido Governatori; Giovanni Sartor,10.1007/978-1-4471-1488-8_2,https://doi.org/10.1007/978-1-4471-1488-8_2,27-46,conf/deon/ArtosiGS96,https://dblp.org/rec/conf/deon/ArtosiGS96
DEON,1996,Conference and Workshop Papers,closed,Doing as We Ought: Towards a Logic of Simply Dischargeable Obligations,Mark A. Brown,10.1007/978-1-4471-1488-8_3,https://doi.org/10.1007/978-1-4471-1488-8_3,47-65,conf/deon/Brown96,https://dblp.org/rec/conf/deon/Brown96
DEON,1996,Conference and Workshop Papers,closed,A Deontic Logic for Reasoning about Confidentiality,Frédéric Cuppens; Robert Demolombe,10.1007/978-1-4471-1488-8_4,https://doi.org/10.1007/978-1-4471-1488-8_4,66-79,conf/deon/CuppensD96,https://dblp.org/rec/conf/deon/CuppensD96
DEON,1996,Conference and Workshop Papers,closed,"A Modal Approach to Intentions, Commitments and Obligations: Intention plus Commitment Yields Obligation",Frank Dignum; John-Jules Ch. Meyer; Roel J. Wieringa; Ruurd Kuiper,10.1007/978-1-4471-1488-8_5,https://doi.org/10.1007/978-1-4471-1488-8_5,80-97,conf/deon/DignumMWK96,https://dblp.org/rec/conf/deon/DignumMWK96
DEON,1996,Conference and Workshop Papers,closed,Combining Agency and Obligation (Preliminary Version),John F. Horty,10.1007/978-1-4471-1488-8_6,https://doi.org/10.1007/978-1-4471-1488-8_6,98-122,conf/deon/Horty96,https://dblp.org/rec/conf/deon/Horty96
DEON,1996,Conference and Workshop Papers,closed,The Logic of Normative Systems,Arnold A. Johanson,10.1007/978-1-4471-1488-8_7,https://doi.org/10.1007/978-1-4471-1488-8_7,123-133,conf/deon/Johanson96,https://dblp.org/rec/conf/deon/Johanson96
DEON,1996,Conference and Workshop Papers,closed,Getting Personal: Some Notes on the Relationship Between Personal and Impersonal Obligation,Christen Krogh; Henning Herrestad,10.1007/978-1-4471-1488-8_8,https://doi.org/10.1007/978-1-4471-1488-8_8,134-153,conf/deon/KroghH96,https://dblp.org/rec/conf/deon/KroghH96
DEON,1996,Conference and Workshop Papers,closed,Must I Do What I Ought? (Or Will the Least I Can Do Do?),Paul McNamara,10.1007/978-1-4471-1488-8_9,https://doi.org/10.1007/978-1-4471-1488-8_9,154-173,conf/deon/McNamara96,https://dblp.org/rec/conf/deon/McNamara96
DEON,1996,Conference and Workshop Papers,closed,Defeasible Reasoning with Legal Rules,Lambèr M. M. Royakkers; Frank Dignum,10.1007/978-1-4471-1488-8_10,https://doi.org/10.1007/978-1-4471-1488-8_10,174-193,conf/deon/RoyakkersD96,https://dblp.org/rec/conf/deon/RoyakkersD96
DEON,1996,Conference and Workshop Papers,closed,"Indirect Action, Influence and Responsibility",Filipe Santos; José Carmo,10.1007/978-1-4471-1488-8_11,https://doi.org/10.1007/978-1-4471-1488-8_11,194-215,conf/deon/SantosC96,https://dblp.org/rec/conf/deon/SantosC96
DEON,1996,Conference and Workshop Papers,closed,How to Combine Ordering and Minimizing in a Deontic Logic Based on Preferences,Yao-Hua Tan; Leendert W. N. van der Torre,10.1007/978-1-4471-1488-8_12,https://doi.org/10.1007/978-1-4471-1488-8_12,216-232,conf/deon/TanT96,https://dblp.org/rec/conf/deon/TanT96
DEON,2004,Editorship,,"Deontic Logic in Computer Science, 7th International Workshop on Deontic Logic in Computer Science, DEON 2004, Madeira, Portugal, May 26-28, 2004. Proceedings",Alessio Lomuscio; Donald Nute,10.1007/B98159,https://doi.org/10.1007/b98159,,conf/deon/2004,https://dblp.org/rec/conf/deon/2004
DEON,2004,Conference and Workshop Papers,closed,Combinations of Tense and Deontic Modality,Lennart Åqvist,10.1007/978-3-540-25927-5_3,https://doi.org/10.1007/978-3-540-25927-5_3,3-28,conf/deon/Aqvist04,https://dblp.org/rec/conf/deon/Aqvist04
DEON,2004,Conference and Workshop Papers,closed,Delta: The Social Delegation Cycle,Guido Boella; Leendert W. N. van der Torre,10.1007/978-3-540-25927-5_4,https://doi.org/10.1007/978-3-540-25927-5_4,29-42,conf/deon/BoellaT04,https://dblp.org/rec/conf/deon/BoellaT04
DEON,2004,Conference and Workshop Papers,closed,Designing a Deontic Logic of Deadlines,Jan M. Broersen; Frank Dignum; Virginia Dignum; John-Jules Ch. Meyer,10.1007/978-3-540-25927-5_5,https://doi.org/10.1007/978-3-540-25927-5_5,43-56,conf/deon/BroersenDDM04,https://dblp.org/rec/conf/deon/BroersenDDM04
DEON,2004,Conference and Workshop Papers,closed,"Obligation, Contracts, and Negotiation",Mark A. Brown,10.1007/978-3-540-25927-5_1,https://doi.org/10.1007/978-3-540-25927-5_1,1,conf/deon/Brown04,https://dblp.org/rec/conf/deon/Brown04
DEON,2004,Conference and Workshop Papers,closed,Obligation Change in Dependence Logic and Situation Calculus,Robert Demolombe; Andreas Herzig,10.1007/978-3-540-25927-5_6,https://doi.org/10.1007/978-3-540-25927-5_6,57-73,conf/deon/DemolombeH04,https://dblp.org/rec/conf/deon/DemolombeH04
DEON,2004,Conference and Workshop Papers,closed,A Proposal for Dealing with Deontic Dilemmas,Lou Goble,10.1007/978-3-540-25927-5_7,https://doi.org/10.1007/978-3-540-25927-5_7,74-113,conf/deon/Goble04,https://dblp.org/rec/conf/deon/Goble04
DEON,2004,Conference and Workshop Papers,closed,"Defeasible Logic: Agency, Intention and Obligation",Guido Governatori; Antonino Rotolo,10.1007/978-3-540-25927-5_8,https://doi.org/10.1007/978-3-540-25927-5_8,114-128,conf/deon/GovernatoriR04,https://dblp.org/rec/conf/deon/GovernatoriR04
DEON,2004,Conference and Workshop Papers,closed,Collective Obligations and Agents: Who Gets the Blame?,Davide Grossi; Frank Dignum; Lambèr M. M. Royakkers; John-Jules Ch. Meyer,10.1007/978-3-540-25927-5_9,https://doi.org/10.1007/978-3-540-25927-5_9,129-145,conf/deon/GrossiDRM04,https://dblp.org/rec/conf/deon/GrossiDRM04
DEON,2004,Conference and Workshop Papers,closed,Conflicting Imperatives and Dyadic Deontic Logic,Jörg Hansen,10.1007/978-3-540-25927-5_10,https://doi.org/10.1007/978-3-540-25927-5_10,146-164,conf/deon/Hansen04,https://dblp.org/rec/conf/deon/Hansen04
DEON,2004,Conference and Workshop Papers,closed,On Obligations and Abilities,Wojciech Jamroga; Wiebe van der Hoek; Michael J. Wooldridge,10.1007/978-3-540-25927-5_11,https://doi.org/10.1007/978-3-540-25927-5_11,165-181,conf/deon/JamrogaHW04,https://dblp.org/rec/conf/deon/JamrogaHW04
DEON,2004,Conference and Workshop Papers,closed,On Normative-Informational Positions,Andrew J. I. Jones,10.1007/978-3-540-25927-5_12,https://doi.org/10.1007/978-3-540-25927-5_12,182-190,conf/deon/Jones04,https://dblp.org/rec/conf/deon/Jones04
DEON,2004,Conference and Workshop Papers,closed,Quasi-matrix Deontic Logic,Andrei Kouznetsov,10.1007/978-3-540-25927-5_13,https://doi.org/10.1007/978-3-540-25927-5_13,191-208,conf/deon/Kouznetsov04,https://dblp.org/rec/conf/deon/Kouznetsov04
DEON,2004,Conference and Workshop Papers,closed,Delegation in a Role-Based Organization,Olga Pacheco; Filipe Santos,10.1007/978-3-540-25927-5_14,https://doi.org/10.1007/978-3-540-25927-5_14,209-227,conf/deon/PachecoS04,https://dblp.org/rec/conf/deon/PachecoS04
DEON,2004,Conference and Workshop Papers,closed,Automatic Verification of Deontic Properties of Multi-agent Systems,Franco Raimondi; Alessio Lomuscio,10.1007/978-3-540-25927-5_15,https://doi.org/10.1007/978-3-540-25927-5_15,228-242,conf/deon/RaimondiL04,https://dblp.org/rec/conf/deon/RaimondiL04
DEON,2004,Conference and Workshop Papers,closed,Specifying Multiagent Organizations,Leendert W. N. van der Torre; Joris Hulstijn; Mehdi Dastani; Jan M. Broersen,10.1007/978-3-540-25927-5_16,https://doi.org/10.1007/978-3-540-25927-5_16,243-257,conf/deon/TorreHDB04,https://dblp.org/rec/conf/deon/TorreHDB04
DEON,2004,Conference and Workshop Papers,closed,Social Laws in Alternating Time,Michael J. Wooldridge,10.1007/978-3-540-25927-5_2,https://doi.org/10.1007/978-3-540-25927-5_2,2,conf/deon/Wooldridge04,https://dblp.org/rec/conf/deon/Wooldridge04
DEON,2004,Conference and Workshop Papers,closed,Maintaining Obligations on Stative Expressions in a Deontic Action Logic,Adam Zachary Wyner,10.1007/978-3-540-25927-5_17,https://doi.org/10.1007/978-3-540-25927-5_17,258-274,conf/deon/Wyner04,https://dblp.org/rec/conf/deon/Wyner04
DEON,2006,Editorship,,"Deontic Logic and Artificial Normative Systems, 8th International Workshop on Deontic Logic in Computer Science, DEON 2006, Utrecht, The Netherlands, July 12-14, 2006, Proceedings",Lou Goble; John-Jules Ch. Meyer,10.1007/11786849,https://doi.org/10.1007/11786849,,conf/deon/2006,https://dblp.org/rec/conf/deon/2006
DEON,2006,Conference and Workshop Papers,closed,Addressing Moral Problems Through Practical Reasoning,Katie Atkinson; Trevor J. M. Bench-Capon,10.1007/11786849_4,https://doi.org/10.1007/11786849_4,8-23,conf/deon/AtkinsonB06,https://dblp.org/rec/conf/deon/AtkinsonB06
DEON,2006,Conference and Workshop Papers,closed,A Logical Architecture of a Normative System,Guido Boella; Leendert W. N. van der Torre,10.1007/11786849_5,https://doi.org/10.1007/11786849_5,24-35,conf/deon/BoellaT06,https://dblp.org/rec/conf/deon/BoellaT06
DEON,2006,Conference and Workshop Papers,closed,Delegation of Power in Normative Multiagent Systems,Guido Boella; Leendert W. N. van der Torre,10.1007/11786849_6,https://doi.org/10.1007/11786849_6,36-52,conf/deon/BoellaT06a,https://dblp.org/rec/conf/deon/BoellaT06a
DEON,2006,Conference and Workshop Papers,closed,"Strategic Deontic Temporal Logic as a Reduction to ATL, with an Application to Chisholm&apos;s Scenario",Jan M. Broersen,10.1007/11786849_7,https://doi.org/10.1007/11786849_7,53-68,conf/deon/Broersen06,https://dblp.org/rec/conf/deon/Broersen06
DEON,2006,Conference and Workshop Papers,closed,Acting with an End in Sight,Mark A. Brown,10.1007/11786849_8,https://doi.org/10.1007/11786849_8,69-84,conf/deon/Brown06,https://dblp.org/rec/conf/deon/Brown06
DEON,2006,Conference and Workshop Papers,closed,A State/Event Temporal Deontic Logic,Julien Brunel; Jean-Paul Bodeveix; Mamoun Filali,10.1007/11786849_9,https://doi.org/10.1007/11786849_9,85-100,conf/deon/BrunelBF06,https://dblp.org/rec/conf/deon/BrunelBF06
DEON,2006,Conference and Workshop Papers,closed,"Roles, Counts-as and Deontic and Action Logics",José Carmo,10.1007/11786849_1,https://doi.org/10.1007/11786849_1,1,conf/deon/Carmo06,https://dblp.org/rec/conf/deon/Carmo06
DEON,2006,Conference and Workshop Papers,closed,Speech Acts with Institutional Effects in Agent Societies,Robert Demolombe; Vincent Louis,10.1007/11786849_10,https://doi.org/10.1007/11786849_10,101-114,conf/deon/DemolombeL06,https://dblp.org/rec/conf/deon/DemolombeL06
DEON,2006,Conference and Workshop Papers,closed,Norms and Electronic Institutions,Frank Dignum,10.1007/11786849_2,https://doi.org/10.1007/11786849_2,2-5,conf/deon/Dignum06,https://dblp.org/rec/conf/deon/Dignum06
DEON,2006,Conference and Workshop Papers,closed,Counts-as: Classification or Constitution? An Answer Using Modal Logic,Davide Grossi; John-Jules Ch. Meyer; Frank Dignum,10.1007/11786849_11,https://doi.org/10.1007/11786849_11,115-130,conf/deon/GrossiMD06,https://dblp.org/rec/conf/deon/GrossiMD06
DEON,2006,Conference and Workshop Papers,closed,Don&apos;t Ever Do That! Long-Term Duties in PDeL,Jesse Hughes; Lambèr M. M. Royakkers,10.1007/11786849_12,https://doi.org/10.1007/11786849_12,131-148,conf/deon/HughesR06,https://dblp.org/rec/conf/deon/HughesR06
DEON,2006,Conference and Workshop Papers,closed,On the Normative Aspect of Signalling Conventions,Andrew J. I. Jones; Steven O. Kimbrough,10.1007/11786849_13,https://doi.org/10.1007/11786849_13,149-160,conf/deon/JonesK06,https://dblp.org/rec/conf/deon/JonesK06
DEON,2006,Conference and Workshop Papers,closed,Permissions and Uncontrollable Propositions in DSDL3: Non-monotonicity and Algorithms,Souhila Kaci; Leendert W. N. van der Torre,10.1007/11786849_14,https://doi.org/10.1007/11786849_14,161-174,conf/deon/KaciT06,https://dblp.org/rec/conf/deon/KaciT06
DEON,2006,Conference and Workshop Papers,closed,Conflicting Obligations in Multi-agent Deontic Logic,Barteld P. Kooi; Allard M. Tamminga,10.1007/11786849_15,https://doi.org/10.1007/11786849_15,175-186,conf/deon/KooiT06,https://dblp.org/rec/conf/deon/KooiT06
DEON,2006,Conference and Workshop Papers,closed,Intermediate Concepts in Normative Systems,Lars Lindahl; Jan Odelstad,10.1007/11786849_16,https://doi.org/10.1007/11786849_16,187-200,conf/deon/LindahlO06,https://dblp.org/rec/conf/deon/LindahlO06
DEON,2006,Conference and Workshop Papers,closed,Propositional Quantifiers in Deontic Logic,Gert-Jan C. Lokhorst,10.1007/11786849_17,https://doi.org/10.1007/11786849_17,201-209,conf/deon/Lokhorst06,https://dblp.org/rec/conf/deon/Lokhorst06
DEON,2006,Conference and Workshop Papers,closed,A Complete and Decidable Axiomatisation for Deontic Interpreted Systems,Alessio Lomuscio; Bozena Wozna,10.1007/11786849_20,https://doi.org/10.1007/11786849_20,238-254,conf/deon/LomuscioW06,https://dblp.org/rec/conf/deon/LomuscioW06
DEON,2006,Conference and Workshop Papers,closed,A Question of Trust: Assessing the Fulfillment of Commitments in Terms of Strategies,Thomas Müller,10.1007/11786849_18,https://doi.org/10.1007/11786849_18,210-221,conf/deon/Muller06,https://dblp.org/rec/conf/deon/Muller06
DEON,2006,Conference and Workshop Papers,closed,Emotion Models for Situated Normative Systems?,Paolo Petta,10.1007/11786849_3,https://doi.org/10.1007/11786849_3,6-7,conf/deon/Petta06,https://dblp.org/rec/conf/deon/Petta06
DEON,2006,Conference and Workshop Papers,closed,The Deontic Component of Action Language nC+,Marek J. Sergot; Robert Craven,10.1007/11786849_19,https://doi.org/10.1007/11786849_19,222-237,conf/deon/SergotC06,https://dblp.org/rec/conf/deon/SergotC06
DEON,2006,Conference and Workshop Papers,closed,"Sequences, Obligations, and the Contrary-to-Duty Paradox",Adam Zachary Wyner,10.1007/11786849_21,https://doi.org/10.1007/11786849_21,255-271,conf/deon/Wyner06,https://dblp.org/rec/conf/deon/Wyner06
DEON,2008,Editorship,,"Deontic Logic in Computer Science, 9th International Conference, DEON 2008, Luxembourg, Luxembourg, July 15-18, 2008. Proceedings",Ron van der Meyden; Leendert W. N. van der Torre,10.1007/978-3-540-70525-3,https://doi.org/10.1007/978-3-540-70525-3,,conf/deon/2008,https://dblp.org/rec/conf/deon/2008
DEON,2008,Conference and Workshop Papers,closed,Variations in Access Control Logic,Martín Abadi,10.1007/978-3-540-70525-3_9,https://doi.org/10.1007/978-3-540-70525-3_9,96-109,conf/deon/Abadi08,https://dblp.org/rec/conf/deon/Abadi08
DEON,2008,Conference and Workshop Papers,closed,Information Security Economics - and Beyond,Ross J. Anderson,10.1007/978-3-540-70525-3_5,https://doi.org/10.1007/978-3-540-70525-3_5,49,conf/deon/Anderson08,https://dblp.org/rec/conf/deon/Anderson08
DEON,2008,Conference and Workshop Papers,closed,Norms in Branching Space-Times,Nuel Belnap,10.1007/978-3-540-70525-3_1,https://doi.org/10.1007/978-3-540-70525-3_1,1-2,conf/deon/Belnap08,https://dblp.org/rec/conf/deon/Belnap08
DEON,2008,Conference and Workshop Papers,closed,A Logical Analysis of the Interaction between &apos;Obligation-to-do&apos; and &apos;Knowingly Doing&apos;,Jan M. Broersen,10.1007/978-3-540-70525-3_12,https://doi.org/10.1007/978-3-540-70525-3_12,140-154,conf/deon/Broersen08,https://dblp.org/rec/conf/deon/Broersen08
DEON,2008,Conference and Workshop Papers,closed,A Deontic Logic for Socially Optimal Norms,Jan M. Broersen; Rosja Mastop; John-Jules Ch. Meyer; Paolo Turrini,10.1007/978-3-540-70525-3_17,https://doi.org/10.1007/978-3-540-70525-3_17,218-232,conf/deon/BroersenMMT08,https://dblp.org/rec/conf/deon/BroersenMMT08
DEON,2008,Conference and Workshop Papers,closed,"Acting, Events and Actions",Mark A. Brown,10.1007/978-3-540-70525-3_3,https://doi.org/10.1007/978-3-540-70525-3_3,19-33,conf/deon/Brown08,https://dblp.org/rec/conf/deon/Brown08
DEON,2008,Conference and Workshop Papers,closed,A Tableaux System for Deontic Action Logic,Pablo F. Castro; T. S. E. Maibaum,10.1007/978-3-540-70525-3_4,https://doi.org/10.1007/978-3-540-70525-3_4,34-48,conf/deon/CastroM08,https://dblp.org/rec/conf/deon/CastroM08
DEON,2008,Conference and Workshop Papers,closed,Specifying Intrusion Detection and Reaction Policies: An Application of Deontic Logic,Nora Cuppens-Boulahia; Frédéric Cuppens,10.1007/978-3-540-70525-3_7,https://doi.org/10.1007/978-3-540-70525-3_7,65-80,conf/deon/Cuppens-BoulahiaC08,https://dblp.org/rec/conf/deon/Cuppens-BoulahiaC08
DEON,2008,Conference and Workshop Papers,closed,Introducing Grades in Deontic Logics,Pilar Dellunde; Lluís Godo,10.1007/978-3-540-70525-3_19,https://doi.org/10.1007/978-3-540-70525-3_19,248-262,conf/deon/DellundeG08,https://dblp.org/rec/conf/deon/DellundeG08
DEON,2008,Conference and Workshop Papers,closed,Reasoning about Conditions and Exceptions to Laws in Regulatory Conformance Checking,Nikhil Dinesh; Aravind K. Joshi; Insup Lee; Oleg Sokolsky,10.1007/978-3-540-70525-3_10,https://doi.org/10.1007/978-3-540-70525-3_10,110-124,conf/deon/DineshJLS08,https://dblp.org/rec/conf/deon/DineshJLS08
DEON,2008,Conference and Workshop Papers,closed,Reactive Kripke Models and Contrary to Duty Obligations,Dov M. Gabbay,10.1007/978-3-540-70525-3_13,https://doi.org/10.1007/978-3-540-70525-3_13,155-173,conf/deon/Gabbay08,https://dblp.org/rec/conf/deon/Gabbay08
DEON,2008,Conference and Workshop Papers,closed,Changing Legal Systems: Abrogation and Annulment Part I: Revision of Defeasible Theories,Guido Governatori; Antonino Rotolo,10.1007/978-3-540-70525-3_2,https://doi.org/10.1007/978-3-540-70525-3_2,3-18,conf/deon/GovernatoriR08,https://dblp.org/rec/conf/deon/GovernatoriR08
DEON,2008,Conference and Workshop Papers,closed,Pushing Anderson&apos;s Envelope: The Modal Logic of Ascription,Davide Grossi,10.1007/978-3-540-70525-3_20,https://doi.org/10.1007/978-3-540-70525-3_20,263-277,conf/deon/Grossi08,https://dblp.org/rec/conf/deon/Grossi08
DEON,2008,Conference and Workshop Papers,closed,Need to Know: Questions and the Paradox of Epistemic Obligation,Joris Hulstijn,10.1007/978-3-540-70525-3_11,https://doi.org/10.1007/978-3-540-70525-3_11,125-139,conf/deon/Hulstijn08,https://dblp.org/rec/conf/deon/Hulstijn08
DEON,2008,Conference and Workshop Papers,closed,Delegation of Control in Administrative Procedures,Joris Hulstijn; Jianwei Liu; Yao-Hua Tan,10.1007/978-3-540-70525-3_8,https://doi.org/10.1007/978-3-540-70525-3_8,81-95,conf/deon/HulstijnLT08,https://dblp.org/rec/conf/deon/HulstijnLT08
DEON,2008,Conference and Workshop Papers,closed,Strata of Intervenient Concepts in Normative Systems,Lars Lindahl; Jan Odelstad,10.1007/978-3-540-70525-3_16,https://doi.org/10.1007/978-3-540-70525-3_16,203-217,conf/deon/LindahlO08,https://dblp.org/rec/conf/deon/LindahlO08
DEON,2008,Conference and Workshop Papers,closed,Trust and Norms in the Context of Computer Security: A Logical Formalization,Emiliano Lorini; Robert Demolombe,10.1007/978-3-540-70525-3_6,https://doi.org/10.1007/978-3-540-70525-3_6,50-64,conf/deon/LoriniD08,https://dblp.org/rec/conf/deon/LoriniD08
DEON,2008,Conference and Workshop Papers,closed,"Praise, Blame, Obligation, and Beyond: Toward a Framework for Classical Supererogation and Kin",Paul McNamara,10.1007/978-3-540-70525-3_18,https://doi.org/10.1007/978-3-540-70525-3_18,233-247,conf/deon/McNamara08,https://dblp.org/rec/conf/deon/McNamara08
DEON,2008,Conference and Workshop Papers,closed,On the Strong Completeness of Åqvist&apos;s Dyadic Deontic Logic G,Xavier Parent,10.1007/978-3-540-70525-3_15,https://doi.org/10.1007/978-3-540-70525-3_15,189-202,conf/deon/Parent08,https://dblp.org/rec/conf/deon/Parent08
DEON,2008,Conference and Workshop Papers,closed,Normative Consequence: The Problem of Keeping It Whilst Giving It up,Audun Stolpe,10.1007/978-3-540-70525-3_14,https://doi.org/10.1007/978-3-540-70525-3_14,174-188,conf/deon/Stolpe08,https://dblp.org/rec/conf/deon/Stolpe08
DEON,2010,Editorship,,"Deontic Logic in Computer Science, 10th International Conference, DEON 2010, Fiesole, Italy, July 7-9, 2010. Proceedings",Guido Governatori; Giovanni Sartor,10.1007/978-3-642-14183-6,https://doi.org/10.1007/978-3-642-14183-6,,conf/deon/2010,https://dblp.org/rec/conf/deon/2010
DEON,2010,Conference and Workshop Papers,closed,Obligations and Prohibitions in Talmudic Deontic Logic,Michael Abraham; Dov M. Gabbay; Uri J. Schild,10.1007/978-3-642-14183-6_13,https://doi.org/10.1007/978-3-642-14183-6_13,166-178,conf/deon/AbrahamGS10,https://dblp.org/rec/conf/deon/AbrahamGS10
DEON,2010,Conference and Workshop Papers,closed,Privacy Policies with Modal Logic: The Dynamic Turn,Guillaume Aucher; Guido Boella; Leendert W. N. van der Torre,10.1007/978-3-642-14183-6_15,https://doi.org/10.1007/978-3-642-14183-6_15,196-213,conf/deon/AucherBT10,https://dblp.org/rec/conf/deon/AucherBT10
DEON,2010,Conference and Workshop Papers,closed,Deontics = Betterness + Priority,Johan van Benthem; Davide Grossi; Fenrong Liu,10.1007/978-3-642-14183-6_6,https://doi.org/10.1007/978-3-642-14183-6_6,50-65,conf/deon/BenthemGL10,https://dblp.org/rec/conf/deon/BenthemGL10
DEON,2010,Conference and Workshop Papers,closed,Value-Based Argumentation for Justifying Compliance,Brigitte Burgemeestre; Joris Hulstijn; Yao-Hua Tan,10.1007/978-3-642-14183-6_16,https://doi.org/10.1007/978-3-642-14183-6_16,214-228,conf/deon/BurgemeestreHT10,https://dblp.org/rec/conf/deon/BurgemeestreHT10
DEON,2010,Conference and Workshop Papers,closed,From Norm Adoption to Norm Internalization,Rosaria Conte; Giulia Andrighetto; Daniel Villatoro,10.1007/978-3-642-14183-6_1,https://doi.org/10.1007/978-3-642-14183-6_1,1,conf/deon/ConteAV10,https://dblp.org/rec/conf/deon/ConteAV10
DEON,2010,Conference and Workshop Papers,closed,"Relationships between Actions Performed by Institutional Agents, Human Agents or Software Agents",Robert Demolombe,10.1007/978-3-642-14183-6_19,https://doi.org/10.1007/978-3-642-14183-6_19,259-273,conf/deon/Demolombe10,https://dblp.org/rec/conf/deon/Demolombe10
DEON,2010,Conference and Workshop Papers,closed,A Logical Model of Private International Law,Phan Minh Dung; Giovanni Sartor,10.1007/978-3-642-14183-6_17,https://doi.org/10.1007/978-3-642-14183-6_17,229-246,conf/deon/DungS10,https://dblp.org/rec/conf/deon/DungS10
DEON,2010,Conference and Workshop Papers,closed,Introducing Exclusion Logic as a Deontic Logic,Richard Evans,10.1007/978-3-642-14183-6_14,https://doi.org/10.1007/978-3-642-14183-6_14,179-195,conf/deon/Evans10,https://dblp.org/rec/conf/deon/Evans10
DEON,2010,Conference and Workshop Papers,closed,Axioms for Obligation and Robustness with Temporal Logic,Tim French; John Christopher McCabe-Dansted; Mark Reynolds,10.1007/978-3-642-14183-6_7,https://doi.org/10.1007/978-3-642-14183-6_7,66-83,conf/deon/FrenchMR10,https://dblp.org/rec/conf/deon/FrenchMR10
DEON,2010,Conference and Workshop Papers,closed,Where Did Mally Go Wrong?,Gert-Jan C. Lokhorst,10.1007/978-3-642-14183-6_18,https://doi.org/10.1007/978-3-642-14183-6_18,247-258,conf/deon/Lokhorst10,https://dblp.org/rec/conf/deon/Lokhorst10
DEON,2010,Conference and Workshop Papers,closed,A Logical Analysis of Commitment Dynamics,Emiliano Lorini,10.1007/978-3-642-14183-6_21,https://doi.org/10.1007/978-3-642-14183-6_21,288-305,conf/deon/Lorini10,https://dblp.org/rec/conf/deon/Lorini10
DEON,2010,Conference and Workshop Papers,closed,Characterising Responsibility in Organisational Structures: The Problem of Many Hands,Rosja Mastop,10.1007/978-3-642-14183-6_20,https://doi.org/10.1007/978-3-642-14183-6_20,274-287,conf/deon/Mastop10,https://dblp.org/rec/conf/deon/Mastop10
DEON,2010,Conference and Workshop Papers,closed,Avoiding Deontic Explosion by Contextually Restricting Aggregation,Joke Meheus; Mathieu Beirlaen; Frederik Van De Putte,10.1007/978-3-642-14183-6_12,https://doi.org/10.1007/978-3-642-14183-6_12,148-165,conf/deon/MeheusBP10,https://dblp.org/rec/conf/deon/MeheusBP10
DEON,2010,Conference and Workshop Papers,closed,Moral Particularism and Deontic Logic,Xavier Parent,10.1007/978-3-642-14183-6_8,https://doi.org/10.1007/978-3-642-14183-6_8,84-97,conf/deon/Parent10,https://dblp.org/rec/conf/deon/Parent10
DEON,2010,Conference and Workshop Papers,closed,A Dyadic Operator for the Gradation of Desirability,Guillaume Piolle,10.1007/978-3-642-14183-6_5,https://doi.org/10.1007/978-3-642-14183-6_5,33-49,conf/deon/Piolle10,https://dblp.org/rec/conf/deon/Piolle10
DEON,2010,Conference and Workshop Papers,closed,Retroactive Legal Changes and Revision Theory in Defeasible Logic,Antonino Rotolo,10.1007/978-3-642-14183-6_10,https://doi.org/10.1007/978-3-642-14183-6_10,116-131,conf/deon/Rotolo10,https://dblp.org/rec/conf/deon/Rotolo10
DEON,2010,Conference and Workshop Papers,closed,"Norms, Action and Agency in Multi-agent Systems",Marek J. Sergot,10.1007/978-3-642-14183-6_2,https://doi.org/10.1007/978-3-642-14183-6_2,2,conf/deon/Sergot10,https://dblp.org/rec/conf/deon/Sergot10
DEON,2010,Conference and Workshop Papers,closed,"Relevance, Derogation and Permission",Audun Stolpe,10.1007/978-3-642-14183-6_9,https://doi.org/10.1007/978-3-642-14183-6_9,98-115,conf/deon/Stolpe10,https://dblp.org/rec/conf/deon/Stolpe10
DEON,2010,Conference and Workshop Papers,closed,Towards a Logical Analysis of the Judgment on Facts,Michele Taruffo,10.1007/978-3-642-14183-6_3,https://doi.org/10.1007/978-3-642-14183-6_3,3-10,conf/deon/Taruffo10,https://dblp.org/rec/conf/deon/Taruffo10
DEON,2010,Conference and Workshop Papers,closed,Deontic Redundancy: A Fundamental Challenge for Deontic Logic,Leendert W. N. van der Torre,10.1007/978-3-642-14183-6_4,https://doi.org/10.1007/978-3-642-14183-6_4,11-32,conf/deon/Torre10,https://dblp.org/rec/conf/deon/Torre10
DEON,2010,Conference and Workshop Papers,closed,Towards Metalogical Systematisation of Deontic Action Logics Based on Boolean Algebra,Robert Trypuz; Piotr Kulicki,10.1007/978-3-642-14183-6_11,https://doi.org/10.1007/978-3-642-14183-6_11,132-147,conf/deon/TrypuzK10,https://dblp.org/rec/conf/deon/TrypuzK10
DEON,2010,Conference and Workshop Papers,closed,Forbidding Undesirable Agreements: A Dependence-Based Approach to the Regulation of Multi-agent Systems,Paolo Turrini; Davide Grossi; Jan M. Broersen; John-Jules Ch. Meyer,10.1007/978-3-642-14183-6_22,https://doi.org/10.1007/978-3-642-14183-6_22,306-322,conf/deon/TurriniGBM10,https://dblp.org/rec/conf/deon/TurriniGBM10
DEON,2012,Editorship,,"Deontic Logic in Computer Science - 11th International Conference, DEON 2012, Bergen, Norway, July 16-18, 2012. Proceedings",Thomas Ågotnes; Jan M. Broersen; Dag Elgesem,10.1007/978-3-642-31570-1,https://doi.org/10.1007/978-3-642-31570-1,,conf/deon/2012,https://dblp.org/rec/conf/deon/2012
DEON,2012,Conference and Workshop Papers,closed,Discussion Paper: Changing Norms Is Changing Obligation Change,Jan M. Broersen; Dov M. Gabbay; Leendert W. N. van der Torre,10.1007/978-3-642-31570-1_14,https://doi.org/10.1007/978-3-642-31570-1_14,199-214,conf/deon/BroersenGT12,https://dblp.org/rec/conf/deon/BroersenGT12
DEON,2012,Conference and Workshop Papers,closed,Causality in the Context of Multiple Agents,Robert Demolombe,10.1007/978-3-642-31570-1_1,https://doi.org/10.1007/978-3-642-31570-1_1,1-15,conf/deon/Demolombe12,https://dblp.org/rec/conf/deon/Demolombe12
DEON,2012,Conference and Workshop Papers,closed,Temporal Deontic Logic for the Generalised Chisholm Set of Contrary to Duty Obligations,Dov M. Gabbay,10.1007/978-3-642-31570-1_7,https://doi.org/10.1007/978-3-642-31570-1_7,91-107,conf/deon/Gabbay12,https://dblp.org/rec/conf/deon/Gabbay12
DEON,2012,Conference and Workshop Papers,closed,An Embedding of Input-Output Logic in Deontic Logic Programs,Ricardo Gonçalves; José Júlio Alferes,10.1007/978-3-642-31570-1_5,https://doi.org/10.1007/978-3-642-31570-1_5,61-75,conf/deon/GoncalvesA12,https://dblp.org/rec/conf/deon/GoncalvesA12
DEON,2012,Conference and Workshop Papers,closed,Possible World Semantics for Defeasible Deontic Logic,Guido Governatori; Antonino Rotolo; Erica Calardo,10.1007/978-3-642-31570-1_4,https://doi.org/10.1007/978-3-642-31570-1_4,46-60,conf/deon/GovernatoriRC12,https://dblp.org/rec/conf/deon/GovernatoriRC12
DEON,2012,Conference and Workshop Papers,closed,"A Computationally Grounded Dynamic Logic of Agency, with an Application to Legal Actions",Andreas Herzig; Tiago de Lima; Emiliano Lorini; Nicolas Troquard,10.1007/978-3-642-31570-1_12,https://doi.org/10.1007/978-3-642-31570-1_12,170-183,conf/deon/HerzigLLT12,https://dblp.org/rec/conf/deon/HerzigLLT12
DEON,2012,Conference and Workshop Papers,closed,Sanction Semantics and Contrary-to-Duty Obligations,Louwe B. Kuijer,10.1007/978-3-642-31570-1_6,https://doi.org/10.1007/978-3-642-31570-1_6,76-90,conf/deon/Kuijer12,https://dblp.org/rec/conf/deon/Kuijer12
DEON,2012,Conference and Workshop Papers,closed,A Deontic Action Logic with Sequential Composition of Actions,Piotr Kulicki; Robert Trypuz,10.1007/978-3-642-31570-1_13,https://doi.org/10.1007/978-3-642-31570-1_13,184-198,conf/deon/KulickiT12,https://dblp.org/rec/conf/deon/KulickiT12
DEON,2012,Conference and Workshop Papers,closed,On the Logical Foundations of Moral Agency,Emiliano Lorini,10.1007/978-3-642-31570-1_8,https://doi.org/10.1007/978-3-642-31570-1_8,108-122,conf/deon/Lorini12,https://dblp.org/rec/conf/deon/Lorini12
DEON,2012,Conference and Workshop Papers,closed,Norms and Learning in Probabilistic Logic-Based Agents,Régis Riveret; Antonino Rotolo; Giovanni Sartor,10.1007/978-3-642-31570-1_9,https://doi.org/10.1007/978-3-642-31570-1_9,123-138,conf/deon/RiveretRS12,https://dblp.org/rec/conf/deon/RiveretRS12
DEON,2012,Conference and Workshop Papers,closed,The Logic of Obligation as Weakest Permission - (Short Version),Olivier Roy; Albert J. J. Anglberger; Norbert Gratzl,10.1007/978-3-642-31570-1_10,https://doi.org/10.1007/978-3-642-31570-1_10,139-150,conf/deon/RoyAG12,https://dblp.org/rec/conf/deon/RoyAG12
DEON,2012,Conference and Workshop Papers,closed,An Andersonian Deontic Logic with Contextualized Sanctions,Christian Straßer; Mathieu Beirlaen,10.1007/978-3-642-31570-1_11,https://doi.org/10.1007/978-3-642-31570-1_11,151-169,conf/deon/StrasserB12,https://dblp.org/rec/conf/deon/StrasserB12
DEON,2012,Conference and Workshop Papers,closed,Visualizing Normative Systems: An Abstract Approach,Silvano Colombo Tosatto; Guido Boella; Leendert W. N. van der Torre; Serena Villata,10.1007/978-3-642-31570-1_2,https://doi.org/10.1007/978-3-642-31570-1_2,16-30,conf/deon/TosattoBTV12,https://dblp.org/rec/conf/deon/TosattoBTV12
DEON,2012,Conference and Workshop Papers,closed,Agreements as Norms,Paolo Turrini,10.1007/978-3-642-31570-1_3,https://doi.org/10.1007/978-3-642-31570-1_3,31-45,conf/deon/Turrini12,https://dblp.org/rec/conf/deon/Turrini12
DEON,2014,Editorship,,"Deontic Logic and Normative Systems - 12th International Conference, DEON 2014, Ghent, Belgium, July 12-15, 2014. Proceedings",Fabrizio Cariani; Davide Grossi; Joke Meheus; Xavier Parent,10.1007/978-3-319-08615-6,https://doi.org/10.1007/978-3-319-08615-6,,conf/deon/2014,https://dblp.org/rec/conf/deon/2014
DEON,2014,Conference and Workshop Papers,closed,Open Reading without Free Choice,Albert J. J. Anglberger; Huimin Dong; Olivier Roy,10.1007/978-3-319-08615-6_3,https://doi.org/10.1007/978-3-319-08615-6_3,19-32,conf/deon/AnglbergerDR14,https://dblp.org/rec/conf/deon/AnglbergerDR14
DEON,2014,Conference and Workshop Papers,closed,"&apos;Must&apos;, &apos;Ought&apos; and the Structure of Standards",Gunnar Björnsson; Robert Shanklin,10.1007/978-3-319-08615-6_4,https://doi.org/10.1007/978-3-319-08615-6_4,33-48,conf/deon/BjornssonS14,https://dblp.org/rec/conf/deon/BjornssonS14
DEON,2014,Conference and Workshop Papers,closed,A Preference-Based Semantics for CTD Reasoning,Erica Calardo; Guido Governatori; Antonino Rotolo,10.1007/978-3-319-08615-6_5,https://doi.org/10.1007/978-3-319-08615-6_5,49-64,conf/deon/CalardoGR14,https://dblp.org/rec/conf/deon/CalardoGR14
DEON,2014,Conference and Workshop Papers,closed,Chisholm&apos;s Paradox and Conditional Oughts,Catharine Saint Croix; Richmond H. Thomason,10.1007/978-3-319-08615-6_15,https://doi.org/10.1007/978-3-319-08615-6_15,192-207,conf/deon/CroixT14,https://dblp.org/rec/conf/deon/CroixT14
DEON,2014,Conference and Workshop Papers,closed,Denial of Responsibility and Normative Negation,Federico L. G. Faroldi,10.1007/978-3-319-08615-6_7,https://doi.org/10.1007/978-3-319-08615-6_7,81-94,conf/deon/Faroldi14,https://dblp.org/rec/conf/deon/Faroldi14
DEON,2014,Conference and Workshop Papers,closed,Factoring Disjunction Out of Deontic Modal Puzzles,Melissa Fusco,10.1007/978-3-319-08615-6_8,https://doi.org/10.1007/978-3-319-08615-6_8,95-107,conf/deon/Fusco14,https://dblp.org/rec/conf/deon/Fusco14
DEON,2014,Conference and Workshop Papers,closed,Toward a Linguistic Interpretation of Deontic Paradoxes - Beth-Reichenbach Semantics Approach for a New Analysis of the Miners Scenario,Dov M. Gabbay; Livio Robaldo; Xin Sun; Leendert W. N. van der Torre; Zohreh Baniasadi,10.1007/978-3-319-08615-6_9,https://doi.org/10.1007/978-3-319-08615-6_9,108-123,conf/deon/GabbayRSTB14,https://dblp.org/rec/conf/deon/GabbayRSTB14
DEON,2014,Conference and Workshop Papers,closed,Deontic Diversity,Sven Ove Hansson,10.1007/978-3-319-08615-6_2,https://doi.org/10.1007/978-3-319-08615-6_2,5-18,conf/deon/Hansson14,https://dblp.org/rec/conf/deon/Hansson14
DEON,2014,Conference and Workshop Papers,closed,Ingmar Pörn - In Memoriam,Andrew J. I. Jones,10.1007/978-3-319-08615-6_1,https://doi.org/10.1007/978-3-319-08615-6_1,1-4,conf/deon/Jones14,https://dblp.org/rec/conf/deon/Jones14
DEON,2014,Conference and Workshop Papers,closed,For a Dynamic Semantics of Necessity Deontic Modals,Alessandra Marra,10.1007/978-3-319-08615-6_10,https://doi.org/10.1007/978-3-319-08615-6_10,124-138,conf/deon/Marra14,https://dblp.org/rec/conf/deon/Marra14
DEON,2014,Conference and Workshop Papers,closed,Proof Analysis in Deontic Logics,Eugenio Orlandelli,10.1007/978-3-319-08615-6_11,https://doi.org/10.1007/978-3-319-08615-6_11,139-148,conf/deon/Orlandelli14,https://dblp.org/rec/conf/deon/Orlandelli14
DEON,2014,Conference and Workshop Papers,closed,&quot;Sing and Dance!&quot; - Input/Output Logics without Weakening,Xavier Parent; Leendert W. N. van der Torre,10.1007/978-3-319-08615-6_12,https://doi.org/10.1007/978-3-319-08615-6_12,149-165,conf/deon/ParentT14,https://dblp.org/rec/conf/deon/ParentT14
DEON,2014,Conference and Workshop Papers,closed,The Logical Structure of Scanlon&apos;s Contractualism,Martin Rechenauer; Olivier Roy,10.1007/978-3-319-08615-6_13,https://doi.org/10.1007/978-3-319-08615-6_13,166-176,conf/deon/RechenauerR14,https://dblp.org/rec/conf/deon/RechenauerR14
DEON,2014,Conference and Workshop Papers,closed,Self-governance by Transfiguration: From Learning to Prescriptions,Régis Riveret; Alexander Artikis; Dídac Busquets; Jeremy Pitt,10.1007/978-3-319-08615-6_14,https://doi.org/10.1007/978-3-319-08615-6_14,177-191,conf/deon/RiveretABP14,https://dblp.org/rec/conf/deon/RiveretABP14
DEON,2014,Conference and Workshop Papers,closed,Deontic Reasoning Across Contexts,Justin Snedegar,10.1007/978-3-319-08615-6_16,https://doi.org/10.1007/978-3-319-08615-6_16,208-223,conf/deon/Snedegar14,https://dblp.org/rec/conf/deon/Snedegar14
DEON,2014,Conference and Workshop Papers,closed,Sequent-Based Argumentation for Normative Reasoning,Christian Straßer; Ofer Arieli,10.1007/978-3-319-08615-6_17,https://doi.org/10.1007/978-3-319-08615-6_17,224-240,conf/deon/StrasserA14,https://dblp.org/rec/conf/deon/StrasserA14
DEON,2014,Conference and Workshop Papers,closed,Combining Constitutive and Regulative Norms in Input/Output Logic,Xin Sun; Leendert W. N. van der Torre,10.1007/978-3-319-08615-6_18,https://doi.org/10.1007/978-3-319-08615-6_18,241-257,conf/deon/SunT14,https://dblp.org/rec/conf/deon/SunT14
DEON,2014,Conference and Workshop Papers,closed,Detecting Deontic Conflicts in Dynamic Settings,Silvano Colombo Tosatto; Guido Governatori; Pierre Kelsen,10.1007/978-3-319-08615-6_6,https://doi.org/10.1007/978-3-319-08615-6_6,65-80,conf/deon/TosattoGK14,https://dblp.org/rec/conf/deon/TosattoGK14
DEON,2014,Conference and Workshop Papers,closed,A Deontic Logic of Actions and States,Robert Trypuz; Piotr Kulicki,10.1007/978-3-319-08615-6_19,https://doi.org/10.1007/978-3-319-08615-6_19,258-272,conf/deon/TrypuzK14,https://dblp.org/rec/conf/deon/TrypuzK14
DEON,2016,Editorship,,"Deontic Logic and Normative Systems - 13th International Conference, DEON 2016, Bayreuth, Germany, July 18-21, 2018",Olivier Roy; Allard M. Tamminga; Malte Willer,,http://www.collegepublications.co.uk/DEON/?00001,,conf/deon/2016,https://dblp.org/rec/conf/deon/2016
DEON,2016,Conference and Workshop Papers,unavailable,Cumulative aggregation,Diego Agustín Ambrossio; Xavier Parent; Leendert W. N. van der Torre,,,1-15,conf/deon/AmbrossioPT16,https://dblp.org/rec/conf/deon/AmbrossioPT16
DEON,2016,Conference and Workshop Papers,unavailable,An Exact Truthmaker Semantics for Permission and Obligation,Albert J. J. Anglberger; Federico L. G. Faroldi; Johannes Korbmacher,,,16-31,conf/deon/AnglbergerFK16,https://dblp.org/rec/conf/deon/AnglbergerFK16
DEON,2016,Conference and Workshop Papers,unavailable,A Structured Argumentation Framework for Detaching Conditional Obligations,Mathieu Beirlaen; Christian Straßer,,,32-48,conf/deon/BeirlaenS16,https://dblp.org/rec/conf/deon/BeirlaenS16
DEON,2016,Conference and Workshop Papers,unavailable,Deontic Logic as a Study of Conditions of Rationality in Norm-related Activities,Zarnic Berislav,,,272-287,conf/deon/Berislav16,https://dblp.org/rec/conf/deon/Berislav16
DEON,2016,Conference and Workshop Papers,unavailable,Argumentation Frameworks with Justified Attacks,Sjur Kristoffer Dyrkolbotn; Truls Pedersen,,,49-64,conf/deon/DyrkolbotnP16,https://dblp.org/rec/conf/deon/DyrkolbotnP16
DEON,2016,Conference and Workshop Papers,unavailable,"Arguments, Responsibilities and Moral Dilemmas in Abductive Default Logic",Sjur Kristoffer Dyrkolbotn; Truls Pedersen; Jan M. Broersen,,,65-79,conf/deon/DyrkolbotnPB16,https://dblp.org/rec/conf/deon/DyrkolbotnPB16
DEON,2016,Conference and Workshop Papers,unavailable,Basic Action Deontic Logic,Alessandro Giordani; Ilaria Canavotto,,,80-92,conf/deon/GiordaniC16,https://dblp.org/rec/conf/deon/GiordaniC16
DEON,2016,Conference and Workshop Papers,unavailable,Sequence Semantics for Norms and Obligations,Guido Governatori; Francesco Olivieri; Erica Calardo; Antonino Rotolo,,,93-108,conf/deon/GovernatoriOCR16,https://dblp.org/rec/conf/deon/GovernatoriOCR16
DEON,2016,Conference and Workshop Papers,unavailable,To Do Something Else,Fengkui Ju; Jan van Eijck,,,109-122,conf/deon/JuE16,https://dblp.org/rec/conf/deon/JuE16
DEON,2016,Conference and Workshop Papers,unavailable,Multivalued Logics for Conflicting Norms,Piotr Kulicki; Robert Trypuz,,,123-138,conf/deon/KulickiT16,https://dblp.org/rec/conf/deon/KulickiT16
DEON,2016,Conference and Workshop Papers,unavailable,Prioritized Norms and Defaults in Formal Argumentation,Beishui Liao; Nir Oren; Leendert W. N. van der Torre; Serena Villata,,,139-154,conf/deon/LiaoOTV16,https://dblp.org/rec/conf/deon/LiaoOTV16
DEON,2016,Conference and Workshop Papers,unavailable,Reasons to Believe in a Social Environment,Fenrong Liu; Emiliano Lorini,,,155-170,conf/deon/LiuL16,https://dblp.org/rec/conf/deon/LiuL16
DEON,2016,Conference and Workshop Papers,unavailable,Objective Oughts and a Puzzle about Futurity,Alessandra Marra,,,171-186,conf/deon/Marra16,https://dblp.org/rec/conf/deon/Marra16
DEON,2016,Conference and Workshop Papers,unavailable,Rights in Default Logic,Robert Mullins,,,187-202,conf/deon/Mullins16,https://dblp.org/rec/conf/deon/Mullins16
DEON,2016,Conference and Workshop Papers,unavailable,Logical Inference and Its Dynamics,Carlotta Pavese,,,203-219,conf/deon/Pavese16,https://dblp.org/rec/conf/deon/Pavese16
DEON,2016,Conference and Workshop Papers,unavailable,Conditional Normative Reasoning with Substructural Logics,Clayton Peterson; Piotr Kulicki,,,220-236,conf/deon/PetersonK16,https://dblp.org/rec/conf/deon/PetersonK16
DEON,2016,Conference and Workshop Papers,unavailable,Coarse Deontic Logic (short version),Frederik Van De Putte,,,256-271,conf/deon/Putte16,https://dblp.org/rec/conf/deon/Putte16
DEON,2016,Conference and Workshop Papers,unavailable,Update Semantics for Weak Necessity Modals,Alex Silk,,,237-255,conf/deon/Silk16,https://dblp.org/rec/conf/deon/Silk16
DEON,2018,Conference and Workshop Papers,unavailable,A Formalization of Kant&apos;s Second Formulation of the Categorical Imperative,Felix Lindner; Martin Mose Bentzen,,,211-225,conf/deon/0001B18,https://dblp.org/rec/conf/deon/0001B18
DEON,2018,Editorship,,"Deontic Logic and Normative Systems - 14th International Conference, DEON 2018, Utrecht, The Netherlands, July 3-6, 2018",Jan M. Broersen; Cleo Condoravdi; Nair Shyam; Gabriella Pigozzi,,http://www.collegepublications.co.uk/DEON/?00002,,conf/deon/2018,https://dblp.org/rec/conf/deon/2018
DEON,2018,Conference and Workshop Papers,unavailable,Reasoning about Conditions in STIT Logic,Matthias Armgardt; Emiliano Lorini; Giovanni Sartor,,,15-32,conf/deon/ArmgardtLS18,https://dblp.org/rec/conf/deon/ArmgardtLS18
DEON,2018,Conference and Workshop Papers,unavailable,A Dyadic Deontic Logic in HOL,Christoph Benzmüller; Ali Farjami; Xavier Parent,,,33-49,conf/deon/BenzmullerFP18,https://dblp.org/rec/conf/deon/BenzmullerFP18
DEON,2018,Conference and Workshop Papers,unavailable,Knowledge and Subjective Oughts in STIT Logic,Jan M. Broersen; Aldo Iván Ramírez Abarca,,,51-69,conf/deon/BroersenA18,https://dblp.org/rec/conf/deon/BroersenA18
DEON,2018,Conference and Workshop Papers,unavailable,Normative Conflicts in a Dynamic Logic of Norms and Codes,Ilaria Canavotto; Alessandro Giordani,,,71-89,conf/deon/CanavottoG18,https://dblp.org/rec/conf/deon/CanavottoG18
DEON,2018,Conference and Workshop Papers,unavailable,Resolving Conflicting Obligations in M={I}M={A}S={A}: a Sequent-based Approach,Agata Ciabattoni; Francesca Gulisano; Björn Lellmann,,,91-109,conf/deon/CiabattoniGL18,https://dblp.org/rec/conf/deon/CiabattoniGL18
DEON,2018,Conference and Workshop Papers,unavailable,A Look at Chisholm&apos;s Ethics of Requirement,Marian J. R. Gilton,,,111-120,conf/deon/Gilton18,https://dblp.org/rec/conf/deon/Gilton18
DEON,2018,Conference and Workshop Papers,unavailable,Ability and Responsibility in General Action Logic,Alessandro Giordani,,,121-138,conf/deon/Giordani18,https://dblp.org/rec/conf/deon/Giordani18
DEON,2018,Conference and Workshop Papers,unavailable,Dialogues on Moral Theories,Guido Governatori; Francesco Olivieri; Régis Riveret; Antonino Rotolo; Serena Villata,,,139-155,conf/deon/GovernatoriORRV18,https://dblp.org/rec/conf/deon/GovernatoriORRV18
DEON,2018,Conference and Workshop Papers,unavailable,S5 as a Deontic Logic,Fengkui Ju,,,177-192,conf/deon/Ju18,https://dblp.org/rec/conf/deon/Ju18
DEON,2018,Conference and Workshop Papers,unavailable,Epistemic Oughts in STIT Semantics (Abbreviated Version),John F. Horty,,,157-175,conf/deon/KulickiT18,https://dblp.org/rec/conf/deon/KulickiT18
DEON,2018,Conference and Workshop Papers,unavailable,Towards a Formal Ethics for Autonomous Cars,Piotr Kulicki; Robert Trypuz; Michael P. Musielewicz,,,193-209,conf/deon/KulickiTM18,https://dblp.org/rec/conf/deon/KulickiTM18
DEON,2018,Conference and Workshop Papers,unavailable,You Must! Maybe You Won&apos;t,Matthew Mandelkern,,,227-245,conf/deon/Mandelkern18,https://dblp.org/rec/conf/deon/Mandelkern18
DEON,2018,Conference and Workshop Papers,unavailable,Contraction of Combined Normative Sets,Juliano Maranhão; Edelcio Gonçalves de Souza,,,247-261,conf/deon/MaranhaoS18,https://dblp.org/rec/conf/deon/MaranhaoS18
DEON,2018,Conference and Workshop Papers,unavailable,I/O Logics with a Consistency Check,Xavier Parent; Leendert W. N. van der Torre,,,285-299,conf/deon/ParentT18,https://dblp.org/rec/conf/deon/ParentT18
DEON,2018,Conference and Workshop Papers,unavailable,A Logic for Reasoning about Group Norms,Daniele Porello,,,301-315,conf/deon/Porello18,https://dblp.org/rec/conf/deon/Porello18
DEON,2018,Conference and Workshop Papers,unavailable,How to Take Heroin (if at all). Holistic Detachment in Deontic Logic,Frederik Van De Putte; Stefan Frijters; Joke Meheus,,,317-335,conf/deon/PutteFM18,https://dblp.org/rec/conf/deon/PutteFM18
DEON,2021,Conference and Workshop Papers,unavailable,The Gentle Murder Paradox in Sanskrit Philosophy,Kees van Berkel; Agata Ciabattoni; Elisa Freschi; Francesca Gulisano; Maya Olszewski,,,17-35,conf/deon/0002CFGO21,https://dblp.org/rec/conf/deon/0002CFGO21
DEON,2021,Conference and Workshop Papers,unavailable,"If You Want to Smoke, Don&apos;t Buy Cigarettes: Near-Anankastics, Contexts, and Hyper Modality",Kees van Berkel; Dov M. Gabbay; Leendert van der Torre,,,36-55,conf/deon/0002GT21,https://dblp.org/rec/conf/deon/0002GT21
DEON,2021,Conference and Workshop Papers,unavailable,The Varieties of Ought-Implies-Can and Deontic STIT Logic,Kees van Berkel; Tim S. Lyon,,,56-76,conf/deon/0002L21,https://dblp.org/rec/conf/deon/0002L21
DEON,2021,Editorship,,"Deontic Logic and Normative Systems - 15th International Conference, DEON 2020/21, Munich, Germany [virtual], July 21-24, 2021",Fenrong Liu; Alessandra Marra; Paul Portner; Frederik Van De Putte,,https://www.mcmp.philosophie.uni-muenchen.de/events/workshops/container/deon-2021/index.html,,conf/deon/2021,https://dblp.org/rec/conf/deon/2021
DEON,2021,Conference and Workshop Papers,unavailable,The Roles of Authority and Norm-Addressees in Deontic Puzzles,Edgar Avendano-Mejia; Yolanda Torres-Falcon,,,1-16,conf/deon/Avendano-MejiaT21,https://dblp.org/rec/conf/deon/Avendano-MejiaT21
DEON,2021,Conference and Workshop Papers,unavailable,Deontic Action Logics via Algebra,Pablo F. Castro; Valentin Cassano; Raul Fervari; Carlos Areces,,,77-93,conf/deon/CastroCFA21,https://dblp.org/rec/conf/deon/CastroCFA21
DEON,2021,Conference and Workshop Papers,unavailable,Sequent Rules for Reasoning and Conflict Resolution in Conditional Norms,Agata Ciabattoni; Björn Lellmann,,,94-113,conf/deon/CiabattoniL21,https://dblp.org/rec/conf/deon/CiabattoniL21
DEON,2021,Conference and Workshop Papers,unavailable,The Original Position: A Logical Analysis,Thijs De Coninck; Frederik Van De Putte,,,132-150,conf/deon/ConinckP21,https://dblp.org/rec/conf/deon/ConinckP21
DEON,2021,Conference and Workshop Papers,unavailable,Proof Systems for the Logics of Bringing-It-About,Tiziano Dalmonte; Charles Grellois; Nicola Olivetti,,,114-132,conf/deon/DalmonteGO21,https://dblp.org/rec/conf/deon/DalmonteGO21
DEON,2021,Conference and Workshop Papers,unavailable,Impossible and Conflicting Obligations in Justification Logic,Federico L. G. Faroldi; Meghdad Ghari,,,151-165,conf/deon/FaroldiG21,https://dblp.org/rec/conf/deon/FaroldiG21
DEON,2021,Conference and Workshop Papers,unavailable,The Manchester Twins: Conflicts Between Directed Obligations,Stef Frijters; Thijs De Coninck,,,166-182,conf/deon/FrijtersC21,https://dblp.org/rec/conf/deon/FrijtersC21
DEON,2021,Conference and Workshop Papers,unavailable,Reason-Based Deontic Logic,Alessandro Giordani,,,183-200,conf/deon/Giordani21,https://dblp.org/rec/conf/deon/Giordani21
DEON,2021,Conference and Workshop Papers,unavailable,Axiomatizing Norms Across Time and the &apos;Paradox of the Court&apos;,Daniela Glavanicová; Matteo Pascucci,,,201-218,conf/deon/GlavanicovaP21,https://dblp.org/rec/conf/deon/GlavanicovaP21
DEON,2021,Conference and Workshop Papers,unavailable,How Deontic Logic Ought to Be: Towards a Many-Sorted Framework for Normative Reasoning,Valentin Goranko,,,219-238,conf/deon/Goranko21,https://dblp.org/rec/conf/deon/Goranko21
DEON,2021,Conference and Workshop Papers,unavailable,Is Free Choice Permission Admissible in Classical Deontic Logic?,Guido Governatori; Antonino Rotolo,,,255-271,conf/deon/GovernatoriR21,https://dblp.org/rec/conf/deon/GovernatoriR21
DEON,2021,Conference and Workshop Papers,unavailable,A Defeasible Deontic Logic for Pragmatic Oddity,Guido Governatori; Silvano Colombo Tosatto; Antonino Rotolo,,,239-254,conf/deon/GovernatoriTR21,https://dblp.org/rec/conf/deon/GovernatoriTR21
DEON,2021,Conference and Workshop Papers,unavailable,"Moral Principles: Hedged, Contributory, Mixed",Aleks Knoks,,,272-290,conf/deon/Knoks21,https://dblp.org/rec/conf/deon/Knoks21
DEON,2021,Conference and Workshop Papers,unavailable,A Reduction in Violation Logic,Timo Lang,,,291-307,conf/deon/Lang21,https://dblp.org/rec/conf/deon/Lang21
DEON,2021,Conference and Workshop Papers,unavailable,Interpretive Normative Systems,Juliano Maranhão; Giovanni Sartor,,,308-322,conf/deon/MaranhaoS21,https://dblp.org/rec/conf/deon/MaranhaoS21
DEON,2021,Conference and Workshop Papers,unavailable,A Logical Analysis of Freedom of Thought,Réka Markovich; Olivier Roy,,,323-338,conf/deon/MarkovichR21,https://dblp.org/rec/conf/deon/MarkovichR21
DEON,2021,Conference and Workshop Papers,unavailable,Deontic Logic Based on Inquisitive Semantics,Karl Nygren,,,339-357,conf/deon/Nygren21,https://dblp.org/rec/conf/deon/Nygren21
DEON,2021,Conference and Workshop Papers,unavailable,Input/Output Logic With a Consistency Check - the Case of Permission,Maya Olszewski; Xavier Parent; Leendert van der Torre,,,358-375,conf/deon/OlszewskiPT21,https://dblp.org/rec/conf/deon/OlszewskiPT21
DEON,2021,Conference and Workshop Papers,unavailable,Term-Sequence-Dyadic Deontic Logic,Takahiro Sawasaki; Katsuhiko Sano,,,376-393,conf/deon/SawasakiS21,https://dblp.org/rec/conf/deon/SawasakiS21
DEON,2021,Conference and Workshop Papers,unavailable,Forms and Norms of Indecision in Argumentation Theory,Daniela Schuster,,,394-413,conf/deon/Schuster21,https://dblp.org/rec/conf/deon/Schuster21
DEON,2021,Conference and Workshop Papers,unavailable,Goal-Directed Decision Procedures for Input/Output Logics,Alexander Steen,,,414-426,conf/deon/Steen21,https://dblp.org/rec/conf/deon/Steen21
DEON,2021,Conference and Workshop Papers,unavailable,Prioritized Defaults and Formal Argumentation,Christian Straßer; Pere Pardo,,,427-446,conf/deon/StrasserP21,https://dblp.org/rec/conf/deon/StrasserP21
DEON,2023,Editorship,,"Deontic Logic and Normative Systems - 16th International Conference, DEON 2023, Trois-Rivières, QC, Canada, July 5-7, 2023",Juliano Maranhão; Clayton Peterson; Christian Straßer; Leendert van der Torre,,https://www.collegepublications.co.uk/downloads/DEON00004.pdf,,conf/deon/2023,https://dblp.org/rec/conf/deon/2023
DEON,2023,Conference and Workshop Papers,unavailable,Inconsistent Precedents and Deontic Logic,Ilaria Canavotto,,,317-333,conf/deon/Canavotto23,https://dblp.org/rec/conf/deon/Canavotto23
DEON,2023,Conference and Workshop Papers,unavailable,Disambiguating Permissions: A Contribution from Mimamsa,Agata Ciabattoni; Josephine Dik; Elisa Freschi,,,99-118,conf/deon/CiabattoniDF23,https://dblp.org/rec/conf/deon/CiabattoniDF23
DEON,2023,Conference and Workshop Papers,unavailable,Analytic Proof Theory for Åqvist&apos;s System F,Agata Ciabattoni; Nicola Olivetti; Xavier Parent; Revantha Ramanayake; Dmitry Rozplokhas,,,79-98,conf/deon/CiabattoniOPRR23,https://dblp.org/rec/conf/deon/CiabattoniOPRR23
DEON,2023,Conference and Workshop Papers,unavailable,Rights and Practical Reasoning in Deontic Logic,Huimin Dong; Dragan Doder; Xu Li; Réka Markovich; Leendert van der Torre; Marc van Zee,,,1-19,conf/deon/DongDLMTZ23,https://dblp.org/rec/conf/deon/DongDLMTZ23
DEON,2023,Conference and Workshop Papers,unavailable,All-Things-Considered Ought via Reasons in Justification Logic,Federico L. G. Faroldi; Tudor Protopopescu,,,257-273,conf/deon/FaroldiP23,https://dblp.org/rec/conf/deon/FaroldiP23
DEON,2023,Conference and Workshop Papers,unavailable,An Andersonian-Kangerian Reduction of Term-Modal Deontic Logics,Stef Frijters,,,159-176,conf/deon/Frijters23,https://dblp.org/rec/conf/deon/Frijters23
DEON,2023,Conference and Workshop Papers,unavailable,Deontic Logic in a Hierarchical Framework,Rodrigo Mena González,,,275-295,conf/deon/Gonzalez23,https://dblp.org/rec/conf/deon/Gonzalez23
DEON,2023,Conference and Workshop Papers,unavailable,Numeric Default Logic as a Framework for Ethical AI,Joris Graff,,,235-256,conf/deon/Graff23,https://dblp.org/rec/conf/deon/Graff23
DEON,2023,Conference and Workshop Papers,unavailable,What Should I Do and Why?,Joris Hulstijn; Leendert van der Torre,,,335-336,conf/deon/HulstijnT23,https://dblp.org/rec/conf/deon/HulstijnT23
DEON,2023,Conference and Workshop Papers,unavailable,Normative Properties of Sequential Actions,Fengkui Ju; Karl Nygren,,,139-157,conf/deon/JuN23,https://dblp.org/rec/conf/deon/JuN23
DEON,2023,Conference and Workshop Papers,unavailable,Beyond Reasons and Obligations: A Dual-Role Approach to Reasons and Supererogation,Aleks Knoks; David Streit,,,119-137,conf/deon/KnoksS23,https://dblp.org/rec/conf/deon/KnoksS23
DEON,2023,Conference and Workshop Papers,unavailable,Reason-Based Detachment,Aleks Knoks; Leendert van der Torre,,,339-340,conf/deon/KnoksT23,https://dblp.org/rec/conf/deon/KnoksT23
DEON,2023,Conference and Workshop Papers,unavailable,A Dynamic Logic of the Right to Know,Xu Li; Réka Markovich,,,39-56,conf/deon/LiM23,https://dblp.org/rec/conf/deon/LiM23
DEON,2023,Conference and Workshop Papers,unavailable,Conceptual and Logical Analysis of the Right to Know,Réka Markovich; Olivier Roy,,,337-338,conf/deon/MarkovichR23,https://dblp.org/rec/conf/deon/MarkovichR23
DEON,2023,Conference and Workshop Papers,unavailable,Extensions and Variations of the DWE Framework,Paul McNamara,,,177-197,conf/deon/McNamara23,https://dblp.org/rec/conf/deon/McNamara23
DEON,2023,Conference and Workshop Papers,unavailable,Proof Theory for Admissibility in Two-Player (Deontic) Games,Edi Pavlovic; Frederik Van De Putte,,,21-38,conf/deon/PavlovicP23,https://dblp.org/rec/conf/deon/PavlovicP23
DEON,2023,Conference and Workshop Papers,unavailable,Perspectival Obligation and Extensionality in an Alethic-Deontic Setting,Dominik Pichler; Xavier Parent,,,57-77,conf/deon/PichlerP23,https://dblp.org/rec/conf/deon/PichlerP23
DEON,2023,Conference and Workshop Papers,unavailable,On Floating Conclusions,Daniela Schuster; Jan M. Broersen; Henry Prakken,,,199-215,conf/deon/SchusterBP23,https://dblp.org/rec/conf/deon/SchusterBP23
DEON,2023,Conference and Workshop Papers,unavailable,"Allowed, or Enabled, That is the Question",Giovanni Sileno; Matteo Pascucci; Réka Markovich,,,297-315,conf/deon/SilenoPM23,https://dblp.org/rec/conf/deon/SilenoPM23
DEON,2023,Conference and Workshop Papers,unavailable,Autonomous Decisions and Rational Choice: How to Model Epistemic Rationality?,Nicolas Tardif; Clayton Peterson,,,341-342,conf/deon/TardifP23,https://dblp.org/rec/conf/deon/TardifP23
DEON,2023,Conference and Workshop Papers,unavailable,Strong Permission Bundled: First Steps,Zilu Wang; Yanjing Wang,,,217-234,conf/deon/WangW23,https://dblp.org/rec/conf/deon/WangW23
DEON,2023,Conference and Workshop Papers,unavailable,Rule rather than Exception: Defeasible Probabilistic Dyadic Deontic Logic,Vincent de Wit,,,343-345,conf/deon/Wit23,https://dblp.org/rec/conf/deon/Wit23
DEON,2025,Conference and Workshop Papers,unavailable,Reasoning With and About Normative Conflicts,Kees van Berkel; Christian Straßer,,,21-40,conf/deon/0002S25,https://dblp.org/rec/conf/deon/0002S25
DEON,2025,Conference and Workshop Papers,unavailable,Rational Monotony in Input/Output Logic,Xu Li; Liuwen Yu; Leendert van der Torre,,,255-272,conf/deon/0037YT25,https://dblp.org/rec/conf/deon/0037YT25
DEON,2025,Editorship,,"Deontic Logic and Normative Systems - 17th International Conference, DEON 2025, Vienna, Austria, July 1-3, 2025",Kees van Berkel; Agata Ciabattoni; John F. Horty,,https://www.collegepublications.co.uk/downloads/DEON00005.pdf,,conf/deon/2025,https://dblp.org/rec/conf/deon/2025
DEON,2025,Conference and Workshop Papers,unavailable,From Act Obligations to Knowledge Obligations,Houssam Abbas,,,391-393,conf/deon/Abbas25,https://dblp.org/rec/conf/deon/Abbas25
DEON,2025,Conference and Workshop Papers,unavailable,Norm Avoidance and Reinforcement Learning: Definitions and Analysis,Benoît Alcaraz; Emery A. Neufeld; Amro Najjar,,,1-19,conf/deon/AlcarazNN25,https://dblp.org/rec/conf/deon/AlcarazNN25
DEON,2025,Conference and Workshop Papers,unavailable,Reconsidering the Formalisation of Backward Looking Responsibility,Jan M. Broersen,,,41-60,conf/deon/Broersen25,https://dblp.org/rec/conf/deon/Broersen25
DEON,2025,Conference and Workshop Papers,unavailable,deolingo: Extending Answer Set Programming with Deontic Reasoning,Pedro Cabalar; Ovidio Manteiga,,,61-77,conf/deon/CabalarM25,https://dblp.org/rec/conf/deon/CabalarM25
DEON,2025,Conference and Workshop Papers,unavailable,Deontic Explanations in Åqvist&apos;s Systems,Agata Ciabattoni; Blaz Istenic Urh; Xavier Parent,,,79-98,conf/deon/CiabattoniU025,https://dblp.org/rec/conf/deon/CiabattoniU025
DEON,2025,Conference and Workshop Papers,unavailable,When Judges Go Wrong: Modeling Discretion and the Duty of Care,Josephine Dik; Réka Markovich,,,399-401,conf/deon/DikM25,https://dblp.org/rec/conf/deon/DikM25
DEON,2025,Conference and Workshop Papers,unavailable,Navigating Permission and Exceptions: A First-Order Perspective,Josephine Dik; Dominik Pichler,,,99-117,conf/deon/DikP25,https://dblp.org/rec/conf/deon/DikP25
DEON,2025,Conference and Workshop Papers,unavailable,Normative Implications,Andrea De Domenico; Ali Farjami; Krishna Manoorkar; Alessandra Palmigiano; Mattia Panettiere; Apostolos Tzimoulis; Xiaolong Wang,,,395-397,conf/deon/DomenicoFMPPTW25,https://dblp.org/rec/conf/deon/DomenicoFMPPTW25
DEON,2025,Conference and Workshop Papers,unavailable,Trivalent Semantics for Conditional Obligations,Paul Égré; Lorenzo Rossi; Jan Sprenger,,,119-137,conf/deon/Egre0S25,https://dblp.org/rec/conf/deon/Egre0S25
DEON,2025,Conference and Workshop Papers,unavailable,Bridging AI Risk Assessment and Rights Promotion and Protection: A Semantic Model,Beatrice Ferrigno; Antonino Rotolo,,,403-405,conf/deon/FerrignoR25,https://dblp.org/rec/conf/deon/FerrignoR25
DEON,2025,Conference and Workshop Papers,unavailable,Formalizing flint: A Logic of Preconditions and Consequences of Actions,Thom van Gessel; Frank Goossens,,,407-409,conf/deon/GesselG25,https://dblp.org/rec/conf/deon/GesselG25
DEON,2025,Conference and Workshop Papers,unavailable,A Truthmaker Semantics for Reason-Based Conditionals,Alessandro Giordani; Vita Saitta,,,139-158,conf/deon/GiordaniS25,https://dblp.org/rec/conf/deon/GiordaniS25
DEON,2025,Conference and Workshop Papers,unavailable,Deontic Argumentation,Guido Governatori; Antonino Rotolo,,,411-413,conf/deon/GovernatoriR25,https://dblp.org/rec/conf/deon/GovernatoriR25
DEON,2025,Conference and Workshop Papers,unavailable,Is Moral Particularism a Problem for Rule-Based Artificial Normative Systems?,Joris Graff,,,159-178,conf/deon/Graff25,https://dblp.org/rec/conf/deon/Graff25
DEON,2025,Conference and Workshop Papers,unavailable,Input/Output Logic via Neighborhood Semantics,Brandon Hopkins,,,179-198,conf/deon/Hopkins25,https://dblp.org/rec/conf/deon/Hopkins25
DEON,2025,Conference and Workshop Papers,unavailable,Modal Logic for Agent-Based Legal Classifications,Daniil Khaitovich; Lorenz Hornung,,,199-218,conf/deon/KhaitovichH25,https://dblp.org/rec/conf/deon/KhaitovichH25
DEON,2025,Conference and Workshop Papers,unavailable,"Reasons Against, Balancing, and Defeasible Logic",Aleks Knoks,,,219-235,conf/deon/Knoks25,https://dblp.org/rec/conf/deon/Knoks25
DEON,2025,Conference and Workshop Papers,unavailable,Reasons and the Logic of Obligation,Stephan Krämer,,,237-254,conf/deon/Kramer25,https://dblp.org/rec/conf/deon/Kramer25
DEON,2025,Conference and Workshop Papers,unavailable,Deontically Constrained Policy Improvement in Reinforcement Learning Agents,Alena Makarova; Houssam Abbas,,,273-292,conf/deon/MakarovaA25,https://dblp.org/rec/conf/deon/MakarovaA25
DEON,2025,Conference and Workshop Papers,unavailable,Extending Recent Modifications of the DWE Framework,Paul McNamara,,,293-312,conf/deon/McNamara25,https://dblp.org/rec/conf/deon/McNamara25
DEON,2025,Conference and Workshop Papers,unavailable,Casuistical Reasoning in Bioethics as an Argumentation-Based Dialogue Game,Luca Redondi,,,415-417,conf/deon/Redondi25,https://dblp.org/rec/conf/deon/Redondi25
DEON,2025,Conference and Workshop Papers,unavailable,Quantified Deontic STIT Logic,Edward Roussel; Stef Frijters,,,313-328,conf/deon/RousselF25,https://dblp.org/rec/conf/deon/RousselF25
DEON,2025,Conference and Workshop Papers,unavailable,Using Simple Deontic Constraints for Fast Norm-Conforming Reinforcement Learning,Matthias Scheutz; Daniel Little,,,329-347,conf/deon/ScheutzL25,https://dblp.org/rec/conf/deon/ScheutzL25
DEON,2025,Conference and Workshop Papers,unavailable,Two Semantic Approaches For Non-Dilemmatic Situations,Mahan Vaz Silva; Daniel Skurt,,,423-425,conf/deon/SilvaS25,https://dblp.org/rec/conf/deon/SilvaS25
DEON,2025,Conference and Workshop Papers,unavailable,Integrating Action Choices and Well-Founded Semantics for Deontic Planning,Davide Soldà,,,419-421,conf/deon/Solda25,https://dblp.org/rec/conf/deon/Solda25
DEON,2025,Conference and Workshop Papers,unavailable,Connecting Free-Choice Permission with Obligation and Prohibition by Not Doing It,Zilu Wang; Yanjing Wang,,,349-368,conf/deon/Wang025,https://dblp.org/rec/conf/deon/Wang025
DEON,2025,Conference and Workshop Papers,unavailable,A Contrastive Semantics for Iffy Oughts,Xuefeng Wen; Yanan Liu,,,369-388,conf/deon/WenL25,https://dblp.org/rec/conf/deon/WenL25
DEON,2025,Conference and Workshop Papers,unavailable,Toward a Principle-Based Analysis of Dual-Scale Detachment,Vincent de Wit; Aleks Knoks; Leendert van der Torre,,,427-428,conf/deon/WitKT25,https://dblp.org/rec/conf/deon/WitKT25
DEON,2025,Conference and Workshop Papers,unavailable,Ought to Do Based on Action and Belief,Qiaoyang Zhang,,,429-431,conf/deon/Zhang25,https://dblp.org/rec/conf/deon/Zhang25
ICAIL,1987,Editorship,,"Proceedings of the First International Conference on Artificial Intelligence and Law, ICAIL &apos;87, Boston, MA, USA, May 27-29, 1987",,10.1145/41735,https://doi.org/10.1145/41735,,conf/icail/1987,https://dblp.org/rec/conf/icail/1987
ICAIL,1987,Conference and Workshop Papers,closed,Some Problems in Designing Expert Systems to Aid Legal Reasoning,Layman E. Allen; Charles S. Saxon,10.1145/41735.41747,https://doi.org/10.1145/41735.41747,94-103,conf/icail/AllenS87,https://dblp.org/rec/conf/icail/AllenS87
ICAIL,1987,Conference and Workshop Papers,closed,"But, See, Accord: Generating Blue Book Citations in HYPO",Kevin D. Ashley; Edwina L. Rissland,10.1145/41735.41744,https://doi.org/10.1145/41735.41744,67-74,conf/icail/AshleyR87,https://dblp.org/rec/conf/icail/AshleyR87
ICAIL,1987,Conference and Workshop Papers,closed,A Connectionist Approach to Conceptual Information Retrieval,Richard K. Belew,10.1145/41735.41749,https://doi.org/10.1145/41735.41749,116-126,conf/icail/Belew87,https://dblp.org/rec/conf/icail/Belew87
ICAIL,1987,Conference and Workshop Papers,closed,Legal Data Modeling: The Prohibited Transaction Exemption Analyst,Keith Bellairs,10.1145/41735.41763,https://doi.org/10.1145/41735.41763,252-257,conf/icail/Bellairs87,https://dblp.org/rec/conf/icail/Bellairs87
ICAIL,1987,Conference and Workshop Papers,closed,Legal Reasoning in 3-D,Marvin Belzer,10.1145/41735.41753,https://doi.org/10.1145/41735.41753,155-163,conf/icail/Belzer87,https://dblp.org/rec/conf/icail/Belzer87
ICAIL,1987,Conference and Workshop Papers,closed,Support for Policy Makers: Formulating Legislation with the Aid of Logical Models,Trevor J. M. Bench-Capon,10.1145/41735.41756,https://doi.org/10.1145/41735.41756,181-189,conf/icail/Bench-Capon87,https://dblp.org/rec/conf/icail/Bench-Capon87
ICAIL,1987,Conference and Workshop Papers,closed,Logic Programming for Large Scale Applications in Law: A Formalisation of Supplementary Benefit Legislation,Trevor J. M. Bench-Capon; G. O. Robinson; Tom Routen; Marek J. Sergot,10.1145/41735.41757,https://doi.org/10.1145/41735.41757,190-198,conf/icail/Bench-CaponRRS87,https://dblp.org/rec/conf/icail/Bench-CaponRRS87
ICAIL,1987,Conference and Workshop Papers,closed,Esplex: A Rule and Conceptual Model for Representing Statutes,Carlo Biagioli; Paola Mariani; Daniela Tiscornia,10.1145/41735.41762,https://doi.org/10.1145/41735.41762,240-251,conf/icail/BiagioliMT87,https://dblp.org/rec/conf/icail/BiagioliMT87
ICAIL,1987,Conference and Workshop Papers,closed,Designing Text Retrieval Systems for Conceptual Searching,J. Bing,10.1145/41735.41741,https://doi.org/10.1145/41735.41741,43-51,conf/icail/Bing87,https://dblp.org/rec/conf/icail/Bing87
ICAIL,1987,Conference and Workshop Papers,closed,Conceptual Retrieval and Case Law,Judith P. Dick,10.1145/41735.41748,https://doi.org/10.1145/41735.41748,106-115,conf/icail/Dick87,https://dblp.org/rec/conf/icail/Dick87
ICAIL,1987,Conference and Workshop Papers,closed,Precedent-Based Legal Reasoning and Knowledge Acquisition in Contract Law: A Process Model,Seth R. Goldman; Michael G. Dyer; Margot Flowers,10.1145/41735.41759,https://doi.org/10.1145/41735.41759,210-221,conf/icail/GoldmanDF87,https://dblp.org/rec/conf/icail/GoldmanDF87
ICAIL,1987,Conference and Workshop Papers,closed,Oblog-2: A Hybrid Knowledge Representation System for Defeasible Reasoning,Thomas F. Gordon,10.1145/41735.41761,https://doi.org/10.1145/41735.41761,231-239,conf/icail/Gordon87,https://dblp.org/rec/conf/icail/Gordon87
ICAIL,1987,Conference and Workshop Papers,closed,An Expert System for Screening Employee Pension Plans for the Internal Revenue Service,G. Grdy; Ramesh S. Patil,10.1145/41735.41751,https://doi.org/10.1145/41735.41751,137-144,conf/icail/GrdyP87,https://dblp.org/rec/conf/icail/GrdyP87
ICAIL,1987,Conference and Workshop Papers,closed,Expert Systems in Law: The Datalex Project,Graham Greenleaf; Andrew Mowbray; Alan Tyree,10.1145/41735.41737,https://doi.org/10.1145/41735.41737,9-17,conf/icail/GreenleafMT87,https://dblp.org/rec/conf/icail/GreenleafMT87
ICAIL,1987,Conference and Workshop Papers,closed,Conceptual Organization of Case Law Knowledge Bases,Carole D. Hafner,10.1145/41735.41740,https://doi.org/10.1145/41735.41740,35-42,conf/icail/Hafner87,https://dblp.org/rec/conf/icail/Hafner87
ICAIL,1987,Conference and Workshop Papers,closed,A Natural Language Based Legal Expert System for Consultation and Tutoring - the LEX Project,Fritjof Haft; R. P. Jones; Thomas Wetter,10.1145/41735.41745,https://doi.org/10.1145/41735.41745,75-83,conf/icail/HaftJW87,https://dblp.org/rec/conf/icail/HaftJW87
ICAIL,1987,Conference and Workshop Papers,closed,On the Relationship Between Permission and Obligation,A. J. I. Jones,10.1145/41735.41754,https://doi.org/10.1145/41735.41754,164-169,conf/icail/Jones87,https://dblp.org/rec/conf/icail/Jones87
ICAIL,1987,Conference and Workshop Papers,closed,System = Program + Users + Law,Naftaly H. Minsky; David Rozenshtein,10.1145/41735.41755,https://doi.org/10.1145/41735.41755,170-180,conf/icail/MinskyR87,https://dblp.org/rec/conf/icail/MinskyR87
ICAIL,1987,Conference and Workshop Papers,closed,Handing of Significant Deviations from Boilerplate Text,Gary Morris; Keith Taylor; Maury Harwood,10.1145/41735.41752,https://doi.org/10.1145/41735.41752,145-154,conf/icail/MorrisTH87,https://dblp.org/rec/conf/icail/MorrisTH87
ICAIL,1987,Conference and Workshop Papers,closed,A Process Specification of Expert Lawyer Reasoning,D. P. O&apos;Neil,10.1145/41735.41742,https://doi.org/10.1145/41735.41742,52-59,conf/icail/ONeil87,https://dblp.org/rec/conf/icail/ONeil87
ICAIL,1987,Conference and Workshop Papers,closed,Knowledge Representation in &quot;Default&quot;: An Attempt to Classify General Types of Knowledge used by Legal Experts,R. D. Purdy,10.1145/41735.41758,https://doi.org/10.1145/41735.41758,199-208,conf/icail/Purdy87,https://dblp.org/rec/conf/icail/Purdy87
ICAIL,1987,Conference and Workshop Papers,closed,A Case-Based System for Trade Secrets Law,Edwina L. Rissland; Kevin D. Ashley,10.1145/41735.41743,https://doi.org/10.1145/41735.41743,60-66,conf/icail/RisslandA87,https://dblp.org/rec/conf/icail/RisslandA87
ICAIL,1987,Conference and Workshop Papers,closed,Explanation for an Expert system That Performs Estate Planning,D. A. Schlobohm; Donald A. Waterman,10.1145/41735.41738,https://doi.org/10.1145/41735.41738,18-27,conf/icail/SchlobohmW87,https://dblp.org/rec/conf/icail/SchlobohmW87
ICAIL,1987,Conference and Workshop Papers,closed,A Prolog Model of the Income Tax Act of Canada,D. M. Sherman,10.1145/41735.41750,https://doi.org/10.1145/41735.41750,127-136,conf/icail/Sherman87,https://dblp.org/rec/conf/icail/Sherman87
ICAIL,1987,Conference and Workshop Papers,closed,The Application of Expert Systems Technology to Case-Based Law,J. C. Smith; Cal Deedman,,http://www.acm.org/pubs/citations/proceedings/ai/41735/p84-smith/,84-93,conf/icail/SmithD87,https://dblp.org/rec/conf/icail/SmithD87
ICAIL,1987,Conference and Workshop Papers,closed,Expert Systems in Law: Out of the Research Laboratory and into the Marketplace,Richard E. Susskind,10.1145/41735.41736,https://doi.org/10.1145/41735.41736,1-8,conf/icail/Susskind87,https://dblp.org/rec/conf/icail/Susskind87
ICAIL,1987,Conference and Workshop Papers,closed,Conceptual Legal Document Retrieval Using the RUBRIC System,Richard M. Tong; C. A. Reid; G. J. Crowe; P. R. Douglas,10.1145/41735.41739,https://doi.org/10.1145/41735.41739,28-34,conf/icail/TongRCD87,https://dblp.org/rec/conf/icail/TongRCD87
ICAIL,1987,Conference and Workshop Papers,closed,Reasoning about &apos;hard&apos; Cases in Talmudic Law,S. S. Weiner,10.1145/41735.41760,https://doi.org/10.1145/41735.41760,222-230,conf/icail/Weiner87,https://dblp.org/rec/conf/icail/Weiner87
ICAIL,1989,Editorship,,"Proceedings of the Second International Conference on Artificial Intelligence and Law, ICAIL &apos;89, Vancouver, BC, Canada, June 13-16, 1989",J. C. Smith; R. T. Franson,10.1145/74014,https://doi.org/10.1145/74014,,conf/icail/1989,https://dblp.org/rec/conf/icail/1989
ICAIL,1989,Conference and Workshop Papers,closed,A Sketch of Logic Without Truth,Carlos E. Alchourrón; Antonio A. Martino,10.1145/74014.74036,https://doi.org/10.1145/74014.74036,165-179,conf/icail/AlchourronM89,https://dblp.org/rec/conf/icail/AlchourronM89
ICAIL,1989,Conference and Workshop Papers,closed,Toward a Computational Theory of Arguing with Precedents,Kevin D. Ashley,10.1145/74014.74028,https://doi.org/10.1145/74014.74028,93-102,conf/icail/Ashley89,https://dblp.org/rec/conf/icail/Ashley89
ICAIL,1989,Conference and Workshop Papers,closed,"Deep Models, Normative Reasoning and Legal Expert Systems",Trevor J. M. Bench-Capon,10.1145/74014.74020,https://doi.org/10.1145/74014.74020,37-45,conf/icail/Bench-Capon89,https://dblp.org/rec/conf/icail/Bench-Capon89
ICAIL,1989,Conference and Workshop Papers,closed,Cutting Legal Loops,Donald H. Berman,10.1145/74014.74046,https://doi.org/10.1145/74014.74046,251-258,conf/icail/Berman89,https://dblp.org/rec/conf/icail/Berman89
ICAIL,1989,Conference and Workshop Papers,closed,Representing and Reusing Explanations of Legal Precedents,Karl Branting,10.1145/74014.74029,https://doi.org/10.1145/74014.74029,103-110,conf/icail/Branting89,https://dblp.org/rec/conf/icail/Branting89
ICAIL,1989,Conference and Workshop Papers,closed,&quot;Boyd V. Deaver - Litigation Strategies&quot; Videodisc: An Opportunity to Improve Curriculum and Prototype Expert Systems,D. Burnstein,10.1145/74014.74041,https://doi.org/10.1145/74014.74041,207-214,conf/icail/Burnstein89,https://dblp.org/rec/conf/icail/Burnstein89
ICAIL,1989,Conference and Workshop Papers,closed,Xcite (An Expert System for Naturalization Cases),A. Galtung; D. S. Maesel,10.1145/74014.74026,https://doi.org/10.1145/74014.74026,81-86,conf/icail/GaltungM89,https://dblp.org/rec/conf/icail/GaltungM89
ICAIL,1989,Conference and Workshop Papers,closed,Representing Developing Legal Doctrine,Anne v. d. L. Gardner,10.1145/74014.74017,https://doi.org/10.1145/74014.74017,16-22,conf/icail/Gardner89,https://dblp.org/rec/conf/icail/Gardner89
ICAIL,1989,Conference and Workshop Papers,closed,Issue Spotting in a System for Searching Interpretation Spaces,Thomas F. Gordon,10.1145/74014.74035,https://doi.org/10.1145/74014.74035,157-164,conf/icail/Gordon89,https://dblp.org/rec/conf/icail/Gordon89
ICAIL,1989,Conference and Workshop Papers,closed,The Treatment of Negation in Logic Programs for Representing Legislation,Robert A. Kowalski,10.1145/74014.74016,https://doi.org/10.1145/74014.74016,11-15,conf/icail/Kowalski89,https://dblp.org/rec/conf/icail/Kowalski89
ICAIL,1989,Conference and Workshop Papers,closed,LESTER: Using Paradigm Cases in a Quasi-Precedential Legal Domain,Kenneth A. Lambert; Mark H. Grunewald,10.1145/74014.74027,https://doi.org/10.1145/74014.74027,87-92,conf/icail/LambertG89,https://dblp.org/rec/conf/icail/LambertG89
ICAIL,1989,Conference and Workshop Papers,closed,The Design of an Attorney&apos;s Statistical Consultant,L. S. Lutomski,10.1145/74014.74043,https://doi.org/10.1145/74014.74043,224-233,conf/icail/Lutomski89,https://dblp.org/rec/conf/icail/Lutomski89
ICAIL,1989,Conference and Workshop Papers,closed,Expert Systems in Case-Based Law: The Hearsay Rule Advisor,M. T. MacCrimmon,10.1145/74014.74024,https://doi.org/10.1145/74014.74024,68-73,conf/icail/MacCrimmon89,https://dblp.org/rec/conf/icail/MacCrimmon89
ICAIL,1989,Conference and Workshop Papers,closed,Representing the Structure of a Legal Argument,C. C. Marshall,10.1145/74014.74031,https://doi.org/10.1145/74014.74031,121-127,conf/icail/Marshall89,https://dblp.org/rec/conf/icail/Marshall89
ICAIL,1989,Conference and Workshop Papers,closed,A Language for Legal Discourse I: Basic Features,L. Thorne McCarty,10.1145/74014.74037,https://doi.org/10.1145/74014.74037,180-189,conf/icail/McCarty89,https://dblp.org/rec/conf/icail/McCarty89
ICAIL,1989,Conference and Workshop Papers,closed,An Attempted Dimensional Analysis of the Law Governing Government Appeals in Criminal Cases,Simon Mendelson,10.1145/74014.74032,https://doi.org/10.1145/74014.74032,128-137,conf/icail/Mendelson89,https://dblp.org/rec/conf/icail/Mendelson89
ICAIL,1989,Conference and Workshop Papers,closed,Market Realities of Rule-Based Software for Lawyers: Where the Rubber Meets the Road,R. W. Morrison,10.1145/74014.74019,https://doi.org/10.1145/74014.74019,33-36,conf/icail/Morrison89,https://dblp.org/rec/conf/icail/Morrison89
ICAIL,1989,Conference and Workshop Papers,closed,PROLEXS Divide and Rule: A Legal Application,Anja Oskamp; R. F. Walker; J. A. Schrickx; P. H. van den Berg,10.1145/74014.74022,https://doi.org/10.1145/74014.74022,54-62,conf/icail/OskampWSB89,https://dblp.org/rec/conf/icail/OskampWSB89
ICAIL,1989,Conference and Workshop Papers,closed,A Specialized Expert System for Judicial Decision Support,V. P. Pethe; C. P. Rippey; Laxmikant V. Kalé,10.1145/74014.74038,https://doi.org/10.1145/74014.74038,190-194,conf/icail/PetheRK89,https://dblp.org/rec/conf/icail/PetheRK89
ICAIL,1989,Conference and Workshop Papers,closed,Knowledge and Tools in Building GRANDJUR 1.1,R. D. Purdy,10.1145/74014.74040,https://doi.org/10.1145/74014.74040,201-206,conf/icail/Purdy89,https://dblp.org/rec/conf/icail/Purdy89
ICAIL,1989,Conference and Workshop Papers,closed,Dimension-Based Analysis of Hypotheticals from Supreme Court Oral Argument,Edwina L. Rissland,10.1145/74014.74030,https://doi.org/10.1145/74014.74030,111-120,conf/icail/Rissland89,https://dblp.org/rec/conf/icail/Rissland89
ICAIL,1989,Conference and Workshop Papers,closed,Interpreting Statutory Predicates,Edwina L. Rissland; David B. Skalak,10.1145/74014.74021,https://doi.org/10.1145/74014.74021,46-53,conf/icail/RisslandS89,https://dblp.org/rec/conf/icail/RisslandS89
ICAIL,1989,Conference and Workshop Papers,closed,Legal Information Retrieval a Hybrid Approach,Daniel E. Rose; Richard K. Belew,10.1145/74014.74033,https://doi.org/10.1145/74014.74033,138-146,conf/icail/RoseB89,https://dblp.org/rec/conf/icail/RoseB89
ICAIL,1989,Conference and Workshop Papers,closed,Hierarchically Organised Formalisations,Tom Routen,10.1145/74014.74045,https://doi.org/10.1145/74014.74045,242-250,conf/icail/Routen89,https://dblp.org/rec/conf/icail/Routen89
ICAIL,1989,Conference and Workshop Papers,closed,EPS II: Estate Planning with Prototypes,D. A. Schlobohm; L. Thorne McCarty,10.1145/74014.74015,https://doi.org/10.1145/74014.74015,1-10,conf/icail/SchlobohmM89,https://dblp.org/rec/conf/icail/SchlobohmM89
ICAIL,1989,Conference and Workshop Papers,closed,Expert Systems and ICAI in Tax Law: Killing Two Birds with One AI Stone,D. M. Sherman,10.1145/74014.74025,https://doi.org/10.1145/74014.74025,74-80,conf/icail/Sherman89,https://dblp.org/rec/conf/icail/Sherman89
ICAIL,1989,Conference and Workshop Papers,closed,ASSYST - Computer Support for Guideline Sentencing,Eric Simon; Gerry Gaes,10.1145/74014.74039,https://doi.org/10.1145/74014.74039,195-200,conf/icail/SimonG89,https://dblp.org/rec/conf/icail/SimonG89
ICAIL,1989,Conference and Workshop Papers,closed,Taking Advantage of Models for Legal Classification,David B. Skalak,10.1145/74014.74044,https://doi.org/10.1145/74014.74044,234-241,conf/icail/Skalak89,https://dblp.org/rec/conf/icail/Skalak89
ICAIL,1989,Conference and Workshop Papers,closed,The Latent Damage System: A Jurisprudential Analysis,Richard E. Susskind,10.1145/74014.74018,https://doi.org/10.1145/74014.74018,23-32,conf/icail/Susskind89,https://dblp.org/rec/conf/icail/Susskind89
ICAIL,1989,Conference and Workshop Papers,closed,Legal Reasoning - a Jurisprudential Description,P. Wahlgren,10.1145/74014.74034,https://doi.org/10.1145/74014.74034,147-156,conf/icail/Wahlgren89,https://dblp.org/rec/conf/icail/Wahlgren89
ICAIL,1989,Conference and Workshop Papers,closed,CACE: Computer-Assisted Case Evaluation in the Brooklyn District Attorney&apos;s Office,S. S. Weiner,10.1145/74014.74042,https://doi.org/10.1145/74014.74042,215-223,conf/icail/Weiner89,https://dblp.org/rec/conf/icail/Weiner89
ICAIL,1989,Conference and Workshop Papers,closed,Amalgamating Regulation- and Case-Based Advice Systems Through Suggested Answers,David E. Wolstenholme,10.1145/74014.74023,https://doi.org/10.1145/74014.74023,63-67,conf/icail/Wolstenholme89,https://dblp.org/rec/conf/icail/Wolstenholme89
ICAIL,1991,Editorship,,"Proceedings of the Third International Conference on Artificial Intelligence and Law, ICAIL &apos;91, Oxford, England, June 25-28, 1991",Richard E. Susskind,10.1145/112646,https://doi.org/10.1145/112646,,conf/icail/1991,https://dblp.org/rec/conf/icail/1991
ICAIL,1991,Conference and Workshop Papers,closed,More IA Needed in AI: Interpretation Assistance for Coping with the Problem of Multiple Structural Interpretations,Layman E. Allen; Charles S. Saxon,10.1145/112646.112652,https://doi.org/10.1145/112646.112652,53-61,conf/icail/AllenS91,https://dblp.org/rec/conf/icail/AllenS91
ICAIL,1991,Conference and Workshop Papers,closed,Toward an Intelligent Tutoring System for Teaching Law Students to Argue with Cases,Kevin D. Ashley; Vincent Aleven,10.1145/112646.112651,https://doi.org/10.1145/112646.112651,42-52,conf/icail/AshleyA91,https://dblp.org/rec/conf/icail/AshleyA91
ICAIL,1991,Conference and Workshop Papers,closed,Knowledge Acquisition and Knowledge Base Refinement Problems in Developing the KBS Legal Expert System,Julia Barragán; Luciano Barragán,10.1145/112646.112670,https://doi.org/10.1145/112646.112670,196-200,conf/icail/BarraganB91,https://dblp.org/rec/conf/icail/BarraganB91
ICAIL,1991,Conference and Workshop Papers,closed,Exploiting Isomorphism: Development of a KBS to Support British Coal Insurance Claims,Trevor J. M. Bench-Capon,10.1145/112646.112653,https://doi.org/10.1145/112646.112653,62-68,conf/icail/Bench-Capon91,https://dblp.org/rec/conf/icail/Bench-Capon91
ICAIL,1991,Conference and Workshop Papers,closed,SIREDOJ: A Legal Assistance Application about Contracts in the Building Industry,Diego Bercovich,10.1145/112646.112679,https://doi.org/10.1145/112646.112679,260-265,conf/icail/Bercovich91,https://dblp.org/rec/conf/icail/Bercovich91
ICAIL,1991,Conference and Workshop Papers,closed,Developer&apos;s Choice in the Legal Domain: The Sisyphean Journey with DBR or Down Hill with Rules (a working paper for the case-rules panel at the third international conference of artificial intelligence and law),Donald H. Berman,10.1145/112646.112685,https://doi.org/10.1145/112646.112685,307-309,conf/icail/Berman91,https://dblp.org/rec/conf/icail/Berman91
ICAIL,1991,Conference and Workshop Papers,closed,Incorporating Procedural Context into a Model of Case-based Legal Reasoning,Donald H. Berman; Carole D. Hafner,10.1145/112646.112648,https://doi.org/10.1145/112646.112648,12-20,conf/icail/BermanH91,https://dblp.org/rec/conf/icail/BermanH91
ICAIL,1991,Conference and Workshop Papers,closed,Extracting Legal Knowledge by Means of a Multilayer Neural Network Application to Municipal Jurisprudence,Laurent Bochereau; Danièle Bourcier; Paul Bourgine,10.1145/112646.112683,https://doi.org/10.1145/112646.112683,288-296,conf/icail/BochereauBB91,https://dblp.org/rec/conf/icail/BochereauBB91
ICAIL,1991,Conference and Workshop Papers,closed,Coping With Change,Paul Bratley; Jacques Frémont; Ejan Mackaay; Daniel Poulin,10.1145/112646.112654,https://doi.org/10.1145/112646.112654,69-76,conf/icail/BratleyFMP91,https://dblp.org/rec/conf/icail/BratleyFMP91
ICAIL,1991,Conference and Workshop Papers,closed,Reasoning with Portions of Precedents,L. Karl Brenting,10.1145/112646.112664,https://doi.org/10.1145/112646.112664,145-154,conf/icail/Brenting91,https://dblp.org/rec/conf/icail/Brenting91
ICAIL,1991,Conference and Workshop Papers,closed,Separating World and Regulation Knowledge: Where is the Logic,Joost Breuker; Nienke den Haan,10.1145/112646.112658,https://doi.org/10.1145/112646.112658,92-97,conf/icail/BreukerH91,https://dblp.org/rec/conf/icail/BreukerH91
ICAIL,1991,Conference and Workshop Papers,closed,An Application of the Expert System Shell Sigma-kilagi to the Study of Benefits Regulation of Bologna University,Giovanni Dallara; Carlo Gattei; Giovanni Sartor,10.1145/112646.112657,https://doi.org/10.1145/112646.112657,86-91,conf/icail/DallaraGS91,https://dblp.org/rec/conf/icail/DallaraGS91
ICAIL,1991,Conference and Workshop Papers,closed,Representation of Legal Text for Conceptual Retrieval,Judith P. Dick,10.1145/112646.112676,https://doi.org/10.1145/112646.112676,244-253,conf/icail/Dick91,https://dblp.org/rec/conf/icail/Dick91
ICAIL,1991,Conference and Workshop Papers,closed,"Beyond Boolean Search: FLEXICON, a Legal Tex-Based Intelligent System",Daphne Gelbart; J. C. Smith,10.1145/112646.112674,https://doi.org/10.1145/112646.112674,225-234,conf/icail/GelbartS91,https://dblp.org/rec/conf/icail/GelbartS91
ICAIL,1991,Conference and Workshop Papers,closed,Perpetuities Reasoning Captured and Automated in a Logic Program,Barnett Glickfeld,10.1145/112646.112662,https://doi.org/10.1145/112646.112662,128-136,conf/icail/Glickfeld91,https://dblp.org/rec/conf/icail/Glickfeld91
ICAIL,1991,Conference and Workshop Papers,closed,The DataLex Legal Workstation: Integrating Tools for Lawyers,Graham Greenleaf; Andrew Mowbray; Alan Tyree,10.1145/112646.112673,https://doi.org/10.1145/112646.112673,215-224,conf/icail/GreenleafMT91,https://dblp.org/rec/conf/icail/GreenleafMT91
ICAIL,1991,Conference and Workshop Papers,closed,Norms and Formalization,Henning Herrestad,10.1145/112646.112667,https://doi.org/10.1145/112646.112667,175-184,conf/icail/Herrestad91,https://dblp.org/rec/conf/icail/Herrestad91
ICAIL,1991,Conference and Workshop Papers,closed,Legislative Knowledge Base Systems for Public Administration: Some Practical Issues,Peter Johnson; David Mead,10.1145/112646.112660,https://doi.org/10.1145/112646.112660,108-117,conf/icail/JohnsonM91,https://dblp.org/rec/conf/icail/JohnsonM91
ICAIL,1991,Conference and Workshop Papers,closed,Inductive Modelling in Law: Example Based Expert Systems in Administrative Law,Jørgen Karpf,10.1145/112646.112684,https://doi.org/10.1145/112646.112684,297-306,conf/icail/Karpf91,https://dblp.org/rec/conf/icail/Karpf91
ICAIL,1991,Conference and Workshop Papers,closed,Expert Systems in Alternative Dispute Resolution,Michael L. Kayman; Moonja P. Kim,10.1145/112646.112672,https://doi.org/10.1145/112646.112672,207-214,conf/icail/KaymanK91,https://dblp.org/rec/conf/icail/KaymanK91
ICAIL,1991,Conference and Workshop Papers,closed,A Goal Driven Knowledge Based System for a Domain of Private International Law,A. W. Koers; D. Kracht,10.1145/112646.112656,https://doi.org/10.1145/112646.112656,81-85,conf/icail/KoersK91,https://dblp.org/rec/conf/icail/KoersK91
ICAIL,1991,Conference and Workshop Papers,closed,Case-Based Reasoning and the Deep Structure Approach to knowledge Representation,Andrzej Kowalski,10.1145/112646.112649,https://doi.org/10.1145/112646.112649,21-30,conf/icail/Kowalski91,https://dblp.org/rec/conf/icail/Kowalski91
ICAIL,1991,Conference and Workshop Papers,closed,Legal Theory and Case-Based Reasoners: The Importance of Context and the Process of Focusing,Kenneth A. Lambert; Mark H. Grunewald,10.1145/112646.112669,https://doi.org/10.1145/112646.112669,191-195,conf/icail/LambertG91,https://dblp.org/rec/conf/icail/LambertG91
ICAIL,1991,Conference and Workshop Papers,closed,Knowledge-Based Approaches to Government Benefits Analysis,Marc Lauritsen,10.1145/112646.112659,https://doi.org/10.1145/112646.112659,98-107,conf/icail/Lauritsen91,https://dblp.org/rec/conf/icail/Lauritsen91
ICAIL,1991,Conference and Workshop Papers,closed,On the Role of Prototypes in Appellate Legal Argument (Abstract),L. Thorne McCarty,10.1145/112646.112668,https://doi.org/10.1145/112646.112668,185-190,conf/icail/McCarty91,https://dblp.org/rec/conf/icail/McCarty91
ICAIL,1991,Conference and Workshop Papers,closed,Conceptual Information Retrieval in Litigation Support Systems,Vijay Mital; Agathoclis Kyprou Stylianou; Les Johnson,10.1145/112646.112675,https://doi.org/10.1145/112646.112675,235-243,conf/icail/MitalSJ91,https://dblp.org/rec/conf/icail/MitalSJ91
ICAIL,1991,Conference and Workshop Papers,closed,An expert system for the application of import and export regulations,G. Van Nevel; F. Balfroid; R. Venken,10.1145/112646.112681,https://doi.org/10.1145/112646.112681,272-277,conf/icail/NevelBV91,https://dblp.org/rec/conf/icail/NevelBV91
ICAIL,1991,Conference and Workshop Papers,closed,The JURICAS-System: New Applications and Future Development,C. van Noortwijk; P. A. W. Piepers; J. G. L. van der Wees; Richard V. de Mulder,10.1145/112646.112671,https://doi.org/10.1145/112646.112671,201-206,conf/icail/NoortwijkPWM91,https://dblp.org/rec/conf/icail/NoortwijkPWM91
ICAIL,1991,Conference and Workshop Papers,closed,Networks at Work: A Connectionist Approach to Non-Deductive Legal Reasoning,G. J. van Opdorp; R. F. Walker; J. A. Schrickx; Cees Groendijk; P. H. van den Berg,10.1145/112646.112682,https://doi.org/10.1145/112646.112682,278-287,conf/icail/OpdorpWSGB91,https://dblp.org/rec/conf/icail/OpdorpWSGB91
ICAIL,1991,Conference and Workshop Papers,closed,Loge-Expert: From a Legal Expert System to an Information System for Non-Lawyers,Louis-Claude Paquin; François Blanchard; Claude Thomasset,10.1145/112646.112678,https://doi.org/10.1145/112646.112678,254-259,conf/icail/PaquinBT91,https://dblp.org/rec/conf/icail/PaquinBT91
ICAIL,1991,Conference and Workshop Papers,closed,A Tool in Modelling Disagreement in Law: Preferring the Most Specific Argument,Henry Prakken,10.1145/112646.112666,https://doi.org/10.1145/112646.112666,165-174,conf/icail/Prakken91,https://dblp.org/rec/conf/icail/Prakken91
ICAIL,1991,Conference and Workshop Papers,closed,Complex Input: A Practical Way of Increasing the Bandwidth for Feedback and Student Modelling in a Statute-Based Tutoring System,Tom Routen,10.1145/112646.112655,https://doi.org/10.1145/112646.112655,77-80,conf/icail/Routen91,https://dblp.org/rec/conf/icail/Routen91
ICAIL,1991,Conference and Workshop Papers,closed,Representing and Reasoning About Open-Textured Predicates,Kathryn E. Sanders,10.1145/112646.112663,https://doi.org/10.1145/112646.112663,137-144,conf/icail/Sanders91,https://dblp.org/rec/conf/icail/Sanders91
ICAIL,1991,Conference and Workshop Papers,closed,The Structure of Norm Conditions and Nonmonotonic Reasoning in Law,Giovanni Sartor,10.1145/112646.112665,https://doi.org/10.1145/112646.112665,155-164,conf/icail/Sartor91,https://dblp.org/rec/conf/icail/Sartor91
ICAIL,1991,Conference and Workshop Papers,closed,Indian Central Civil Service Pension Rules: A Case Study in Logic Programming Applied to Regulations,Marek J. Sergot; A. S. Kamble; K. K. Bajaj,10.1145/112646.112661,https://doi.org/10.1145/112646.112661,118-127,conf/icail/SergotKB91,https://dblp.org/rec/conf/icail/SergotKB91
ICAIL,1991,Conference and Workshop Papers,closed,Argument Moves in a Rule-Guided Domain,David B. Skalak; Edwina L. Rissland,10.1145/112646.112647,https://doi.org/10.1145/112646.112647,1-11,conf/icail/SkalakR91,https://dblp.org/rec/conf/icail/SkalakR91
ICAIL,1991,Conference and Workshop Papers,closed,THUMPER: An Expert System for Stamp Duty,Gail Swaffield,10.1145/112646.112680,https://doi.org/10.1145/112646.112680,266-271,conf/icail/Swaffield91,https://dblp.org/rec/conf/icail/Swaffield91
ICAIL,1991,Conference and Workshop Papers,closed,An Example of Integrating Legal Case Based Reasoning with Object-Oriented Rule-Based Systems: IKBALS II,George Vossos; John Zeleznikow; Tharam S. Dillon; Vivian Vossos,10.1145/112646.112650,https://doi.org/10.1145/112646.112650,31-41,conf/icail/VossosZDV91,https://dblp.org/rec/conf/icail/VossosZDV91
ICAIL,1993,Editorship,,"Proceedings of the Fourth International Conference on Artificial intelligence and Law, ICAIL &apos;93, Amsterdam, The Netherlands, June 15-18, 1993",Anja Oskamp; Kevin D. Ashley,10.1145/158976,https://doi.org/10.1145/158976,,conf/icail/1993,https://dblp.org/rec/conf/icail/1993
ICAIL,1993,Conference and Workshop Papers,closed,What Law Students Need to Know to WIN,Vincent Aleven; Kevin D. Ashley,10.1145/158976.158995,https://doi.org/10.1145/158976.158995,152-161,conf/icail/AlevenA93,https://dblp.org/rec/conf/icail/AlevenA93
ICAIL,1993,Conference and Workshop Papers,closed,Neural Networks and Open Texture,Trevor J. M. Bench-Capon,10.1145/158976.159012,https://doi.org/10.1145/158976.159012,292-297,conf/icail/Bench-Capon93,https://dblp.org/rec/conf/icail/Bench-Capon93
ICAIL,1993,Conference and Workshop Papers,closed,Representing Teleological Structure in Case-based Legal Reasoning: The Missing Link,Donald H. Berman; Carole D. Hafner,10.1145/158976.158982,https://doi.org/10.1145/158976.158982,50-59,conf/icail/BermanH93,https://dblp.org/rec/conf/icail/BermanH93
ICAIL,1993,Conference and Workshop Papers,closed,A Reduction-Graph Model of Ratio Decidendi,Karl Branting,10.1145/158976.158981,https://doi.org/10.1145/158976.158981,40-49,conf/icail/Branting93,https://dblp.org/rec/conf/icail/Branting93
ICAIL,1993,Conference and Workshop Papers,closed,An Issue-Oriented Approach to Judicial Document Assembly,Karl Branting,10.1145/158976.159005,https://doi.org/10.1145/158976.159005,228-235,conf/icail/Branting93a,https://dblp.org/rec/conf/icail/Branting93a
ICAIL,1993,Conference and Workshop Papers,closed,CHINATAX: Exploring Isomorphism with Chinese Law,Graham Brown,10.1145/158976.158998,https://doi.org/10.1145/158976.158998,175-179,conf/icail/Brown93,https://dblp.org/rec/conf/icail/Brown93
ICAIL,1993,Conference and Workshop Papers,closed,Representing Visual Conditions in a Legal knowledge Based System,Frans Coenen; Trevor J. M. Bench-Capon; Peter Smeaton,10.1145/158976.159009,https://doi.org/10.1145/158976.159009,264-271,conf/icail/CoenenBS93,https://dblp.org/rec/conf/icail/CoenenBS93
ICAIL,1993,Conference and Workshop Papers,closed,Issue Spotting in Legal Cases,Barbara Cuthill; Robert McCartney,10.1145/158976.159007,https://doi.org/10.1145/158976.159007,245-253,conf/icail/CuthillM93,https://dblp.org/rec/conf/icail/CuthillM93
ICAIL,1993,Conference and Workshop Papers,closed,Beyond Knowledge Representation: Commercial Uses for Legal Knowledge Bases,Surendra Dayal; Michael Harmer; Peter Johnson; David Mead,10.1145/158976.158997,https://doi.org/10.1145/158976.158997,167-174,conf/icail/DayalHJM93,https://dblp.org/rec/conf/icail/DayalHJM93
ICAIL,1993,Conference and Workshop Papers,closed,Towards a Methodology for the Validation of Expert Systems: The Case of Loge-Expert,Robert Dupuis; Claude Thomasset; Louis-Claude Paquin; François Blanchard,10.1145/158976.158984,https://doi.org/10.1145/158976.158984,66-71,conf/icail/DupuisTPB93,https://dblp.org/rec/conf/icail/DupuisTPB93
ICAIL,1993,Conference and Workshop Papers,closed,FLEXICON: An Evaluation of a Statistical Ranking Model Adapted to Intelligent Legal Text Management,Daphne Gelbart; J. C. Smith,10.1145/158976.158994,https://doi.org/10.1145/158976.158994,142-151,conf/icail/GelbartS93,https://dblp.org/rec/conf/icail/GelbartS93
ICAIL,1993,Conference and Workshop Papers,closed,The Pleadings Game: Formalizing Procedural Justice,Thomas F. Gordon,10.1145/158976.158978,https://doi.org/10.1145/158976.158978,10-19,conf/icail/Gordon93,https://dblp.org/rec/conf/icail/Gordon93
ICAIL,1993,Conference and Workshop Papers,closed,"Controlling and Augmenting Legal Inferencing: ysh, a Case Study",Graham Greenleaf; Andrew Mowbray,10.1145/158976.158996,https://doi.org/10.1145/158976.158996,162-166,conf/icail/GreenleafM93,https://dblp.org/rec/conf/icail/GreenleafM93
ICAIL,1993,Conference and Workshop Papers,closed,Case Recognition and Strategy Classification,Cees Groendijk; Anja Oskamp,10.1145/158976.158992,https://doi.org/10.1145/158976.158992,125-132,conf/icail/GroendijkO93,https://dblp.org/rec/conf/icail/GroendijkO93
ICAIL,1993,Conference and Workshop Papers,closed,SmartLaw: Adapting &quot;Classic&quot; Expert System Techniques for the Legal Research Domain,Carole D. Hafner; Virginia J. Wise,10.1145/158976.158993,https://doi.org/10.1145/158976.158993,133-141,conf/icail/HafnerW93,https://dblp.org/rec/conf/icail/HafnerW93
ICAIL,1993,Conference and Workshop Papers,closed,Monological Reason-Based Logic: A Low Level Integration of Rule-Based Reasoning and Case-Based Reasoning,Jaap Hage,10.1145/158976.158980,https://doi.org/10.1145/158976.158980,30-39,conf/icail/Hage93,https://dblp.org/rec/conf/icail/Hage93
ICAIL,1993,Conference and Workshop Papers,closed,The Use of an ATMS Inconsistency Checking of a Legal Expert System,Olav Hødnebø; Edvard Løkketangen,10.1145/158976.158985,https://doi.org/10.1145/158976.158985,72-75,conf/icail/HodneboL93,https://dblp.org/rec/conf/icail/HodneboL93
ICAIL,1993,Conference and Workshop Papers,closed,Can Legal Knowledge be Derived from Legal Texts?,Vassilis Konstantinou; John Sykes; Georgios N. Yannopoulos,10.1145/158976.159004,https://doi.org/10.1145/158976.159004,218-227,conf/icail/KonstantinouSY93,https://dblp.org/rec/conf/icail/KonstantinouSY93
ICAIL,1993,Conference and Workshop Papers,closed,Knowing Documents,Marc Lauritsen,10.1145/158976.159000,https://doi.org/10.1145/158976.159000,184-191,conf/icail/Lauritsen93,https://dblp.org/rec/conf/icail/Lauritsen93
ICAIL,1993,Conference and Workshop Papers,closed,"A Design for Reasoning with Policies, Precedents, and Rationales",Ronald Prescott Loui; Jeff Norman; Jon Olson; Andrew Merrill,10.1145/158976.159002,https://doi.org/10.1145/158976.159002,202-211,conf/icail/LouiNOM93,https://dblp.org/rec/conf/icail/LouiNOM93
ICAIL,1993,Conference and Workshop Papers,closed,Similarity in Harder Cases: Sentencing for Fraud,Ruth Murbach; Éva Nonn,10.1145/158976.159006,https://doi.org/10.1145/158976.159006,236-244,conf/icail/MurbachN93,https://dblp.org/rec/conf/icail/MurbachN93
ICAIL,1993,Conference and Workshop Papers,closed,A Computational Model for Trial Reasoning,Katsumi Nitta; Stephen T. C. Wong; Yoshihisa Ohtake,10.1145/158976.158979,https://doi.org/10.1145/158976.158979,20-29,conf/icail/NittaWO93,https://dblp.org/rec/conf/icail/NittaWO93
ICAIL,1993,Conference and Workshop Papers,closed,Legal Interpretation in Expert Systems,Daniel Poulin; Paul Bratley; Jacques Frémont; Ejan Mackaay,10.1145/158976.158988,https://doi.org/10.1145/158976.158988,90-99,conf/icail/PoulinBFM93,https://dblp.org/rec/conf/icail/PoulinBFM93
ICAIL,1993,Conference and Workshop Papers,closed,A Logical Framework for Modelling Legal Argument,Henry Prakken,10.1145/158976.158977,https://doi.org/10.1145/158976.158977,1-9,conf/icail/Prakken93,https://dblp.org/rec/conf/icail/Prakken93
ICAIL,1993,Conference and Workshop Papers,closed,BankXX: A Program to Generate Argument Through Case-Base Research,Edwina L. Rissland; David B. Skalak; M. Timur Friedman,10.1145/158976.158991,https://doi.org/10.1145/158976.158991,117-124,conf/icail/RisslandSF93,https://dblp.org/rec/conf/icail/RisslandSF93
ICAIL,1993,Conference and Workshop Papers,closed,Identification of Implicit Legal Requirements with Legal Abstract Knowledge,Seiichiro Sakurai; Hajime Yoshino,10.1145/158976.159013,https://doi.org/10.1145/158976.159013,298-305,conf/icail/SakuraiY93,https://dblp.org/rec/conf/icail/SakuraiY93
ICAIL,1993,Conference and Workshop Papers,closed,A Simple Computational Model for Nonmonotonic and Adversarial Legal Reasoning,Giovanni Sartor,10.1145/158976.159001,https://doi.org/10.1145/158976.159001,192-201,conf/icail/Sartor93,https://dblp.org/rec/conf/icail/Sartor93
ICAIL,1993,Conference and Workshop Papers,closed,The Use of Meta-Rules in Rule Based Legal Computer Systems,Uri J. Schild; Shai Herzog,10.1145/158976.158989,https://doi.org/10.1145/158976.158989,100-109,conf/icail/SchildH93,https://dblp.org/rec/conf/icail/SchildH93
ICAIL,1993,Conference and Workshop Papers,closed,A Logic for Legal Hierarchies,Pierre-Yves Schobbens,10.1145/158976.159010,https://doi.org/10.1145/158976.159010,272-281,conf/icail/Schobbens93,https://dblp.org/rec/conf/icail/Schobbens93
ICAIL,1993,Conference and Workshop Papers,closed,Violation of Norms,Tina Smith,10.1145/158976.158983,https://doi.org/10.1145/158976.158983,60-65,conf/icail/Smith93,https://dblp.org/rec/conf/icail/Smith93
ICAIL,1993,Conference and Workshop Papers,closed,"LITES, an Intelligent Tutoring System for Legal Problem Solving in the Domain of Dutch Civil Law",Georges Span,10.1145/158976.158986,https://doi.org/10.1145/158976.158986,76-81,conf/icail/Span93,https://dblp.org/rec/conf/icail/Span93
ICAIL,1993,Conference and Workshop Papers,closed,Developing Legal Knowledge Based Systems Using Decision Tables,Jan Vanthienen; F. Robben,10.1145/158976.159011,https://doi.org/10.1145/158976.159011,282-291,conf/icail/VanthienenR93,https://dblp.org/rec/conf/icail/VanthienenR93
ICAIL,1993,Conference and Workshop Papers,closed,The Credit Act Advisory System (CAAS): Conversion from an Expert System Prototype to a C++ Commercial System,George Vossos; John Zeleznikow; Allan Moore; Daniel Hunter,10.1145/158976.158999,https://doi.org/10.1145/158976.158999,180-183,conf/icail/VossosZMH93,https://dblp.org/rec/conf/icail/VossosZMH93
ICAIL,1993,Conference and Workshop Papers,closed,Validation: The Key Concept in Maintenance of Legal KBS,Marnix C. M. Weusten,10.1145/158976.158987,https://doi.org/10.1145/158976.158987,82-89,conf/icail/Weusten93,https://dblp.org/rec/conf/icail/Weusten93
ICAIL,1993,Conference and Workshop Papers,closed,Legal Knowledge Acquisition Using Case-Based Reasoning and Model Inference,Takahira Yamaguti; Masaki Kurematsu,10.1145/158976.159003,https://doi.org/10.1145/158976.159003,212-217,conf/icail/YamagutiK93,https://dblp.org/rec/conf/icail/YamagutiK93
ICAIL,1993,Conference and Workshop Papers,closed,KICS: A Knowledge-Intensive Case-Based Reasoning System for Statutory Building Regulations and Case Histories,Soon-Ae Yang; David Stuart Robertson; John Lee,10.1145/158976.159008,https://doi.org/10.1145/158976.159008,254-263,conf/icail/YangRL93,https://dblp.org/rec/conf/icail/YangRL93
ICAIL,1993,Conference and Workshop Papers,closed,Towards a Legal Analogical Reasoning System: Knowledge Representation and Reasoning Methods,Hajime Yoshino; Makoto Haraguchi; Seiichiro Sakurai; Sigeru Kagayama,10.1145/158976.158990,https://doi.org/10.1145/158976.158990,110-116,conf/icail/YoshinoHSK93,https://dblp.org/rec/conf/icail/YoshinoHSK93
ICAIL,1995,Editorship,,"Proceedings of the Fifth International Conference on Artificial Intelligence and Law, ICAIL &apos;95, College Park, Maryland, USA, May 21-24, 1995",L. Thorne McCarty,10.1145/222092,https://doi.org/10.1145/222092,,conf/icail/1995,https://dblp.org/rec/conf/icail/1995
ICAIL,1995,Conference and Workshop Papers,closed,Doing Things with Factors,Vincent Aleven; Kevin D. Ashley,10.1145/222092.222106,https://doi.org/10.1145/222092.222106,31-41,conf/icail/AlevenA95,https://dblp.org/rec/conf/icail/AlevenA95
ICAIL,1995,Conference and Workshop Papers,closed,"Better Language, Better Thought, Better Communication: The A-Hohfeld Language for Legal Analysis",Layman E. Allen; Charles S. Saxon,10.1145/222092.222245,https://doi.org/10.1145/222092.222245,219-228,conf/icail/AllenS95,https://dblp.org/rec/conf/icail/AllenS95
ICAIL,1995,Conference and Workshop Papers,closed,Automatically Processing Amendments to Legislation,Timothy Arnold-Moore,10.1145/222092.222264,https://doi.org/10.1145/222092.222264,297-306,conf/icail/Arnold-Moore95,https://dblp.org/rec/conf/icail/Arnold-Moore95
ICAIL,1995,Conference and Workshop Papers,closed,PLAID: Proactive Legal Assistance,Trevor J. M. Bench-Capon; Geof Staniford,10.1145/222092.222142,https://doi.org/10.1145/222092.222142,81-88,conf/icail/Bench-CaponS95,https://dblp.org/rec/conf/icail/Bench-CaponS95
ICAIL,1995,Conference and Workshop Papers,closed,Understanding Precedents in a Temporal Context of Evolving Legal Doctrine,Donald H. Berman; Carole D. Hafner,10.1145/222092.222116,https://doi.org/10.1145/222092.222116,42-51,conf/icail/BermanH95,https://dblp.org/rec/conf/icail/BermanH95
ICAIL,1995,Conference and Workshop Papers,closed,Case Reconstruction Before Assessment,Henk de Bruijn; Radboud Winkels,10.1145/222092.222248,https://doi.org/10.1145/222092.222248,239-245,conf/icail/BruijnW95,https://dblp.org/rec/conf/icail/BruijnW95
ICAIL,1995,Conference and Workshop Papers,closed,Solving Normative Conflicts by Merging Roles,Laurence Cholvy; Frédéric Cuppens,10.1145/222092.222241,https://doi.org/10.1145/222092.222241,201-209,conf/icail/CholvyC95,https://dblp.org/rec/conf/icail/CholvyC95
ICAIL,1995,Conference and Workshop Papers,closed,A Constraint-Driven System for Contract Assembly,Aspassia Daskalopulu; Marek J. Sergot,10.1145/222092.222130,https://doi.org/10.1145/222092.222130,62-70,conf/icail/DaskalopuluS95,https://dblp.org/rec/conf/icail/DaskalopuluS95
ICAIL,1995,Conference and Workshop Papers,closed,Burden of Proof in Legal Argumentation,Arthur M. Farley; Kathleen Freeman,10.1145/222092.222227,https://doi.org/10.1145/222092.222227,156-164,conf/icail/FarleyF95,https://dblp.org/rec/conf/icail/FarleyF95
ICAIL,1995,Conference and Workshop Papers,closed,Making Way for Intelligence in Case Space,Philip Greenspun; Marc Lauritsen,10.1145/222092.222150,https://doi.org/10.1145/222092.222150,96-103,conf/icail/GreenspunL95,https://dblp.org/rec/conf/icail/GreenspunL95
ICAIL,1995,Conference and Workshop Papers,closed,MILIEU: A LKBS to Support Prosecution of Environmental Offenders,Cees Groendijk; Maaike Tragter,10.1145/222092.222251,https://doi.org/10.1145/222092.222251,256-265,conf/icail/GroendijkT95,https://dblp.org/rec/conf/icail/GroendijkT95
ICAIL,1995,Conference and Workshop Papers,closed,Teleological Reasoning in Reason-Based Logic,Jaap Hage,10.1145/222092.222098,https://doi.org/10.1145/222092.222098,11-20,conf/icail/Hage95,https://dblp.org/rec/conf/icail/Hage95
ICAIL,1995,Conference and Workshop Papers,closed,Obligations Directed from Bearers to Counterparts,Henning Herrestad; Christen Krogh,10.1145/222092.222243,https://doi.org/10.1145/222092.222243,210-218,conf/icail/HerrestadK95,https://dblp.org/rec/conf/icail/HerrestadK95
ICAIL,1995,Conference and Workshop Papers,closed,Decision Support for Sentencing in a Common Law Jurisdiction,Neil Hutton; A. Patterson; Cyrus Tata,10.1145/222092.222145,https://doi.org/10.1145/222092.222145,89-95,conf/icail/HuttonPT95,https://dblp.org/rec/conf/icail/HuttonPT95
ICAIL,1995,Conference and Workshop Papers,closed,DiaLaw: A Dialogical Framework for Modeling Legal Reasoning,Arno R. Lodder; Aimée Herczog,10.1145/222092.222225,https://doi.org/10.1145/222092.222225,146-155,conf/icail/LodderH95,https://dblp.org/rec/conf/icail/LodderH95
ICAIL,1995,Conference and Workshop Papers,closed,Hart&apos;s Critics on Defeasible Concepts and Ascriptivism,Ronald Prescott Loui,10.1145/222092.222099,https://doi.org/10.1145/222092.222099,21-30,conf/icail/Loui95,https://dblp.org/rec/conf/icail/Loui95
ICAIL,1995,Conference and Workshop Papers,closed,An Intelligent Interface for Legal Databases,Luuk Matthijssen,10.1145/222092.222131,https://doi.org/10.1145/222092.222131,71-80,conf/icail/Matthijssen95,https://dblp.org/rec/conf/icail/Matthijssen95
ICAIL,1995,Conference and Workshop Papers,closed,An Implementation of Eisner v. Macomber,L. Thorne McCarty,10.1145/222092.222258,https://doi.org/10.1145/222092.222258,276-286,conf/icail/McCarty95,https://dblp.org/rec/conf/icail/McCarty95
ICAIL,1995,Conference and Workshop Papers,closed,Context Sensitive Case Comparisons in Practical Ethics: Reasoning About Reasons,Bruce M. McLaren; Kevin D. Ashley,10.1145/222092.222266,https://doi.org/10.1145/222092.222266,316-325,conf/icail/McLarenA95,https://dblp.org/rec/conf/icail/McLarenA95
ICAIL,1995,Conference and Workshop Papers,closed,New HELIC-II: A Software Tool for Legal Eeasoning,Katsumi Nitta; Masato Shibasaki; Tsuyoshi Sakata; Takahiro Yamaji; Wang Xianchang; Hiroshi Ohsaki; Satoshi Tojo; Iwao Kokubo; T. Anu Suzuki,10.1145/222092.222260,https://doi.org/10.1145/222092.222260,287-296,conf/icail/NittaSSYXOTKS95,https://dblp.org/rec/conf/icail/NittaSSYXOTKS95
ICAIL,1995,Conference and Workshop Papers,closed,Using Genetic Algorithms to Inductively Reason with Cases in the Legal Domain,Anandeep Pannu,10.1145/222092.222232,https://doi.org/10.1145/222092.222232,175-184,conf/icail/Pannu95,https://dblp.org/rec/conf/icail/Pannu95
ICAIL,1995,Conference and Workshop Papers,closed,Just Decisions Using Multiple Criteria Or: Who Gets the Porsche? An Application of Ronald R. Yager&apos;s Fuzzy Logic Method,Lothar Philipps,10.1145/222092.222237,https://doi.org/10.1145/222092.222237,195-200,conf/icail/Philipps95,https://dblp.org/rec/conf/icail/Philipps95
ICAIL,1995,Conference and Workshop Papers,closed,From Logic to Dialectics in Legal Argument,Henry Prakken,10.1145/222092.222230,https://doi.org/10.1145/222092.222230,165-174,conf/icail/Prakken95,https://dblp.org/rec/conf/icail/Prakken95
ICAIL,1995,Conference and Workshop Papers,closed,"On the Relation Between Legal Language and Legal Argument: Assumptions, Applicability and Dynamic Priorities",Henry Prakken; Giovanni Sartor,10.1145/222092.222096,https://doi.org/10.1145/222092.222096,1-10,conf/icail/PrakkenS95,https://dblp.org/rec/conf/icail/PrakkenS95
ICAIL,1995,Conference and Workshop Papers,closed,A Hybrid Knowledge Representation Approach to Reusability of Legal Knowledge Bases,Ulrich Reimer; Andreas Margelisch,10.1145/222092.222249,https://doi.org/10.1145/222092.222249,246-255,conf/icail/ReimerM95,https://dblp.org/rec/conf/icail/ReimerM95
ICAIL,1995,Conference and Workshop Papers,closed,A Hybrid CBR-IR Approach to Legal Information Retrieval,Edwina L. Rissland; Jody J. Daniels,10.1145/222092.222125,https://doi.org/10.1145/222092.222125,52-61,conf/icail/RisslandD95,https://dblp.org/rec/conf/icail/RisslandD95
ICAIL,1995,Conference and Workshop Papers,closed,Detecting Change in Legal Concepts,Edwina L. Rissland; M. Timur Friedman,10.1145/222092.222209,https://doi.org/10.1145/222092.222209,127-136,conf/icail/RisslandF95,https://dblp.org/rec/conf/icail/RisslandF95
ICAIL,1995,Conference and Workshop Papers,closed,Intelligent Computer Systems for Criminal Sentencing,Uri J. Schild,10.1145/222092.222247,https://doi.org/10.1145/222092.222247,229-238,conf/icail/Schild95,https://dblp.org/rec/conf/icail/Schild95
ICAIL,1995,Conference and Workshop Papers,closed,Information Filtering: The Computation of Similarities in Large Corpora of Legal Texts,Erich Schweighofer; Werner Winiwarter; Dieter Merkl,10.1145/222092.222205,https://doi.org/10.1145/222092.222205,119-126,conf/icail/SchweighoferWM95,https://dblp.org/rec/conf/icail/SchweighoferWM95
ICAIL,1995,Conference and Workshop Papers,closed,A Computational Framework for Dialectical Reasoning,Pierre St-Vincent; Daniel Poulin; Paul Bratley,10.1145/222092.222224,https://doi.org/10.1145/222092.222224,137-145,conf/icail/St-VincentPB95,https://dblp.org/rec/conf/icail/St-VincentPB95
ICAIL,1995,Conference and Workshop Papers,closed,Enhancing the Applicability of Empirical Data Using Legal Knowledge Based Systems,Jorgen S. Svensson,10.1145/222092.222199,https://doi.org/10.1145/222092.222199,104-111,conf/icail/Svensson95,https://dblp.org/rec/conf/icail/Svensson95
ICAIL,1995,Conference and Workshop Papers,closed,ON-LINE: An Architecture for Modelling Legal Information,André Valente; Joost Breuker,10.1145/222092.222265,https://doi.org/10.1145/222092.222265,307-315,conf/icail/ValenteB95,https://dblp.org/rec/conf/icail/ValenteB95
ICAIL,1995,Conference and Workshop Papers,closed,Automated Legislative Drafting: Generating Paraphrases of Legislation,Radboud Winkels; Nienke den Haan,10.1145/222092.222202,https://doi.org/10.1145/222092.222202,112-118,conf/icail/WinkelsH95,https://dblp.org/rec/conf/icail/WinkelsH95
ICAIL,1995,Conference and Workshop Papers,closed,The Systematization of Legal Meta-Inference,Hajime Yoshino,10.1145/222092.222257,https://doi.org/10.1145/222092.222257,266-275,conf/icail/Yoshino95,https://dblp.org/rec/conf/icail/Yoshino95
ICAIL,1995,Conference and Workshop Papers,closed,The Split-Up System: Integrating Neural Networks and Rule-Based Reasoning in the Legal Domain,John Zeleznikow; Andrew Stranieri,10.1145/222092.222235,https://doi.org/10.1145/222092.222235,185-194,conf/icail/ZeleznikowS95,https://dblp.org/rec/conf/icail/ZeleznikowS95
ICAIL,1997,Editorship,,"Proceedings of the Sixth International Conference on Artificial Intelligence and Law, ICAIL &apos;97, Melbourne, Vicoria, Australia, June 30 - July 3, 1997",John Zeleznikow; Daniel Hunter; Luther Karl Branting,10.1145/261618,https://doi.org/10.1145/261618,,conf/icail/1997,https://dblp.org/rec/conf/icail/1997
ICAIL,1997,Conference and Workshop Papers,closed,Legal Principles and Analogical Reasoning (Extended Abstract),Michael Aikenhead,10.1145/261618.261660,https://doi.org/10.1145/261618.261660,250,conf/icail/Aikenhead97,https://dblp.org/rec/conf/icail/Aikenhead97
ICAIL,1997,Conference and Workshop Papers,closed,Evaluating a Learning Environment for Case-Based Argumentation Skills,Vincent Aleven; Kevin D. Ashley,10.1145/261618.261650,https://doi.org/10.1145/261618.261650,170-179,conf/icail/AlevenA97,https://dblp.org/rec/conf/icail/AlevenA97
ICAIL,1997,Conference and Workshop Papers,closed,Achieving Fluency in Modernized and Formalized Hohfeld: Puzzles and Games for the LEGAL RELATIONS Language,Layman E. Allen; Charles S. Saxon,10.1145/261618.261623,https://doi.org/10.1145/261618.261623,19-28,conf/icail/AllenS97,https://dblp.org/rec/conf/icail/AllenS97
ICAIL,1997,Conference and Workshop Papers,closed,Automatic Generation of Amendment Legislation,Timothy Arnold-Moore,10.1145/261618.261631,https://doi.org/10.1145/261618.261631,56-62,conf/icail/Arnold-Moore97,https://dblp.org/rec/conf/icail/Arnold-Moore97
ICAIL,1997,Conference and Workshop Papers,closed,Family_Negotiator: An Intelligent Tool for Supporting Legal Negotiation in Australian Family Law (Abstract),Emilia Bellucci; John Zeleznikow,10.1145/261618.261661,https://doi.org/10.1145/261618.261661,251,conf/icail/BellucciZ97,https://dblp.org/rec/conf/icail/BellucciZ97
ICAIL,1997,Conference and Workshop Papers,closed,Ontologies in Legal Information Systems: The Need for Explicit Specifications of Domain Conceptualisations,Trevor J. M. Bench-Capon; Pepijn R. S. Visser,10.1145/261618.261646,https://doi.org/10.1145/261618.261646,132-141,conf/icail/Bench-CaponV97,https://dblp.org/rec/conf/icail/Bench-CaponV97
ICAIL,1997,Conference and Workshop Papers,closed,Automated Drafting of Self-Explaining Documents,Karl Branting; James C. Lester; Charles B. Callaway,10.1145/261618.261635,https://doi.org/10.1145/261618.261635,72-81,conf/icail/BrantingLC97,https://dblp.org/rec/conf/icail/BrantingLC97
ICAIL,1997,Conference and Workshop Papers,closed,Finding Factors: Learning to Classify Case Opinions Under Abstract Fact Categories,Stefanie Brüninghaus; Kevin D. Ashley,10.1145/261618.261645,https://doi.org/10.1145/261618.261645,123-131,conf/icail/BruninghausA97,https://dblp.org/rec/conf/icail/BruninghausA97
ICAIL,1997,Conference and Workshop Papers,closed,Towards a Logical Formalization of Responsibility,Laurence Cholvy; Frédéric Cuppens; Claire Saurel,10.1145/261618.261658,https://doi.org/10.1145/261618.261658,233-242,conf/icail/CholvyCS97,https://dblp.org/rec/conf/icail/CholvyCS97
ICAIL,1997,Conference and Workshop Papers,closed,Finding Legally Relevant Passages in Case Opinions,Jody J. Daniels; Edwina L. Rissland,10.1145/261618.261627,https://doi.org/10.1145/261618.261627,39-46,conf/icail/DanielsR97,https://dblp.org/rec/conf/icail/DanielsR97
ICAIL,1997,Conference and Workshop Papers,closed,Determination of Residence Status for Taxation Law: Development of a Rule-Based Expert System,Rodney Fisher,10.1145/261618.261649,https://doi.org/10.1145/261618.261649,161-169,conf/icail/Fisher97,https://dblp.org/rec/conf/icail/Fisher97
ICAIL,1997,Conference and Workshop Papers,closed,The Zeno Argumentation Framework,Thomas F. Gordon; Nikos I. Karacapilidis,10.1145/261618.261622,https://doi.org/10.1145/261618.261622,10-18,conf/icail/GordonK97,https://dblp.org/rec/conf/icail/GordonK97
ICAIL,1997,Conference and Workshop Papers,closed,More than wyshful Thinking: AustLII&apos;s Legal Inferencing via the World Wide Web,Graham Greenleaf; Andrew Mowbray; Geoffrey King; Simon Cant; Philip Chung,10.1145/261618.261629,https://doi.org/10.1145/261618.261629,47-55,conf/icail/GreenleafMKCC97,https://dblp.org/rec/conf/icail/GreenleafMKCC97
ICAIL,1997,Conference and Workshop Papers,closed,Tools for Automated Legislative Drafting (Abstract),Nienke den Haan,10.1145/261618.261662,https://doi.org/10.1145/261618.261662,252,conf/icail/Haan97,https://dblp.org/rec/conf/icail/Haan97
ICAIL,1997,Conference and Workshop Papers,closed,On Modeling Creativity in Legal Reasoning,Bipin Indurkhya,10.1145/261618.261651,https://doi.org/10.1145/261618.261651,180-189,conf/icail/Indurkhya97,https://dblp.org/rec/conf/icail/Indurkhya97
ICAIL,1997,Conference and Workshop Papers,closed,A Model for Rule Based Legal Knowledge Representation (Abstract),Raf van Kuyck; Beatrice Van Buggenhout,10.1145/261618.261667,https://doi.org/10.1145/261618.261667,258,conf/icail/KuyckB97,https://dblp.org/rec/conf/icail/KuyckB97
ICAIL,1997,Conference and Workshop Papers,closed,MicroMax at Seven (Abstract),Marc Lauritsen,10.1145/261618.261663,https://doi.org/10.1145/261618.261663,253-254,conf/icail/Lauritsen97,https://dblp.org/rec/conf/icail/Lauritsen97
ICAIL,1997,Conference and Workshop Papers,closed,Question/Answer Dialogues for Interfacing a Database with Supreme Court Decisions (Abstract),José Gabriel Lopes; Paulo Quaresma; Irene Rodrigues,10.1145/261618.261664,https://doi.org/10.1145/261618.261664,255,conf/icail/LopesQR97,https://dblp.org/rec/conf/icail/LopesQR97
ICAIL,1997,Conference and Workshop Papers,closed,Progress on Room 5: A Testbed for Public Interactive Semi-Formal Legal Argumentation,Ronald Prescott Loui; Jeff Norman; Joe Altepeter; Dan Pinkard; Dan Craven; Jessica Linsday; Mark A. Foltz,10.1145/261618.261655,https://doi.org/10.1145/261618.261655,207-214,conf/icail/LouiNAPCLF97,https://dblp.org/rec/conf/icail/LouiNAPCLF97
ICAIL,1997,Conference and Workshop Papers,closed,Some Arguments About Legal Arguments,L. Thorne McCarty,10.1145/261618.261656,https://doi.org/10.1145/261618.261656,215-224,conf/icail/McCarty97,https://dblp.org/rec/conf/icail/McCarty97
ICAIL,1997,Conference and Workshop Papers,closed,The Exploration of Legal Text Corpora with Hierarchical Neural Networks: A Guided Tour in Public International Law,Dieter Merkl; Erich Schweighofer,10.1145/261618.261639,https://doi.org/10.1145/261618.261639,98-105,conf/icail/MerklS97,https://dblp.org/rec/conf/icail/MerklS97
ICAIL,1997,Conference and Workshop Papers,closed,Abstracting of Legal Cases: The SALOMON Experience,Marie-Francine Moens; Caroline Uyttendaele; Jos Dumortier,10.1145/261618.261643,https://doi.org/10.1145/261618.261643,114-122,conf/icail/MoensUD97,https://dblp.org/rec/conf/icail/MoensUD97
ICAIL,1997,Conference and Workshop Papers,closed,The Application of Artificial Intelligence to Law Enforcement (Abstract),José Neves; José Machado; António Abelha,10.1145/261618.261665,https://doi.org/10.1145/261618.261665,256,conf/icail/NevesMA97,https://dblp.org/rec/conf/icail/NevesMA97
ICAIL,1997,Conference and Workshop Papers,closed,Attacking Legal Argument by Examining Stability of Case Citation with Goal-Dependent Abstraction,Yoshiaki Okubo; Makoto Haraguchi,10.1145/261618.261652,https://doi.org/10.1145/261618.261652,190-197,conf/icail/OkuboH97,https://dblp.org/rec/conf/icail/OkuboH97
ICAIL,1997,Conference and Workshop Papers,closed,Knowledge for Automated Legal Problem Solving: Theory Versus Practice,Anja Oskamp; Maaike Tragter,10.1145/261618.261647,https://doi.org/10.1145/261618.261647,142-150,conf/icail/OskampT97,https://dblp.org/rec/conf/icail/OskampT97
ICAIL,1997,Conference and Workshop Papers,closed,"Legal Merit Arguments, Legal Semiotics and the Design of Legal Knowledge-Based Systems",James Palmer,10.1145/261618.261653,https://doi.org/10.1145/261618.261653,198-206,conf/icail/Palmer97,https://dblp.org/rec/conf/icail/Palmer97
ICAIL,1997,Conference and Workshop Papers,closed,The Other Formalization of Law: SGML Modelling and Tagging,Daniel Poulin; Guy Huard; Alain Lavoie,10.1145/261618.261637,https://doi.org/10.1145/261618.261637,82-88,conf/icail/PoulinHL97,https://dblp.org/rec/conf/icail/PoulinHL97
ICAIL,1997,Conference and Workshop Papers,closed,Reasoning with Precedents in a Dialogue Game,Henry Prakken; Giovanni Sartor,10.1145/261618.261621,https://doi.org/10.1145/261618.261621,1-9,conf/icail/PrakkenS97,https://dblp.org/rec/conf/icail/PrakkenS97
ICAIL,1997,Conference and Workshop Papers,closed,The Logic of Enactment (abstract),Lambèr M. M. Royakkers; Frank Dignum,10.1145/261618.261666,https://doi.org/10.1145/261618.261666,257,conf/icail/RoyakkersD97,https://dblp.org/rec/conf/icail/RoyakkersD97
ICAIL,1997,Conference and Workshop Papers,closed,The Use of Lexicons in Information Retrieval in Legal Databases,J. C. Smith,10.1145/261618.261625,https://doi.org/10.1145/261618.261625,29-38,conf/icail/Smith97,https://dblp.org/rec/conf/icail/Smith97
ICAIL,1997,Conference and Workshop Papers,closed,Formalization of Legislative Documents Based on a Functional Model,Daniela Tiscornia; Fabrizio Turchi,10.1145/261618.261633,https://doi.org/10.1145/261618.261633,63-71,conf/icail/TiscorniaT97,https://dblp.org/rec/conf/icail/TiscorniaT97
ICAIL,1997,Conference and Workshop Papers,closed,Distinguishing Different Roles in Normative Reasoning,Leendert W. N. van der Torre; Yao-Hua Tan,10.1145/261618.261657,https://doi.org/10.1145/261618.261657,225-232,conf/icail/TorreT97,https://dblp.org/rec/conf/icail/TorreT97
ICAIL,1997,Conference and Workshop Papers,closed,Logical Tools for Legal Argument: A Practical Assessment in the Domain of Tort,Bart Verheij; Jaap Hage; Arno R. Lodder,10.1145/261618.261659,https://doi.org/10.1145/261618.261659,243-249,conf/icail/VerheijHL97,https://dblp.org/rec/conf/icail/VerheijHL97
ICAIL,1997,Conference and Workshop Papers,closed,A Method for the Development of Legal Knowledge Systems,Pepijn R. S. Visser; Robert W. van Kralingen; Trevor J. M. Bench-Capon,10.1145/261618.261648,https://doi.org/10.1145/261618.261648,151-160,conf/icail/VisserKB97,https://dblp.org/rec/conf/icail/VisserKB97
ICAIL,1997,Conference and Workshop Papers,closed,Bringing IT Support for Legislative Drafting one Step Further: From Drafting Dupport to Design Assistance (Abstract),Wim Voermans; Robert W. van Kralingen,10.1145/261618.261668,https://doi.org/10.1145/261618.261668,259,conf/icail/VoermansK97,https://dblp.org/rec/conf/icail/VoermansK97
ICAIL,1997,Conference and Workshop Papers,closed,The Effectiveness of Machine Learning Techniques for Predicting Time to Case Disposition,Dawn Wilkins; Krishnan Pillaipakkamnatt,10.1145/261618.261642,https://doi.org/10.1145/261618.261642,106-113,conf/icail/WilkinsP97,https://dblp.org/rec/conf/icail/WilkinsP97
ICAIL,1997,Conference and Workshop Papers,closed,Improving Human-Computer Interaction for Legal KBS (Abstract),Radboud Winkels; David Bosschaert,10.1145/261618.261669,https://doi.org/10.1145/261618.261669,260,conf/icail/WinkelsB97,https://dblp.org/rec/conf/icail/WinkelsB97
ICAIL,1997,Conference and Workshop Papers,closed,Knowledge Discovery in the Split Up Project,John Zeleznikow; Andrew Stranieri,10.1145/261618.261638,https://doi.org/10.1145/261618.261638,89-97,conf/icail/ZeleznikowS97,https://dblp.org/rec/conf/icail/ZeleznikowS97
ICAIL,1999,Editorship,,"Proceedings of the Seventh International Conference on Artificial Intelligence and Law, ICAIL &apos;99, Oslo, Norway, June 14-17, 1999",Jon Bing; Andrew J. I. Jones; Thomas F. Gordon,10.1145/323706,https://doi.org/10.1145/323706,,conf/icail/1999,https://dblp.org/rec/conf/icail/1999
ICAIL,1999,Conference and Workshop Papers,closed,Anaphora resolution in the extraction of treatment history language from court opinions by partial parsing,Khalid Al-Kofahi; Brian Grom; Peter Jackson,,http://portal.acm.org/citation.cfm?id=323706.323788,138-146,conf/icail/Al-KofahiGJ99,https://dblp.org/rec/conf/icail/Al-KofahiGJ99
ICAIL,1999,Conference and Workshop Papers,closed,"Application of enriched deontic legal relations: Federal Rules of Civil Procedure Rule 7(a), pleadings",Layman E. Allen; Charles S. Saxon,,http://portal.acm.org/citation.cfm?id=323706.323718,80-89,conf/icail/AllenS99,https://dblp.org/rec/conf/icail/AllenS99
ICAIL,1999,Conference and Workshop Papers,closed,AI techniques for modelling legal negotiation,Emilia Bellucci; John Zeleznikow,,http://portal.acm.org/citation.cfm?id=323706.323723,108-116,conf/icail/BellucciZ99,https://dblp.org/rec/conf/icail/BellucciZ99
ICAIL,1999,Conference and Workshop Papers,closed,Some observations on modelling case based reasoning with formal argument models,Trevor J. M. Bench-Capon,,http://portal.acm.org/citation.cfm?id=323706.323713,36-42,conf/icail/Bench-Capon99,https://dblp.org/rec/conf/icail/Bench-Capon99
ICAIL,1999,Conference and Workshop Papers,closed,A generative model of narrative cases,Karl Branting,,http://portal.acm.org/citation.cfm?id=323706.323708,1-8,conf/icail/Branting99,https://dblp.org/rec/conf/icail/Branting99
ICAIL,1999,Conference and Workshop Papers,closed,Integrating discourse and domain knowledge for document drafting,Karl Branting; Charles B. Callaway; Bradford W. Mott; James C. Lester,,http://portal.acm.org/citation.cfm?id=323706.323800,214-220,conf/icail/BrantingCML99,https://dblp.org/rec/conf/icail/BrantingCML99
ICAIL,1999,Conference and Workshop Papers,closed,Toward adding knowledge to learning algorithms for indexing legal cases,Stefanie Brüninghaus; Kevin D. Ashley,,http://portal.acm.org/citation.cfm?id=323706.323709,9-17,conf/icail/BruninghausA99,https://dblp.org/rec/conf/icail/BruninghausA99
ICAIL,1999,Conference and Workshop Papers,closed,JurisConsulto: retrieval in jurisprudencial text bases using juridical terminology,Tânia C. D&apos;Agostini Bueno; Christiane Gresse von Wangenheim; Eduardo da Silva Mattos; Hugo Cesar Hoeschl; Ricardo Miranda Barcia,,http://portal.acm.org/citation.cfm?id=323706.323789,147-155,conf/icail/BuenoWMHB99,https://dblp.org/rec/conf/icail/BuenoWMHB99
ICAIL,1999,Conference and Workshop Papers,closed,Checking regulation consistency by using SOL-resolution,Laurence Cholvy,,http://portal.acm.org/citation.cfm?id=323706.323717,73-79,conf/icail/Cholvy99,https://dblp.org/rec/conf/icail/Cholvy99
ICAIL,1999,Conference and Workshop Papers,closed,Verification and normalization of sentences,Marco Costa; José Neves; Orlando Sousa; Simas Santos,,http://portal.acm.org/citation.cfm?id=323706.323787,136-137,conf/icail/CostaNSS99,https://dblp.org/rec/conf/icail/CostaNSS99
ICAIL,1999,Conference and Workshop Papers,closed,Sentencing and information management: consistency and the particularities of a case,Marius J. A. Duker; Arno R. Lodder,,http://portal.acm.org/citation.cfm?id=323706.323720,100-107,conf/icail/DukerL99,https://dblp.org/rec/conf/icail/DukerL99
ICAIL,1999,Conference and Workshop Papers,closed,Bankruptcy case law: a hybrid IR-CBR approach,Mohamed T. Elhadi; Tibor Vámos,,http://portal.acm.org/citation.cfm?id=323706.323786,134-135,conf/icail/ElhadiV99,https://dblp.org/rec/conf/icail/ElhadiV99
ICAIL,1999,Conference and Workshop Papers,closed,With a wysh and a prayer: an experiment in cooperative development of legal knowledgebases,Graham Greenleaf; Philip Chung; Daniel Austin; Russell Allen; Andrew Mowbray,,http://portal.acm.org/citation.cfm?id=323706.323784,130-131,conf/icail/GreenleafCAAM99,https://dblp.org/rec/conf/icail/GreenleafCAAM99
ICAIL,1999,Conference and Workshop Papers,closed,"Precedent, deontic logic, and inheritance",John F. Horty,,http://portal.acm.org/citation.cfm?id=323706.323716,63-72,conf/icail/Horty99,https://dblp.org/rec/conf/icail/Horty99
ICAIL,1999,Conference and Workshop Papers,closed,Dialectic semantics for argumentation frameworks,Hadassa Jakobovits; Dirk Vermeir,,http://portal.acm.org/citation.cfm?id=323706.323715,53-62,conf/icail/JakobovitsV99,https://dblp.org/rec/conf/icail/JakobovitsV99
ICAIL,1999,Conference and Workshop Papers,closed,A demonstration of a legal reasoning system based on teleological analogies,Tokuyasu Kakuta; Makoto Haraguchi,,http://portal.acm.org/citation.cfm?id=323706.323798,196-205,conf/icail/KakutaH99,https://dblp.org/rec/conf/icail/KakutaH99
ICAIL,1999,Conference and Workshop Papers,closed,Developing computational models of discretion to build legal knowledge based systems,Yaakov HaCohen-Kerner; Uri J. Schild; John Zeleznikow,,http://portal.acm.org/citation.cfm?id=323706.323799,206-213,conf/icail/KernerSZ99,https://dblp.org/rec/conf/icail/KernerSZ99
ICAIL,1999,Conference and Workshop Papers,closed,Time and norms: a formalisation in the event-calculus,Rafaél Hernández Marín; Giovanni Sartor,,http://portal.acm.org/citation.cfm?id=323706.323719,90-99,conf/icail/MarinS99,https://dblp.org/rec/conf/icail/MarinS99
ICAIL,1999,Conference and Workshop Papers,closed,Knowledge criteria for the evaluation of legal beliefs,Laurens Mommers; H. Jaap van den Herik,,http://portal.acm.org/citation.cfm?id=323706.323797,194-195,conf/icail/MommersH99,https://dblp.org/rec/conf/icail/MommersH99
ICAIL,1999,Conference and Workshop Papers,closed,Automating forms publishing with the Intelligent Filing Manager,K. C. Mukherjee,,http://portal.acm.org/citation.cfm?id=323706.323726,128-129,conf/icail/Mukherjee99,https://dblp.org/rec/conf/icail/Mukherjee99
ICAIL,1999,Conference and Workshop Papers,closed,A legal negotiation support system,Katsumi Nitta; Masato Shibasaki; Akira Yamazaki; Yoshiaki Yasumura,,http://portal.acm.org/citation.cfm?id=323706.323785,132-133,conf/icail/NittaSYY99,https://dblp.org/rec/conf/icail/NittaSYY99
ICAIL,1999,Conference and Workshop Papers,closed,JUSTICE: a judicial search tool using intelligent concept extraction,James Osborn; Leon Sterling,,http://portal.acm.org/citation.cfm?id=323706.323792,173-181,conf/icail/OsbornS99,https://dblp.org/rec/conf/icail/OsbornS99
ICAIL,1999,Conference and Workshop Papers,closed,Mutual benefits for AI &amp; law and knowledge management,Anja Oskamp; Maaike Tragter; Arno R. Lodder,,http://portal.acm.org/citation.cfm?id=323706.323725,126-127,conf/icail/OskampTL99,https://dblp.org/rec/conf/icail/OskampTL99
ICAIL,1999,Conference and Workshop Papers,closed,A collaborative legal information retrieval system using dynamic logic programming,Paulo Quaresma; Irene Pimenta Rodrigues,,http://portal.acm.org/citation.cfm?id=323706.323795,190-191,conf/icail/QuaresmaR99,https://dblp.org/rec/conf/icail/QuaresmaR99
ICAIL,1999,Conference and Workshop Papers,closed,I yield one minute...: an analysis of the final speeches from the House impeachment hearings,Edwina L. Rissland,,http://portal.acm.org/citation.cfm?id=323706.323712,25-35,conf/icail/Rissland99,https://dblp.org/rec/conf/icail/Rissland99
ICAIL,1999,Conference and Workshop Papers,closed,From collective to individual commitments,Lambèr M. M. Royakkers; Frank Dignum,,http://portal.acm.org/citation.cfm?id=323706.323796,192-193,conf/icail/RoyakkersD99,https://dblp.org/rec/conf/icail/RoyakkersD99
ICAIL,1999,Conference and Workshop Papers,closed,A learning technique for legal document analysis,Erich Schweighofer; Dieter Merkl,,http://portal.acm.org/citation.cfm?id=323706.323790,156-163,conf/icail/SchweighoferM99,https://dblp.org/rec/conf/icail/SchweighoferM99
ICAIL,1999,Conference and Workshop Papers,closed,The evaluation of legal knowledge based systems,Andrew Stranieri; John Zeleznikow,,http://portal.acm.org/citation.cfm?id=323706.323711,18-24,conf/icail/StranieriZ99,https://dblp.org/rec/conf/icail/StranieriZ99
ICAIL,1999,Conference and Workshop Papers,closed,Automated argument assistance for lawyers,Bart Verheij,,http://portal.acm.org/citation.cfm?id=323706.323714,43-52,conf/icail/Verheij99,https://dblp.org/rec/conf/icail/Verheij99
ICAIL,1999,Conference and Workshop Papers,closed,Intelligent jurisprudence research: a new concept,Rosina Weber,,http://portal.acm.org/citation.cfm?id=323706.323791,164-172,conf/icail/Weber99,https://dblp.org/rec/conf/icail/Weber99
ICAIL,1999,Conference and Workshop Papers,closed,Generating exception structures for legal information serving,Radboud Winkels; D. J. B. Bosscher; A. W. F. Boer; J. A. Breuker,,http://portal.acm.org/citation.cfm?id=323706.323793,182-189,conf/icail/WinkelsBBB99,https://dblp.org/rec/conf/icail/WinkelsBBB99
ICAIL,1999,Conference and Workshop Papers,closed,"The integration of retrieval, reasoning and drafting for refugee law: a third generation legal knowledge based system",John Yearwood; Andrew Stranieri,,http://portal.acm.org/citation.cfm?id=323706.323724,117-125,conf/icail/YearwoodS99,https://dblp.org/rec/conf/icail/YearwoodS99
ICAIL,2001,Editorship,,"Proceedings of the Eigths International Conference on Artificial Intelligence and Law, ICAIL 2001, St. Louis, Missouri, USA, May 21-25, 2001",Ronald Prescott Loui,10.1145/383535,https://doi.org/10.1145/383535,,conf/icail/2001,https://dblp.org/rec/conf/icail/2001
ICAIL,2001,Conference and Workshop Papers,closed,A machine learning approach to prior case retrieval,Khalid Al-Kofahi; Alex Tyrrell; Arun Vachher; Peter Jackson,10.1145/383535.383545,https://doi.org/10.1145/383535.383545,88-93,conf/icail/Al-KofahiTVJ01,https://dblp.org/rec/conf/icail/Al-KofahiTVJ01
ICAIL,2001,Conference and Workshop Papers,closed,AustLII&apos;s Aide - Natural language legislative rulebases,Russell Allen; Philip Chung; Andrew Mowbray; Graham Greenleaf,10.1145/383535.383564,https://doi.org/10.1145/383535.383564,223-224,conf/icail/AllenCMG01,https://dblp.org/rec/conf/icail/AllenCMG01
ICAIL,2001,Conference and Workshop Papers,closed,An AI investigation of citation&apos;s cognitive role,Kevin D. Ashley; Bruce M. McLaren,10.1145/383535.383539,https://doi.org/10.1145/383535.383539,32-41,conf/icail/AshleyM01,https://dblp.org/rec/conf/icail/AshleyM01
ICAIL,2001,Conference and Workshop Papers,closed,Theory based explanation of case law domains,Trevor J. M. Bench-Capon; Giovanni Sartor,10.1145/383535.383537,https://doi.org/10.1145/383535.383537,12-21,conf/icail/Bench-CaponS01,https://dblp.org/rec/conf/icail/Bench-CaponS01
ICAIL,2001,Conference and Workshop Papers,closed,An action-based ontology of legal relations,Guido Boella; Lyda Favali; Leonardo Lesmo,10.1145/383535.383566,https://doi.org/10.1145/383535.383566,227-228,conf/icail/BoellaFL01,https://dblp.org/rec/conf/icail/BoellaFL01
ICAIL,2001,Conference and Workshop Papers,closed,Conception of cognitive interfaces for legal knowledge,Filipe Borges; Danièle Bourcier; Evelyne Andreewsky; Raoul Borges,10.1145/383535.383568,https://doi.org/10.1145/383535.383568,231-232,conf/icail/BorgesBAB01,https://dblp.org/rec/conf/icail/BorgesBAB01
ICAIL,2001,Conference and Workshop Papers,closed,Advisory systems for pro se litigants,Karl Branting,10.1145/383535.383552,https://doi.org/10.1145/383535.383552,139-146,conf/icail/Branting01,https://dblp.org/rec/conf/icail/Branting01
ICAIL,2001,Conference and Workshop Papers,closed,Improving the representation of legal case texts with information extraction methods,Stefanie Brüninghaus; Kevin D. Ashley,10.1145/383535.383540,https://doi.org/10.1145/383535.383540,42-51,conf/icail/BruninghausA01,https://dblp.org/rec/conf/icail/BruninghausA01
ICAIL,2001,Conference and Workshop Papers,closed,A cognitive approach to judicial opinion structure: applying domain expertise to component analysis,Jack G. Conrad; Daniel P. Dabney,10.1145/383535.383536,https://doi.org/10.1145/383535.383536,1-11,conf/icail/ConradD01,https://dblp.org/rec/conf/icail/ConradD01
ICAIL,2001,Conference and Workshop Papers,closed,Power: Using UML/OCL for modelling legislation - an application report,Tom M. van Engers,10.1145/383535.383554,https://doi.org/10.1145/383535.383554,157-167,conf/icail/Engers01,https://dblp.org/rec/conf/icail/Engers01
ICAIL,2001,Conference and Workshop Papers,closed,Introducing PETE: computer support for teaching ethics,Ilya M. Goldin; Kevin D. Ashley; Rosa Lynn Pinkus,10.1145/383535.383546,https://doi.org/10.1145/383535.383546,94-98,conf/icail/GoldinAP01,https://dblp.org/rec/conf/icail/GoldinAP01
ICAIL,2001,Conference and Workshop Papers,closed,A formal approach to legal negotiation,Guido Governatori; Marlon Dumas; Arthur H. M. ter Hofstede; Phillipa Oaks,10.1145/383535.383555,https://doi.org/10.1145/383535.383555,168-177,conf/icail/GovernatoriDHO01,https://dblp.org/rec/conf/icail/GovernatoriDHO01
ICAIL,2001,Conference and Workshop Papers,closed,Formalizing legal coherence,Jaap Hage,10.1145/383535.383538,https://doi.org/10.1145/383535.383538,22-31,conf/icail/Hage01,https://dblp.org/rec/conf/icail/Hage01
ICAIL,2001,Conference and Workshop Papers,closed,Acknowledging insufficiency in the evaluation of legal knowledge-based systems: Strategies towards a broad based evaluation model,Jean Hall; John Zeleznikow,10.1145/383535.383553,https://doi.org/10.1145/383535.383553,147-156,conf/icail/HallZ01,https://dblp.org/rec/conf/icail/HallZ01
ICAIL,2001,Conference and Workshop Papers,closed,Dynamic arguments in a case law domain,John Henderson; Trevor J. M. Bench-Capon,10.1145/383535.383542,https://doi.org/10.1145/383535.383542,60-69,conf/icail/HendersonB01,https://dblp.org/rec/conf/icail/HendersonB01
ICAIL,2001,Conference and Workshop Papers,closed,Barcia: Olimo: contextual structured search to retrieval UN security council resolutions,Hugo Cesar Hoeschl; Tânia C. D&apos;Agostini Bueno; Eduardo da Silva Mattos; Andre Bortolon; Ricardo Miranda Barcia,10.1145/383535.383561,https://doi.org/10.1145/383535.383561,217-218,conf/icail/HoeschlBMBB01,https://dblp.org/rec/conf/icail/HoeschlBMBB01
ICAIL,2001,Conference and Workshop Papers,closed,Reasoning about the objects of attitudes and operators: Towards a disquotation theory for representation of propositional content,Steven O. Kimbrough,10.1145/383535.383557,https://doi.org/10.1145/383535.383557,188-195,conf/icail/Kimbrough01,https://dblp.org/rec/conf/icail/Kimbrough01
ICAIL,2001,Conference and Workshop Papers,closed,A categorization method for French legal documents on the web,Guiraude Lame,10.1145/383535.383562,https://doi.org/10.1145/383535.383562,219-220,conf/icail/Lame01,https://dblp.org/rec/conf/icail/Lame01
ICAIL,2001,Conference and Workshop Papers,closed,Burden of proof in dialogue games and Dutch civil procedure,Ronald Leenes,10.1145/383535.383549,https://doi.org/10.1145/383535.383549,109-118,conf/icail/Leenes01,https://dblp.org/rec/conf/icail/Leenes01
ICAIL,2001,Conference and Workshop Papers,closed,Automated reasoning with legal XML documents,Laurence L. Leff,10.1145/383535.383560,https://doi.org/10.1145/383535.383560,215-216,conf/icail/Leff01,https://dblp.org/rec/conf/icail/Leff01
ICAIL,2001,Conference and Workshop Papers,closed,On the automation of legal reasoning about the attribution of responsibility,Jos Lehmann; Abdullatif A. O. Elhag,10.1145/383535.383567,https://doi.org/10.1145/383535.383567,229-230,conf/icail/LehmannE01,https://dblp.org/rec/conf/icail/LehmannE01
ICAIL,2001,Conference and Workshop Papers,closed,A simple model to structure the information of parties in online alternative dispute resolution,Arno R. Lodder,10.1145/383535.383569,https://doi.org/10.1145/383535.383569,233,conf/icail/Lodder01,https://dblp.org/rec/conf/icail/Lodder01
ICAIL,2001,Conference and Workshop Papers,closed,Refinement. A tool to deal with inconsistencies,Juliano Maranhão,10.1145/383535.383541,https://doi.org/10.1145/383535.383541,52-59,conf/icail/Maranhao01,https://dblp.org/rec/conf/icail/Maranhao01
ICAIL,2001,Conference and Workshop Papers,closed,System development a la MODDE,Tunde Meikle; John Yearwood,10.1145/383535.383547,https://doi.org/10.1145/383535.383547,99-103,conf/icail/MeikleY01,https://dblp.org/rec/conf/icail/MeikleY01
ICAIL,2001,Conference and Workshop Papers,closed,AI techniques and concept analysis,Anja Oskamp,10.1145/383535.383563,https://doi.org/10.1145/383535.383563,221-222,conf/icail/Oskamp01,https://dblp.org/rec/conf/icail/Oskamp01
ICAIL,2001,Conference and Workshop Papers,closed,Modelling reasoning about evidence in legal procedure,Henry Prakken,10.1145/383535.383550,https://doi.org/10.1145/383535.383550,119-128,conf/icail/Prakken01,https://dblp.org/rec/conf/icail/Prakken01
ICAIL,2001,Conference and Workshop Papers,closed,Using logic programming to model multi-agent Web legal systems - an application report,Paulo Quaresma; Irene Rodrigues,10.1145/383535.383558,https://doi.org/10.1145/383535.383558,196-205,conf/icail/QuaresmaR01,https://dblp.org/rec/conf/icail/QuaresmaR01
ICAIL,2001,Conference and Workshop Papers,closed,A Typology of Moves Involved in Case Comparison,Bram Roth,10.1145/383535.383551,https://doi.org/10.1145/383535.383551,129-138,conf/icail/Roth01,https://dblp.org/rec/conf/icail/Roth01
ICAIL,2001,Conference and Workshop Papers,closed,"Automatic text representation, classification and labeling in European law",Erich Schweighofer; Andreas Rauber; Michael Dittenbach,10.1145/383535.383544,https://doi.org/10.1145/383535.383544,78-87,conf/icail/SchweighoferRD01,https://dblp.org/rec/conf/icail/SchweighoferRD01
ICAIL,2001,Conference and Workshop Papers,closed,Tools for placing legal decision support systems on the world wide web,Andrew Stranieri; John Yearwood; John Zeleznikow,10.1145/383535.383559,https://doi.org/10.1145/383535.383559,206-214,conf/icail/StranieriYZ01,https://dblp.org/rec/conf/icail/StranieriYZ01
ICAIL,2001,Conference and Workshop Papers,closed,Norms and time in agent-based systems,Tiberiu Stratulat; Françoise Clérin-Debart; Patrice Enjalbert,10.1145/383535.383556,https://doi.org/10.1145/383535.383556,178-187,conf/icail/StratulatCE01,https://dblp.org/rec/conf/icail/StratulatCE01
ICAIL,2001,Conference and Workshop Papers,closed,Automatic categorization of case law,Paul Thompson,10.1145/383535.383543,https://doi.org/10.1145/383535.383543,70-77,conf/icail/Thompson01,https://dblp.org/rec/conf/icail/Thompson01
ICAIL,2001,Conference and Workshop Papers,closed,Legal decision making as dialectical theory construction with argumentation schemes,Bart Verheij,10.1145/383535.383565,https://doi.org/10.1145/383535.383565,225-226,conf/icail/Verheij01,https://dblp.org/rec/conf/icail/Verheij01
ICAIL,2001,Conference and Workshop Papers,closed,Design and implementation of GungaWeb: an application of classical expert system technology to the production of Web-based commercial systems,David E. Woodin,10.1145/383535.383548,https://doi.org/10.1145/383535.383548,104-108,conf/icail/Woodin01,https://dblp.org/rec/conf/icail/Woodin01
ICAIL,2003,Editorship,,"Proceedings of the 9th International Conference on Artificial Intelligence and Law, ICAIL 2003, Edinburgh, Scotland, UK, June 24-28, 2003",John Zeleznikow; Giovanni Sartor,10.1145/1047788,https://doi.org/10.1145/1047788,,conf/icail/2003,https://dblp.org/rec/conf/icail/2003
ICAIL,2003,Editorship,unavailable,"Evaluation of Legal Reasoning and Problem-Solving Systems, Papers from the ICAIL 2003 Workshop, Edinburgh, Scotland, UK, June 28, 2003",,,,,conf/icail/2003w,https://dblp.org/rec/conf/icail/2003w
ICAIL,2003,Conference and Workshop Papers,closed,An Executable Specification of an Argumentation Protocol,Alexander Artikis; Marek J. Sergot; Jeremy Pitt,10.1145/1047788.1047790,https://doi.org/10.1145/1047788.1047790,1-11,conf/icail/ArtikisSP03,https://dblp.org/rec/conf/icail/ArtikisSP03
ICAIL,2003,Conference and Workshop Papers,closed,Applying Case-Based Reasoning to Knowledge Representation of Tributary Decisions,Alexandre Serra Barreto; Tânia C. D&apos;Agostini Bueno; Hugo Cesar Hoeschl,10.1145/1047788.1047801,https://doi.org/10.1145/1047788.1047801,77-78,conf/icail/BarretoBH03,https://dblp.org/rec/conf/icail/BarretoBH03
ICAIL,2003,Conference and Workshop Papers,unavailable,Suggestions for Standard Example Sets,Trevor J. M. Bench-Capon,,,17,conf/icail/Bench-Capon03,https://dblp.org/rec/conf/icail/Bench-Capon03
ICAIL,2003,Conference and Workshop Papers,closed,Formal representation of the Institute of Criminal Liability,Bostjan Bercic,10.1145/1047788.1047802,https://doi.org/10.1145/1047788.1047802,79-80,conf/icail/Bercic03,https://dblp.org/rec/conf/icail/Bercic03
ICAIL,2003,Conference and Workshop Papers,closed,Rational Norm Creation,Guido Boella; Leendert W. N. van der Torre,10.1145/1047788.1047803,https://doi.org/10.1145/1047788.1047803,81-82,conf/icail/BoellaT03,https://dblp.org/rec/conf/icail/BoellaT03
ICAIL,2003,Conference and Workshop Papers,closed,Permissions and Obligations in Hierarchical Normative Systems,Guido Boella; Leendert W. N. van der Torre,10.1145/1047788.1047818,https://doi.org/10.1145/1047788.1047818,109-118,conf/icail/BoelleT03,https://dblp.org/rec/conf/icail/BoelleT03
ICAIL,2003,Conference and Workshop Papers,closed,Using Ontologies for Comparing and Harmonizing Legislation,Alexander Boer; Tom M. van Engers; Radboud Winkels,10.1145/1047788.1047798,https://doi.org/10.1145/1047788.1047798,60-69,conf/icail/BoerEW03,https://dblp.org/rec/conf/icail/BoerEW03
ICAIL,2003,Conference and Workshop Papers,closed,A Comparative Evaluation of Name-Matching Algorithms,Karl Branting,10.1145/1047788.1047837,https://doi.org/10.1145/1047788.1047837,224-232,conf/icail/Branting03,https://dblp.org/rec/conf/icail/Branting03
ICAIL,2003,Conference and Workshop Papers,unavailable,An Agenda for Empirical Research in AI and Law,Karl Branting,,,28-35,conf/icail/Branting03a,https://dblp.org/rec/conf/icail/Branting03a
ICAIL,2003,Conference and Workshop Papers,closed,Modelling Legal Reasoning in a Mathematical Environment through Model-Theoretic Semantics,Samuel M. Brasil Jr.; Berilhes Borges Garcia,10.1145/1047788.1047833,https://doi.org/10.1145/1047788.1047833,195-203,conf/icail/BrasilG03,https://dblp.org/rec/conf/icail/BrasilG03
ICAIL,2003,Conference and Workshop Papers,unavailable,The use of legal knowledge-based systems in public administration: what can go wrong?,Hugo de Bruin; Henry Prakken; Jörgen S. Svensson,,,14-16,conf/icail/BruinPS03,https://dblp.org/rec/conf/icail/BruinPS03
ICAIL,2003,Conference and Workshop Papers,closed,Predicting Outcomes of Case-Based Legal Arguments,Stefanie Brüninghaus; Kevin D. Ashley,10.1145/1047788.1047838,https://doi.org/10.1145/1047788.1047838,233-242,conf/icail/BruninghausA03,https://dblp.org/rec/conf/icail/BruninghausA03
ICAIL,2003,Conference and Workshop Papers,unavailable,Experimental Design for Evaluating an AI and Law Program,Stefanie Brüninghaus; Kevin D. Ashley,,,10-13,conf/icail/BruninghausA03a,https://dblp.org/rec/conf/icail/BruninghausA03a
ICAIL,2003,Conference and Workshop Papers,closed,Analyzing the use of Dynamic Weights in Legal Case Based System,Tânia C. D&apos;Agostini Bueno; Andre Bortolon; Hugo Cesar Hoeschl; Eduardo da Silva Mattos; Marcelo S. Ribeiro,10.1145/1047788.1047822,https://doi.org/10.1145/1047788.1047822,136-141,conf/icail/BuenoBHMR03,https://dblp.org/rec/conf/icail/BuenoBHMR03
ICAIL,2003,Conference and Workshop Papers,closed,Using RBC to Classify Judicial Petition on e-Court,Tânia C. D&apos;Agostini Bueno; Hugo Cesar Hoeschl; Cristina Souza Santos; Andre Bortolon; Eduardo da Silva Mattos; Irineu Theiss,10.1145/1047788.1047804,https://doi.org/10.1145/1047788.1047804,83-84,conf/icail/BuenoHSBMT03,https://dblp.org/rec/conf/icail/BuenoHSBMT03
ICAIL,2003,Conference and Workshop Papers,closed,Positive and Negative Expectations and the Deontic Nature of Social Conventions,Cristiano Castelfranchi; Luca Tummolini,10.1145/1047788.1047819,https://doi.org/10.1145/1047788.1047819,119-125,conf/icail/CastelfranchiT03,https://dblp.org/rec/conf/icail/CastelfranchiT03
ICAIL,2003,Conference and Workshop Papers,closed,Developing Legal Knowledge Based Systems Through Theory Construction,Alison Chorley; Trevor J. M. Bench-Capon,10.1145/1047788.1047805,https://doi.org/10.1145/1047788.1047805,85-86,conf/icail/ChorleyB03,https://dblp.org/rec/conf/icail/ChorleyB03
ICAIL,2003,Conference and Workshop Papers,closed,Client-System Collaboration for Legal Corpus Selection in an Online Production Environment,Jack G. Conrad; Joanne S. Claussen,10.1145/1047788.1047842,https://doi.org/10.1145/1047788.1047842,262-273,conf/icail/ConradC03,https://dblp.org/rec/conf/icail/ConradC03
ICAIL,2003,Conference and Workshop Papers,unavailable,Validation: A Critical First Step in the Evaluation of Systems for Legal Corpus Determination,Jack G. Conrad; Joanne S. Claussen,,,1-9,conf/icail/ConradC03a,https://dblp.org/rec/conf/icail/ConradC03a
ICAIL,2003,Conference and Workshop Papers,closed,New Procedures For Environment Licensing with Artificial Intelligence - CIPPLA,Filipe Corrêa da Costa; Tânia C. D&apos;Agostini Bueno; Hugo Cesar Hoeschl; Érica Bezerra Queiroz Ribeiro,10.1145/1047788.1047806,https://doi.org/10.1145/1047788.1047806,87-88,conf/icail/CostaBR03,https://dblp.org/rec/conf/icail/CostaBR03
ICAIL,2003,Conference and Workshop Papers,closed,Bayesian Networks and Traffic Accident Reconstruction,Gary A. Davis; Jianping Pei,10.1145/1047788.1047829,https://doi.org/10.1145/1047788.1047829,171-176,conf/icail/DavisP03,https://dblp.org/rec/conf/icail/DavisP03
ICAIL,2003,Conference and Workshop Papers,closed,Creation of an Expert Witness Database Through Text Mining,Christopher Dozier; Peter Jackson; Xi S. Guo; Mark Chaudhary; Yohendran Arumainayagam,10.1145/1047788.1047830,https://doi.org/10.1145/1047788.1047830,177-184,conf/icail/DozierJGCA03,https://dblp.org/rec/conf/icail/DozierJGCA03
ICAIL,2003,Conference and Workshop Papers,closed,Prevarication in Dispute Protocols,Paul E. Dunne,10.1145/1047788.1047791,https://doi.org/10.1145/1047788.1047791,12-21,conf/icail/Dunne03,https://dblp.org/rec/conf/icail/Dunne03
ICAIL,2003,Conference and Workshop Papers,closed,Improving Legal Quality - an application report,Tom M. van Engers; Margherita R. Boekenoogen,10.1145/1047788.1047844,https://doi.org/10.1145/1047788.1047844,284-292,conf/icail/EngersB03,https://dblp.org/rec/conf/icail/EngersB03
ICAIL,2003,Conference and Workshop Papers,closed,The Fraunce (1588) Model of Case-based Reasoning,Pamela N. Gray; Scott Mann,10.1145/1047788.1047807,https://doi.org/10.1145/1047788.1047807,89-90,conf/icail/GrayM03,https://dblp.org/rec/conf/icail/GrayM03
ICAIL,2003,Conference and Workshop Papers,closed,Towards a Computational Account of Persuasion in Law,Katie Greenwood; Trevor J. M. Bench-Capon; Peter McBurney,10.1145/1047788.1047792,https://doi.org/10.1145/1047788.1047792,22-31,conf/icail/GreenwoodBM03,https://dblp.org/rec/conf/icail/GreenwoodBM03
ICAIL,2003,Conference and Workshop Papers,closed,About the Fusion of Legal Knowledge with Exceptions,Éric Grégoire,10.1145/1047788.1047808,https://doi.org/10.1145/1047788.1047808,91-92,conf/icail/Gregoire03,https://dblp.org/rec/conf/icail/Gregoire03
ICAIL,2003,Conference and Workshop Papers,closed,Automatic Summarisation of Legal Documents,Claire Grover; Ben Hachey; Ian Hughson; Chris Korycinski,10.1145/1047788.1047839,https://doi.org/10.1145/1047788.1047839,243-251,conf/icail/GroverHHK03,https://dblp.org/rec/conf/icail/GroverHHK03
ICAIL,2003,Conference and Workshop Papers,closed,A process for evaluating legal knowledge-based systems based upon the Context Criteria Contingency-guidelines Framework,Maria Jean J. Hall; Richard Hall; John Zeleznikow,10.1145/1047788.1047843,https://doi.org/10.1145/1047788.1047843,274-283,conf/icail/HallHZ03,https://dblp.org/rec/conf/icail/HallHZ03
ICAIL,2003,Conference and Workshop Papers,unavailable,A proposal for an evaluation repository for AI and Law systems,Jean Hall; Richard Hall; John Zeleznikow,,,23-27,conf/icail/HallHZ03a,https://dblp.org/rec/conf/icail/HallHZ03a
ICAIL,2003,Conference and Workshop Papers,closed,Linguistic Bayesian Networks for Reasoning will Objective Probabilities in Forensic Statistics,Joe Halliwell; Jeroen Keppens; Qiang Shen,10.1145/1047788.1047795,https://doi.org/10.1145/1047788.1047795,42-50,conf/icail/HalliwellKS03,https://dblp.org/rec/conf/icail/HalliwellKS03
ICAIL,2003,Conference and Workshop Papers,closed,Interoperability from Electronic Commerce to Litigation Using XML Rules,Zaw Z. Han; Tin T. Khine; Imtinan Ahmad; Sunil Shrestha; Laurence L. Leff,10.1145/1047788.1047809,https://doi.org/10.1145/1047788.1047809,93-94,conf/icail/HanKASL03,https://dblp.org/rec/conf/icail/HanKASL03
ICAIL,2003,Conference and Workshop Papers,closed,Dynamically Contextualized Knowledge Representation of The United Nations Security Council Resolution,Hugo Cesar Hoeschl; Tânia C. D&apos;Agostini Bueno; Andre Bortolon; Eduardo da Silva Mattos; Marcelo S. Ribeiro; Irineu Theiss,10.1145/1047788.1047810,https://doi.org/10.1145/1047788.1047810,95-96,conf/icail/HoeschlBBMRT03,https://dblp.org/rec/conf/icail/HoeschlBBMRT03
ICAIL,2003,Conference and Workshop Papers,closed,Knowledge-Based System Applied on the Previous Consent of Brazilian National Defense Council,Hugo Cesar Hoeschl; Tânia C. D&apos;Agostini Bueno; Eduardo da Silva Mattos; Ricardo Miranda Barcia; Marcelo S. Ribeiro,10.1145/1047788.1047811,https://doi.org/10.1145/1047788.1047811,97-98,conf/icail/HoeshlBMBR03,https://dblp.org/rec/conf/icail/HoeshlBMBR03
ICAIL,2003,Conference and Workshop Papers,closed,Visualizing Association Rules for feedback within the legal system,Sasha Ivkovic; John Yearwood; Andrew Stranieri,10.1145/1047788.1047835,https://doi.org/10.1145/1047788.1047835,214-223,conf/icail/IvkovicYS03,https://dblp.org/rec/conf/icail/IvkovicYS03
ICAIL,2003,Conference and Workshop Papers,closed,Induction of Defeasible Logic Theories in the Legal Domain,Benjamin Johnston; Guido Governatori,10.1145/1047788.1047834,https://doi.org/10.1145/1047788.1047834,204-213,conf/icail/JohnstonG03,https://dblp.org/rec/conf/icail/JohnstonG03
ICAIL,2003,Conference and Workshop Papers,closed,A Model Based Reasoning Approach for Generating Plausible Crime Scenarios from Evidence,Jeroen Keppens; John Zeleznikow,10.1145/1047788.1047796,https://doi.org/10.1145/1047788.1047796,51-59,conf/icail/KeppensZ03,https://dblp.org/rec/conf/icail/KeppensZ03
ICAIL,2003,Conference and Workshop Papers,closed,Logic-Based Regulation Compliance-Assistance,Shawn Kerrigan; Kincho H. Law,10.1145/1047788.1047820,https://doi.org/10.1145/1047788.1047820,126-135,conf/icail/KerriganL03,https://dblp.org/rec/conf/icail/KerriganL03
ICAIL,2003,Conference and Workshop Papers,closed,On Original Generation of Structure in Legal Documents,Steven Orla Kimbrough; Thomas Y. Lee; Balaji Padmanabhan; Yinghui Yang,10.1145/1047788.1047826,https://doi.org/10.1145/1047788.1047826,152-161,conf/icail/KimbroughLPY03,https://dblp.org/rec/conf/icail/KimbroughLPY03
ICAIL,2003,Conference and Workshop Papers,closed,Classification and Clustering for Case-Based Criminal Summary Judgement,Chao-Lin Liu; Cheng-Tsung Chang; Jim-How Ho,10.1145/1047788.1047840,https://doi.org/10.1145/1047788.1047840,252-261,conf/icail/LiuCH03,https://dblp.org/rec/conf/icail/LiuCH03
ICAIL,2003,Conference and Workshop Papers,closed,A Knowledge Base for Automatic Capitulation in Expert System,Eduardo da Silva Mattos; Hugo Cesar Hoeschl; Marcelo S. Ribeiro; Tânia C. D&apos;Agostini Bueno,10.1145/1047788.1047812,https://doi.org/10.1145/1047788.1047812,99-100,conf/icail/MattosHRB03,https://dblp.org/rec/conf/icail/MattosHRB03
ICAIL,2003,Conference and Workshop Papers,closed,Using Configuration Technology as the Core of a Legal Decision Support System,Erik Roland van der Meer; I. S. Henriksen; Henrik Reif Andersen,10.1145/1047788.1047824,https://doi.org/10.1145/1047788.1047824,147-151,conf/icail/MeerHA03,https://dblp.org/rec/conf/icail/MeerHA03
ICAIL,2003,Conference and Workshop Papers,unavailable,An Evaluation Forum for Legal IR System?,Marie-Francine Moens,,,18-22,conf/icail/Moens03,https://dblp.org/rec/conf/icail/Moens03
ICAIL,2003,Conference and Workshop Papers,closed,Concept Extraction from Legal Cases: The Use of a Statistic of Coincidence,Marie-Francine Moens; Roxana Angheluta,10.1145/1047788.1047823,https://doi.org/10.1145/1047788.1047823,142-146,conf/icail/MoensA03,https://dblp.org/rec/conf/icail/MoensA03
ICAIL,2003,Conference and Workshop Papers,closed,Applications of a Knowledge-based Ontology of the Legal Domain in Collaborative Workspaces,Laurens Mommers,10.1145/1047788.1047799,https://doi.org/10.1145/1047788.1047799,70-108,conf/icail/Mommers03,https://dblp.org/rec/conf/icail/Mommers03
ICAIL,2003,Conference and Workshop Papers,closed,An Online Moot Court System Mediated by an Agent,Katsumi Nitta; Yoshiaki Yasumura; Masahide Yuasa; Takahiro Tanaka,10.1145/1047788.1047813,https://doi.org/10.1145/1047788.1047813,101-102,conf/icail/NittaYYT03,https://dblp.org/rec/conf/icail/NittaYYT03
ICAIL,2003,Conference and Workshop Papers,closed,SHYSTER-MYCIN: A Hybrid Legal Expert System,Thomas A. O&apos;Callaghan; James Popple; Eric McGreath,10.1145/1047788.1047814,https://doi.org/10.1145/1047788.1047814,103-104,conf/icail/OCallaghanPM03,https://dblp.org/rec/conf/icail/OCallaghanPM03
ICAIL,2003,Conference and Workshop Papers,closed,Automated Extraction of Normative References in Legal Texts,Monica Palmirani; Raffaella Brighi; Matteo Massini,10.1145/1047788.1047815,https://doi.org/10.1145/1047788.1047815,105-106,conf/icail/PalmiraniBM03,https://dblp.org/rec/conf/icail/PalmiraniBM03
ICAIL,2003,Conference and Workshop Papers,closed,Argumentation Schemes and Generalizations in Reasoning about Evidence,Henry Prakken; Chris Reed; Douglas Walton,10.1145/1047788.1047794,https://doi.org/10.1145/1047788.1047794,32-41,conf/icail/PrakkenRW03,https://dblp.org/rec/conf/icail/PrakkenRW03
ICAIL,2003,Conference and Workshop Papers,closed,Specifying and Reasoning with Institutional Agents,Filipe Santos; Olga Pacheco,10.1145/1047788.1047827,https://doi.org/10.1145/1047788.1047827,162-170,conf/icail/SantosP03,https://dblp.org/rec/conf/icail/SantosP03
ICAIL,2003,Conference and Workshop Papers,closed,Intelligent Computer Evaluation of Offender&apos; Previous Record,Uri J. Schild; Ruth Kannai,10.1145/1047788.1047831,https://doi.org/10.1145/1047788.1047831,185-194,conf/icail/SchildK03,https://dblp.org/rec/conf/icail/SchildK03
ICAIL,2003,Conference and Workshop Papers,closed,A Meta-Level Approach to the Analysis of Legal Phenomena based on the Key Concept of Reduction,Clara P. Smith,10.1145/1047788.1047816,https://doi.org/10.1145/1047788.1047816,107-108,conf/icail/Smith03,https://dblp.org/rec/conf/icail/Smith03
ICAIL,2005,Editorship,,"The Tenth International Conference on Artificial Intelligence and Law, Proceedings of the Conference, June 6-11, 2005, Bologna, Italy",Giovanni Sartor,10.1145/1165485,https://doi.org/10.1145/1165485,,conf/icail/2005,https://dblp.org/rec/conf/icail/2005
ICAIL,2005,Conference and Workshop Papers,closed,Helping Law Students to Understand US Supreme Court Oral Arguments: A Planned Experiment,Vincent Aleven; Kevin D. Ashley; Collin F. Lynch,10.1145/1165485.1165494,https://doi.org/10.1145/1165485.1165494,55-59,conf/icail/AlevenAL05,https://dblp.org/rec/conf/icail/AlevenAL05
ICAIL,2005,Conference and Workshop Papers,closed,Arguing about cases as practical reasoning,Katie Atkinson; Trevor J. M. Bench-Capon; Peter McBurney,10.1145/1165485.1165492,https://doi.org/10.1145/1165485.1165492,35-44,conf/icail/AtkinsonBM05,https://dblp.org/rec/conf/icail/AtkinsonBM05
ICAIL,2005,Conference and Workshop Papers,closed,Automatic semantics extraction in law documents,Carlo Biagioli; Enrico Francesconi; Andrea Passerini; Simonetta Montemagni; Claudia Soria,10.1145/1165485.1165506,https://doi.org/10.1145/1165485.1165506,133-140,conf/icail/BiagioliFPMS05,https://dblp.org/rec/conf/icail/BiagioliFPMS05
ICAIL,2005,Conference and Workshop Papers,closed,A legal drafting environment based on formal and semantic XML standards,Carlo Biagioli; Enrico Francesconi; Pier-Luigi Spinosa; Mirco Taddei,10.1145/1165485.1165530,https://doi.org/10.1145/1165485.1165530,244-245,conf/icail/BiagioliFST05,https://dblp.org/rec/conf/icail/BiagioliFST05
ICAIL,2005,Conference and Workshop Papers,closed,Permission and Authorization in Normative Multiagent Systems,Guido Boella; Leendert W. N. van der Torre,10.1145/1165485.1165526,https://doi.org/10.1145/1165485.1165526,236-237,conf/icail/BoellaT05,https://dblp.org/rec/conf/icail/BoellaT05
ICAIL,2005,Conference and Workshop Papers,closed,HARE: An Italian Application of SoftLaw&apos;s STATUTE Expert Technology,Giulio Borsari; Claudia Cevenini; Giuseppe Contissa; Stefano Morini; Giovanni Sartor; Peter Still,10.1145/1165485.1165521,https://doi.org/10.1145/1165485.1165521,225-229,conf/icail/BorsariCCMSS05,https://dblp.org/rec/conf/icail/BorsariCCMSS05
ICAIL,2005,Conference and Workshop Papers,closed,Methodological Perspectives for Legal Ontologies Building: an Interdisciplinary Experience,Danièle Bourcier; Mélanie Dulong de Rosnay; Jacky Legrand,10.1145/1165485.1165528,https://doi.org/10.1145/1165485.1165528,240-241,conf/icail/BourcierRL05,https://dblp.org/rec/conf/icail/BourcierRL05
ICAIL,2005,Conference and Workshop Papers,closed,Generating Legal Arguments and Predictions from Case Texts,Stefanie Brüninghaus; Kevin D. Ashley,10.1145/1165485.1165497,https://doi.org/10.1145/1165485.1165497,65-74,conf/icail/BruninghausA05,https://dblp.org/rec/conf/icail/BruninghausA05
ICAIL,2005,Conference and Workshop Papers,closed,Iuriservice II: Ontology Development and Architectural Design,Pompeu Casanovas; Jesús Gorroñogoitia; Jesús Contreras; Mercedes Blázquez; Nuria Casellas; Joan-Josep Vallbé; Marta Poblet; Francesc Ramos; V. Richard Benjamins,10.1145/1165485.1165514,https://doi.org/10.1145/1165485.1165514,188-194,conf/icail/CasanovasGCBCVPRB05,https://dblp.org/rec/conf/icail/CasanovasGCBCVPRB05
ICAIL,2005,Conference and Workshop Papers,closed,AGATHA: Automated Construction of Case Law Theories Through Heuristic Search,Alison Chorley; Trevor J. M. Bench-Capon,10.1145/1165485.1165493,https://doi.org/10.1145/1165485.1165493,45-54,conf/icail/ChorleyB05,https://dblp.org/rec/conf/icail/ChorleyB05
ICAIL,2005,Conference and Workshop Papers,closed,Effective Document Clustering for Large Heterogeneous Law Firm Collections,Jack G. Conrad; Khalid Al-Kofahi; Ying Zhao; George Karypis,10.1145/1165485.1165513,https://doi.org/10.1145/1165485.1165513,177-187,conf/icail/ConradAZK05,https://dblp.org/rec/conf/icail/ConradAZK05
ICAIL,2005,Conference and Workshop Papers,closed,Cross-lingual legal information retrieval using a WordNet architecture,Luca Dini; Doris Liebwald; Laurens Mommers; Wim Peters; Erich Peters; Wim Voermans,10.1145/1165485.1165510,https://doi.org/10.1145/1165485.1165510,163-167,conf/icail/DiniLMPPV05,https://dblp.org/rec/conf/icail/DiniLMPPV05
ICAIL,2005,Conference and Workshop Papers,closed,Is linguistic information relevant for the text legal classification problem?,Teresa Gonçalves; Paulo Quaresma,10.1145/1165485.1165512,https://doi.org/10.1145/1165485.1165512,168-176,conf/icail/GoncalvesQ05,https://dblp.org/rec/conf/icail/GoncalvesQ05
ICAIL,2005,Conference and Workshop Papers,closed,Temporalised Normative Positions in Defeasible Logic,Guido Governatori; Antonino Rotolo; Giovanni Sartor,10.1145/1165485.1165490,https://doi.org/10.1145/1165485.1165490,25-34,conf/icail/GovernatoriRS05,https://dblp.org/rec/conf/icail/GovernatoriRS05
ICAIL,2005,Conference and Workshop Papers,closed,Modal logic investigations in the Modal logic investigations in the semantics of counts semantics of counts-as as,Davide Grossi; John-Jules Ch. Meyer; Frank Dignum,10.1145/1165485.1165487,https://doi.org/10.1145/1165485.1165487,1-9,conf/icail/GrossiMD05,https://dblp.org/rec/conf/icail/GrossiMD05
ICAIL,2005,Conference and Workshop Papers,closed,Automatic Legal Text Summarisation: Experiments with Summary Structuring,Ben Hachey; Claire Grover,10.1145/1165485.1165498,https://doi.org/10.1145/1165485.1165498,75-84,conf/icail/HacheyG05,https://dblp.org/rec/conf/icail/HacheyG05
ICAIL,2005,Conference and Workshop Papers,closed,A metalogical formalisation of legal argumentation as game trees with defeasible reasoning,Andreas Hamfelt; Jenny Eriksson Lundström; Jørgen Fischer Nilsson,10.1145/1165485.1165533,https://doi.org/10.1145/1165485.1165533,250-251,conf/icail/HamfeltLN05,https://dblp.org/rec/conf/icail/HamfeltLN05
ICAIL,2005,Conference and Workshop Papers,closed,Probabilistic Abductive Computation of Evidence Collection Strategies in Crime Investigation,Jeroen Keppens; Qiang Shen; Burkhard Schafer,10.1145/1165485.1165520,https://doi.org/10.1145/1165485.1165520,215-224,conf/icail/KeppensSS05,https://dblp.org/rec/conf/icail/KeppensSS05
ICAIL,2005,Conference and Workshop Papers,closed,A Note on Interpretations for Federated Languages and the Use of Disquotation,Steven Orla Kimbrough,10.1145/1165485.1165488,https://doi.org/10.1145/1165485.1165488,10-19,conf/icail/Kimbrough05,https://dblp.org/rec/conf/icail/Kimbrough05
ICAIL,2005,Conference and Workshop Papers,closed,Updating and versioning ontologies in the legal domain,Guiraude Lame; Sylvie Desprès,10.1145/1165485.1165509,https://doi.org/10.1145/1165485.1165509,155-162,conf/icail/LameD05,https://dblp.org/rec/conf/icail/LameD05
ICAIL,2005,Conference and Workshop Papers,closed,Legal Information Retrieval and Application on E-Rulemaking,Gloria T. Lau; Kincho H. Law; Gio Wiederhold,10.1145/1165485.1165508,https://doi.org/10.1145/1165485.1165508,146-154,conf/icail/LauLW05,https://dblp.org/rec/conf/icail/LauLW05
ICAIL,2005,Conference and Workshop Papers,closed,A Lawyer Directory Service using Legal Documents and Profile Information as Support,Gloria T. Lau; Tomasz Pawlowski; Rob Pasadas; Wlodek P. Kubalski,10.1145/1165485.1165535,https://doi.org/10.1145/1165485.1165535,254-255,conf/icail/LauPPK05,https://dblp.org/rec/conf/icail/LauPPK05
ICAIL,2005,Conference and Workshop Papers,closed,Intelligent Tools for Managing Factual Arguments,Marc Lauritsen,10.1145/1165485.1165501,https://doi.org/10.1145/1165485.1165501,95-104,conf/icail/Lauritsen05,https://dblp.org/rec/conf/icail/Lauritsen05
ICAIL,2005,Conference and Workshop Papers,closed,Computational Law,Nathaniel Love; Michael R. Genesereth,10.1145/1165485.1165517,https://doi.org/10.1145/1165485.1165517,205-209,conf/icail/LoveG05,https://dblp.org/rec/conf/icail/LoveG05
ICAIL,2005,Conference and Workshop Papers,closed,Tracing Legal Knowledge Evolution: Temporal Representation for Law,Maria Mach,10.1145/1165485.1165527,https://doi.org/10.1145/1165485.1165527,238-239,conf/icail/Mach05,https://dblp.org/rec/conf/icail/Mach05
ICAIL,2005,Conference and Workshop Papers,closed,Methods and techniques for building a digital historic-law dictionary,Paola Mariani; Costanza Badii,10.1145/1165485.1165523,https://doi.org/10.1145/1165485.1165523,230-231,conf/icail/MarianiB05,https://dblp.org/rec/conf/icail/MarianiB05
ICAIL,2005,Conference and Workshop Papers,closed,Dynamics of Legal Provisions and its Representation,Jacek Martinek; Jolanta Cybulka,10.1145/1165485.1165489,https://doi.org/10.1145/1165485.1165489,20-24,conf/icail/MartinekC05,https://dblp.org/rec/conf/icail/MartinekC05
ICAIL,2005,Conference and Workshop Papers,closed,Combining Structured and Unstructured Information in a Retrieval Model for Accessing Legislation,Marie-Francine Moens,10.1145/1165485.1165507,https://doi.org/10.1145/1165485.1165507,141-144,conf/icail/Moens05,https://dblp.org/rec/conf/icail/Moens05
ICAIL,2005,Conference and Workshop Papers,closed,Application of Argument Based Machine Learning to Law,Martin Mozina; Jure Zabkar; Trevor J. M. Bench-Capon; Ivan Bratko,10.1145/1165485.1165532,https://doi.org/10.1145/1165485.1165532,248-249,conf/icail/MozinaZBB05,https://dblp.org/rec/conf/icail/MozinaZBB05
ICAIL,2005,Conference and Workshop Papers,closed,Re-usable Retrieval Concepts for the Classification of Legal Documents,Kees van Noortwijk; Johanna Visser; Richard V. de Mulder,10.1145/1165485.1165534,https://doi.org/10.1145/1165485.1165534,252-253,conf/icail/NoortwijkVM05,https://dblp.org/rec/conf/icail/NoortwijkVM05
ICAIL,2005,Conference and Workshop Papers,closed,Criminal Networks and Spatial Density,Giles Oatley; John Zeleznikow; Brian Ewart,10.1145/1165485.1165531,https://doi.org/10.1145/1165485.1165531,246-247,conf/icail/OatleyZE05,https://dblp.org/rec/conf/icail/OatleyZE05
ICAIL,2005,Conference and Workshop Papers,closed,Voting in Online Deliberative Assemblies,Jeremy V. Pitt; Lloyd Daniel Kamara; Marek J. Sergot; Alexander Artikis,10.1145/1165485.1165516,https://doi.org/10.1145/1165485.1165516,195-204,conf/icail/PittKSA05,https://dblp.org/rec/conf/icail/PittKSA05
ICAIL,2005,Conference and Workshop Papers,closed,"A study of accrual of arguments, with applications to evidential reasoning",Henry Prakken,10.1145/1165485.1165500,https://doi.org/10.1145/1165485.1165500,85-94,conf/icail/Prakken05,https://dblp.org/rec/conf/icail/Prakken05
ICAIL,2005,Conference and Workshop Papers,closed,Dialogues about the burden of proof,Henry Prakken; Chris Reed; Douglas Walton,10.1145/1165485.1165503,https://doi.org/10.1145/1165485.1165503,115-124,conf/icail/PrakkenRW05,https://dblp.org/rec/conf/icail/PrakkenRW05
ICAIL,2005,Conference and Workshop Papers,closed,A question-answering system for Portuguese juridical documents,Paulo Quaresma; Irene Rodrigues,10.1145/1165485.1165536,https://doi.org/10.1145/1165485.1165536,256-257,conf/icail/Rodrigues05,https://dblp.org/rec/conf/icail/Rodrigues05
ICAIL,2005,Conference and Workshop Papers,closed,A Taxonomy for Modelling Discretionary Decision Making in the Legal Domain,Uri J. Schild; John Zeleznikow,10.1145/1165485.1165495,https://doi.org/10.1145/1165485.1165495,60-64,conf/icail/SchildZ05,https://dblp.org/rec/conf/icail/SchildZ05
ICAIL,2005,Conference and Workshop Papers,closed,Conclusion of contracts by electronic agents,Christoph Sorge,10.1145/1165485.1165518,https://doi.org/10.1145/1165485.1165518,210-214,conf/icail/Sorge05,https://dblp.org/rec/conf/icail/Sorge05
ICAIL,2005,Conference and Workshop Papers,closed,The Integration of Narrative and Argumentation for a Scenario based Learning Environment in Law,Andrew Stranieri; John Yearwood,10.1145/1165485.1165524,https://doi.org/10.1145/1165485.1165524,232-233,conf/icail/StranieriY05,https://dblp.org/rec/conf/icail/StranieriY05
ICAIL,2005,Conference and Workshop Papers,closed,Additive Consolidation for Dialogue Game,Yoshitaka Suzuki; Satoshi Tojo,10.1145/1165485.1165502,https://doi.org/10.1145/1165485.1165502,105-114,conf/icail/SuzukiT05,https://dblp.org/rec/conf/icail/SuzukiT05
ICAIL,2005,Conference and Workshop Papers,closed,Case Based Online Training Support System for ADR Mediator,Takahiro Tanaka; Yoshiaki Yasumura; Daisuke Katagami; Katsumi Nitta,10.1145/1165485.1165525,https://doi.org/10.1145/1165485.1165525,234-235,conf/icail/TanakaYKN05,https://dblp.org/rec/conf/icail/TanakaYKN05
ICAIL,2005,Conference and Workshop Papers,closed,Computational Linguistic Support for Legal Ontology Construction,Stephan Walter; Manfred Pinkal,10.1145/1165485.1165529,https://doi.org/10.1145/1165485.1165529,242-243,conf/icail/WalterP05,https://dblp.org/rec/conf/icail/WalterP05
ICAIL,2005,Conference and Workshop Papers,closed,Constructing a Semantic Network for Legal Content,Radboud Winkels; Alexander Boer; Emile de Maat; Tom M. van Engers; Matthijs Breebaart; Henri Melger,10.1145/1165485.1165505,https://doi.org/10.1145/1165485.1165505,125-132,conf/icail/WinkelsBMEBM05,https://dblp.org/rec/conf/icail/WinkelsBMEBM05
ICAIL,2007,Editorship,,"The Eleventh International Conference on Artificial Intelligence and Law, Proceedings of the Conference, June 4-8, 2007, Stanford Law School, Stanford, California, USA",Anne Gardner; Radboud Winkels,10.1145/1276318,https://doi.org/10.1145/1276318,,conf/icail/2007,https://dblp.org/rec/conf/icail/2007
ICAIL,2007,Conference and Workshop Papers,closed,Terminological and ontological analysis of European directives: multilinguism in law,Gianmaria Ajani; Leonardo Lesmo; Guido Boella; Alessandro Mazzei; Piercarlo Rossi,10.1145/1276318.1276327,https://doi.org/10.1145/1276318.1276327,43-48,conf/icail/AjaniLBMR07,https://dblp.org/rec/conf/icail/AjaniLBMR07
ICAIL,2007,Conference and Workshop Papers,closed,NewMINT interpretation assistance system: United States Constitution First Amendment&apos;s initial 1344 interpretations,Layman E. Allen; Adam W. Tury,10.1145/1276318.1276348,https://doi.org/10.1145/1276318.1276348,161-165,conf/icail/AllenT07,https://dblp.org/rec/conf/icail/AllenT07
ICAIL,2007,Conference and Workshop Papers,closed,The construction of a juridical ontology,Isa Mara da Rosa Alves; Rove Luiza de Oliveira Chishman; Paulo Miguel Torres; Duarte Quaresma,10.1145/1276318.1276335,https://doi.org/10.1145/1276318.1276335,93-94,conf/icail/AlvesCTQ07,https://dblp.org/rec/conf/icail/AlvesCTQ07
ICAIL,2007,Conference and Workshop Papers,closed,Divergence between will and declaration in intelligent agent contracting,Francisco Andrade; Paulo Novais; José Neves,10.1145/1276318.1276375,https://doi.org/10.1145/1276318.1276375,289-290,conf/icail/AndradeNN07,https://dblp.org/rec/conf/icail/AndradeNN07
ICAIL,2007,Conference and Workshop Papers,closed,Learning by diagramming Supreme Court oral arguments,Kevin D. Ashley; Niels Pinkwart; Collin F. Lynch; Vincent Aleven,10.1145/1276318.1276370,https://doi.org/10.1145/1276318.1276370,271-275,conf/icail/AshleyPLA07,https://dblp.org/rec/conf/icail/AshleyPLA07
ICAIL,2007,Conference and Workshop Papers,closed,Argumentation and standards of proof,Katie Atkinson; Trevor J. M. Bench-Capon,10.1145/1276318.1276339,https://doi.org/10.1145/1276318.1276339,107-116,conf/icail/AtkinsonB07,https://dblp.org/rec/conf/icail/AtkinsonB07
ICAIL,2007,Conference and Workshop Papers,closed,The search problem posed by large heterogeneous data sets in litigation: possible future approaches to research,Jason R. Baron; Paul Thompson,10.1145/1276318.1276344,https://doi.org/10.1145/1276318.1276344,141-147,conf/icail/BaronT07,https://dblp.org/rec/conf/icail/BaronT07
ICAIL,2007,Conference and Workshop Papers,closed,Formalising argumentative story-based analysis of evidence,Floris J. Bex; Henry Prakken; Bart Verheij,10.1145/1276318.1276320,https://doi.org/10.1145/1276318.1276320,1-10,conf/icail/BexPV07,https://dblp.org/rec/conf/icail/BexPV07
ICAIL,2007,Conference and Workshop Papers,open,Developing Ontologies for Legal Multimedia Applications,Xavier Binefa; Ciro Gracia; Marius Monton; Jordi Carrabina; Carlos Montero; Javier Serrano; Mercedes Blázquez; V. Richard Benjamins; Emma Teodoro; Marta Poblet; Pompeu Casanovas,,https://ceur-ws.org/Vol-321/paper5.pdf,87-101,conf/icail/BinefaGMCMSBBTPC07,https://dblp.org/rec/conf/icail/BinefaGMCMSBBTPC07
ICAIL,2007,Conference and Workshop Papers,closed,Conditions for access and use of legal document retrieval web services,Martine Boonk; Frances M. T. Brazier; David de Groot; Maarten van Stekelenburg; Anja Oskamp; Martijn Warnier,10.1145/1276318.1276325,https://doi.org/10.1145/1276318.1276325,37-41,conf/icail/BoonkBGSOW07,https://dblp.org/rec/conf/icail/BoonkBGSOW07
ICAIL,2007,Conference and Workshop Papers,closed,Toward measures of complexity in legal systems,Danièle Bourcier; Pierre Mazzega,10.1145/1276318.1276359,https://doi.org/10.1145/1276318.1276359,211-215,conf/icail/BourcierM07,https://dblp.org/rec/conf/icail/BourcierM07
ICAIL,2007,Conference and Workshop Papers,closed,AVERs: an argument visualization tool for representing stories about evidence,Susan W. van den Braak; Gerard Vreeswijk; Henry Prakken,10.1145/1276318.1276321,https://doi.org/10.1145/1276318.1276321,11-15,conf/icail/BraakVP07,https://dblp.org/rec/conf/icail/BraakVP07
ICAIL,2007,Conference and Workshop Papers,closed,Contract clause negotiation by game theory,Elisa Burato; Matteo Cristani,10.1145/1276318.1276332,https://doi.org/10.1145/1276318.1276332,71-80,conf/icail/BuratoC07,https://dblp.org/rec/conf/icail/BuratoC07
ICAIL,2007,Conference and Workshop Papers,closed,A constructivist model for the judicial determination of facts,Enrique Cáceres,10.1145/1276318.1276373,https://doi.org/10.1145/1276318.1276373,285-286,conf/icail/Caceres07,https://dblp.org/rec/conf/icail/Caceres07
ICAIL,2007,Conference and Workshop Papers,closed,Semantic enhancement for legal information retrieval: Iuriservice performance,Nuria Casellas; Pompeu Casanovas; Joan-Josep Vallbé; Marta Poblet; Mercedes Blázquez; Jesús Contreras; José Manuel López Cobo; V. Richard Benjamins,10.1145/1276318.1276328,https://doi.org/10.1145/1276318.1276328,49-57,conf/icail/CasellasCVPBCCB07,https://dblp.org/rec/conf/icail/CasellasCVPBCCB07
ICAIL,2007,Conference and Workshop Papers,closed,Mapping regulations to industry-specific taxonomies,Chin Pang Cheng; Gloria T. Lau; Kincho H. Law,10.1145/1276318.1276329,https://doi.org/10.1145/1276318.1276329,59-63,conf/icail/ChengLL07,https://dblp.org/rec/conf/icail/ChengLL07
ICAIL,2007,Conference and Workshop Papers,closed,"How to capture, model, and verify the knowledge of legal, security, and privacy experts: a pattern-based approach",Luca Compagna; Paul El Khoury; Fabio Massacci; Reshma Thomas; Nicola Zannone,10.1145/1276318.1276346,https://doi.org/10.1145/1276318.1276346,149-153,conf/icail/CompagnaKMTZ07,https://dblp.org/rec/conf/icail/CompagnaKMTZ07
ICAIL,2007,Conference and Workshop Papers,closed,Essential deduplication functions for transactional databases in law firms,Jack G. Conrad; Edward L. Raymond,10.1145/1276318.1276368,https://doi.org/10.1145/1276318.1276368,261-270,conf/icail/ConradR07,https://dblp.org/rec/conf/icail/ConradR07
ICAIL,2007,Conference and Workshop Papers,closed,Opinion mining in legal blogs,Jack G. Conrad; Frank Schilder,10.1145/1276318.1276363,https://doi.org/10.1145/1276318.1276363,231-236,conf/icail/ConradS07,https://dblp.org/rec/conf/icail/ConradS07
ICAIL,2007,Conference and Workshop Papers,closed,An implementation of norm-based agent negotiation,Pieter Dijkstra; Henry Prakken; Kees de Vey Mestdagh,10.1145/1276318.1276350,https://doi.org/10.1145/1276318.1276350,167-175,conf/icail/DijkstraPM07,https://dblp.org/rec/conf/icail/DijkstraPM07
ICAIL,2007,Conference and Workshop Papers,closed,Fast tagging of medical terms in legal text,Christopher Dozier; Ravi Kondadadi; Khalid Al-Kofahi; Mark Chaudhary; Xi S. Guo,10.1145/1276318.1276367,https://doi.org/10.1145/1276318.1276367,253-260,conf/icail/DozierKACG07,https://dblp.org/rec/conf/icail/DozierKACG07
ICAIL,2007,Conference and Workshop Papers,closed,Architectural design of a multi-agent recommender system for the legal domain,Lucas Drumond; Rosario Girardi; Adriana Leite,10.1145/1276318.1276352,https://doi.org/10.1145/1276318.1276352,183-187,conf/icail/DrumondGL07,https://dblp.org/rec/conf/icail/DrumondGL07
ICAIL,2007,Conference and Workshop Papers,closed,Searching and retrieving legal literature through automated semantic indexing,Enrico Francesconi; Ginevra Peruginelli,10.1145/1276318.1276343,https://doi.org/10.1145/1276318.1276343,131-139,conf/icail/FrancesconiP07,https://dblp.org/rec/conf/icail/FrancesconiP07
ICAIL,2007,Conference and Workshop Papers,open,A Linguistic-ontological Support for Multilingual Legislative Drafting: the DALOS Project,Enrico Francesconi; Pier-Luigi Spinosa; Daniela Tiscornia,,https://ceur-ws.org/Vol-321/paper6.pdf,103-111,conf/icail/FrancesconiST07,https://dblp.org/rec/conf/icail/FrancesconiST07
ICAIL,2007,Conference and Workshop Papers,open,Design Patterns for Legal Ontology Constructions,Aldo Gangemi,,https://ceur-ws.org/Vol-321/paper4.pdf,65-85,conf/icail/Gangemi07,https://dblp.org/rec/conf/icail/Gangemi07
ICAIL,2007,Conference and Workshop Papers,closed,Constructing arguments with a computational model of an argumentation scheme for legal rules: interpreting legal rules as reasoning policies,Thomas F. Gordon,10.1145/1276318.1276340,https://doi.org/10.1145/1276318.1276340,117-121,conf/icail/Gordon07,https://dblp.org/rec/conf/icail/Gordon07
ICAIL,2007,Conference and Workshop Papers,closed,Variants of temporal defeasible logics for modelling norm modifications,Guido Governatori; Antonino Rotolo; Régis Riveret; Monica Palmirani; Giovanni Sartor,10.1145/1276318.1276347,https://doi.org/10.1145/1276318.1276347,155-159,conf/icail/GovernatoriRRPS07,https://dblp.org/rec/conf/icail/GovernatoriRRPS07
ICAIL,2007,Conference and Workshop Papers,open,The Ontology of Legal Possibilities and Legal Potentialities,Pamela N. Gray,,https://ceur-ws.org/Vol-321/paper1.pdf,7-23,conf/icail/Gray07,https://dblp.org/rec/conf/icail/Gray07
ICAIL,2007,Conference and Workshop Papers,closed,Negotiating logic: for richer or poorer,Pamela N. Gray; Xenogene Gray; John Zeleznikow,10.1145/1276318.1276366,https://doi.org/10.1145/1276318.1276366,247-251,conf/icail/GrayGZ07,https://dblp.org/rec/conf/icail/GrayGZ07
ICAIL,2007,Conference and Workshop Papers,closed,Assessing patent value through advanced text analysis,Mohammad Al Hasan; W. Scott Spangler,10.1145/1276318.1276354,https://doi.org/10.1145/1276318.1276354,191-192,conf/icail/HasanS07,https://dblp.org/rec/conf/icail/HasanS07
ICAIL,2007,Conference and Workshop Papers,open,The LKIF Core Ontology of Basic Legal Concepts,Rinke Hoekstra; Joost Breuker; Marcello Di Bello; Alexander Boer,,https://ceur-ws.org/Vol-321/paper3.pdf,43-63,conf/icail/HoekstraBBB07,https://dblp.org/rec/conf/icail/HoekstraBBB07
ICAIL,2007,Conference and Workshop Papers,closed,Towards qualitative approaches to Bayesian evidential reasoning,Jeroen Keppens,10.1145/1276318.1276322,https://doi.org/10.1145/1276318.1276322,17-25,conf/icail/Keppens07,https://dblp.org/rec/conf/icail/Keppens07
ICAIL,2007,Conference and Workshop Papers,open,NLP-based Ontology Learning from Legal Texts. A Case Study,Alessandro Lenci; Simonetta Montemagni; Vito Pirrelli; Giulia Venturi,,https://ceur-ws.org/Vol-321/paper07.pdf,113-129,conf/icail/LenciMPV07,https://dblp.org/rec/conf/icail/LenciMPV07
ICAIL,2007,Conference and Workshop Papers,open,Semantic Spaces and Multilingualism in the Law: The Challenge of Legal Knowledge Management,Doris Liebwald,,https://ceur-ws.org/Vol-321/paper8.pdf,131-148,conf/icail/Liebwald07,https://dblp.org/rec/conf/icail/Liebwald07
ICAIL,2007,Conference and Workshop Papers,closed,Visualization and structure analysis of legislative acts: a case study on the law of obligations,Innar Liiv; Anton Vedeshin; Ermo Täks,10.1145/1276318.1276353,https://doi.org/10.1145/1276318.1276353,189-190,conf/icail/LiivVT07,https://dblp.org/rec/conf/icail/LiivVT07
ICAIL,2007,Conference and Workshop Papers,closed,A rule-sceptic characterization of acceptable legal arguments,Jenny Eriksson Lundström; Andreas Hamfelt; Jørgen Fischer Nilsson,10.1145/1276318.1276372,https://doi.org/10.1145/1276318.1276372,283-284,conf/icail/LundstromHN07,https://dblp.org/rec/conf/icail/LundstromHN07
ICAIL,2007,Conference and Workshop Papers,closed,Deep semantic interpretations of legal texts,L. Thorne McCarty,10.1145/1276318.1276361,https://doi.org/10.1145/1276318.1276361,217-224,conf/icail/McCarty07,https://dblp.org/rec/conf/icail/McCarty07
ICAIL,2007,Conference and Workshop Papers,open,The Legal-RDF Ontology. A Generic Model for Legal Documents,John McClure,,https://ceur-ws.org/Vol-321/paper2.pdf,25-42,conf/icail/McClure07,https://dblp.org/rec/conf/icail/McClure07
ICAIL,2007,Conference and Workshop Papers,closed,Automatic detection of arguments in legal texts,Marie-Francine Moens; Erik Boiy; Raquel Mochales Palau; Chris Reed,10.1145/1276318.1276362,https://doi.org/10.1145/1276318.1276362,225-230,conf/icail/MoensBPR07,https://dblp.org/rec/conf/icail/MoensBPR07
ICAIL,2007,Conference and Workshop Papers,closed,Understanding the law: a method for legal knowledge dissemination,Laurens Mommers; Wouter Koelewijn; Hugo Kielman,10.1145/1276318.1276357,https://doi.org/10.1145/1276318.1276357,195-203,conf/icail/MommersKK07,https://dblp.org/rec/conf/icail/MommersKK07
ICAIL,2007,Conference and Workshop Papers,closed,Licensing digital content with a generic ontology: escaping from the jungle of rights expression languages,Nadia Nadah; Mélanie Dulong de Rosnay; Bruno Bachimont,10.1145/1276318.1276330,https://doi.org/10.1145/1276318.1276330,65-69,conf/icail/NadahRB07,https://dblp.org/rec/conf/icail/NadahRB07
ICAIL,2007,Conference and Workshop Papers,closed,P2P systems in legal networks: another &quot;small world&quot; case,Ugo Pagallo; Giancarlo Ruffo,10.1145/1276318.1276374,https://doi.org/10.1145/1276318.1276374,287-288,conf/icail/PagalloR07,https://dblp.org/rec/conf/icail/PagalloR07
ICAIL,2007,Conference and Workshop Papers,closed,Formalising arguments about the burden of persuasion,Henry Prakken; Giovanni Sartor,10.1145/1276318.1276338,https://doi.org/10.1145/1276318.1276338,97-106,conf/icail/PrakkenS07,https://dblp.org/rec/conf/icail/PrakkenS07
ICAIL,2007,Conference and Workshop Papers,closed,Strategic argumentation: a game theoretical investigation,Bram Roth; Régis Riveret; Antonino Rotolo; Guido Governatori,10.1145/1276318.1276333,https://doi.org/10.1145/1276318.1276333,81-90,conf/icail/RothRRG07,https://dblp.org/rec/conf/icail/RothRRG07
ICAIL,2007,Conference and Workshop Papers,open,Legal Query Expansion using Ontologies and Relevance Feedback,Erich Schweighofer; Anton Geist,,https://ceur-ws.org/Vol-321/paper9.pdf,149-160,conf/icail/SchweighoferG07,https://dblp.org/rec/conf/icail/SchweighoferG07
ICAIL,2007,Conference and Workshop Papers,closed,Argumentation structures in legal dossiers,Jobien Sombekke; Tom M. van Engers; Henry Prakken,10.1145/1276318.1276371,https://doi.org/10.1145/1276318.1276371,277-281,conf/icail/SombekkeEP07,https://dblp.org/rec/conf/icail/SombekkeEP07
ICAIL,2007,Conference and Workshop Papers,closed,Representational complexity in law,Harry Surden; Michael R. Genesereth; Bret Logu,10.1145/1276318.1276355,https://doi.org/10.1145/1276318.1276355,193-194,conf/icail/SurdenGL07,https://dblp.org/rec/conf/icail/SurdenGL07
ICAIL,2007,Conference and Workshop Papers,closed,Case law retrieval by concept search and visualization,Elisabeth M. Uijttenbroek; Michel C. A. Klein; Arno R. Lodder; Frank van Harmelen,10.1145/1276318.1276336,https://doi.org/10.1145/1276318.1276336,95-96,conf/icail/UijttenbroekKLH07,https://dblp.org/rec/conf/icail/UijttenbroekKLH07
ICAIL,2007,Conference and Workshop Papers,closed,Towards automatic identification of completeness and consistency in digital dossiers,Martijn Warnier; Frances M. T. Brazier; Martin Apistola; Anja Oskamp,10.1145/1276318.1276351,https://doi.org/10.1145/1276318.1276351,177-181,conf/icail/WarnierBAO07,https://dblp.org/rec/conf/icail/WarnierBAO07
ICAIL,2007,Conference and Workshop Papers,closed,The legal crisis of next generation robots: on safety intelligence,Yueh-Hsuan Weng; Chien-Hsun Chen; Chuen-Tsai Sun,10.1145/1276318.1276358,https://doi.org/10.1145/1276318.1276358,205-209,conf/icail/WengCS07,https://dblp.org/rec/conf/icail/WengCS07
ICAIL,2007,Conference and Workshop Papers,closed,Legal atlas: access to legal sources through maps,Radboud Winkels; Alexander Boer; Erik Hupkes,10.1145/1276318.1276324,https://doi.org/10.1145/1276318.1276324,27-36,conf/icail/WinkelsBH07,https://dblp.org/rec/conf/icail/WinkelsBH07
ICAIL,2007,Conference and Workshop Papers,closed,Research abstracts 1: Logical structure of change of legal relations and its representation in legal knowledge base system,Hajime Yoshino,10.1145/1276318.1276334,https://doi.org/10.1145/1276318.1276334,91-92,conf/icail/Yoshino07,https://dblp.org/rec/conf/icail/Yoshino07
ICAIL,2007,Conference and Workshop Papers,closed,Bargaining in the shadow of the law - using utility functions to support legal negotiation,John Zeleznikow; Emilia Bellucci; Uri J. Schild; Geraldine Mackenzie,10.1145/1276318.1276365,https://doi.org/10.1145/1276318.1276365,237-246,conf/icail/ZeleznikowBSM07,https://dblp.org/rec/conf/icail/ZeleznikowBSM07
ICAIL,2007,Conference and Workshop Papers,closed,Semantics-based legal citation network,Paul Zhang; Lavanya Koppaka,10.1145/1276318.1276342,https://doi.org/10.1145/1276318.1276342,123-130,conf/icail/ZhangK07,https://dblp.org/rec/conf/icail/ZhangK07
ICAIL,2008,Editorship,open,"Proceedings of the 2nd Workshop on Legal Ontologies and Artificial Intelligence Techniques June 4th, 2007, Stanford University, Stanford, CA, USA",Pompeu Casanovas; Maria Angela Biasiotti; Enrico Francesconi; Maria-Teresa Sagri,,https://ceur-ws.org/Vol-321,,conf/icail/2007loait,https://dblp.org/rec/conf/icail/2007loait
ICAIL,2009,Editorship,,"The 12th International Conference on Artificial Intelligence and Law, Proceedings of the Conference, June 8-12, 2009, Barcelona, Spain",,10.1145/1568234,https://doi.org/10.1145/1568234,,conf/icail/2009,https://dblp.org/rec/conf/icail/2009
ICAIL,2009,Editorship,unavailable,"Law, Ontologies and the Semantic Web - Channelling the Legal Information Flood",Joost Breuker; Pompeu Casanovas; Michel C. A. Klein; Enrico Francesconi,,,,conf/icail/2009faia,https://dblp.org/rec/conf/icail/2009faia
ICAIL,2009,Conference and Workshop Papers,closed,A two-level knowledge approach to support multilingual legislative drafting,Tommaso Agnoloni; Lorenzo Bacci; Enrico Francesconi; Wim Peters; Simonetta Montemagni; Giulia Venturi,10.3233/978-1-58603-942-4-177,https://doi.org/10.3233/978-1-58603-942-4-177,177-198,conf/icail/AgnoloniBFPMV09,https://dblp.org/rec/conf/icail/AgnoloniBFPMV09
ICAIL,2009,Conference and Workshop Papers,closed,Formalising dynamic protocols for open agent systems,Alexander Artikis,10.1145/1568234.1568243,https://doi.org/10.1145/1568234.1568243,68-77,conf/icail/Artikis09,https://dblp.org/rec/conf/icail/Artikis09
ICAIL,2009,Conference and Workshop Papers,closed,"Ontological requirements for analogical, teleological, and hypothetical legal reasoning",Kevin D. Ashley,10.1145/1568234.1568236,https://doi.org/10.1145/1568234.1568236,1-10,conf/icail/Ashley09,https://dblp.org/rec/conf/icail/Ashley09
ICAIL,2009,Conference and Workshop Papers,closed,Isomorphism and argumentation,Trevor J. M. Bench-Capon; Thomas F. Gordon,10.1145/1568234.1568237,https://doi.org/10.1145/1568234.1568237,11-20,conf/icail/Bench-CaponG09,https://dblp.org/rec/conf/icail/Bench-CaponG09
ICAIL,2009,Conference and Workshop Papers,closed,Case law in extended argumentation frameworks,Trevor J. M. Bench-Capon; Sanjay Modgil,10.1145/1568234.1568248,https://doi.org/10.1145/1568234.1568248,118-127,conf/icail/Bench-CaponM09,https://dblp.org/rec/conf/icail/Bench-CaponM09
ICAIL,2009,Conference and Workshop Papers,closed,A proposal for evidential reasoning about motives,Floris Bex; Katie Atkinson,10.1145/1568234.1568259,https://doi.org/10.1145/1568234.1568259,212-213,conf/icail/BexA09,https://dblp.org/rec/conf/icail/BexA09
ICAIL,2009,Conference and Workshop Papers,closed,Law as a seamless web?: comparison of various network representations of the United States Supreme Court corpus (1791-2005),Michael J. Bommarito II; Daniel Martin Katz; Jon Zelner,10.1145/1568234.1568270,https://doi.org/10.1145/1568234.1568270,234-235,conf/icail/BommaritoBKZ09,https://dblp.org/rec/conf/icail/BommaritoBKZ09
ICAIL,2009,Conference and Workshop Papers,closed,Intelligent hybrid approach to false identity detection,Tossapon Boongoen; Qiang Shen,10.1145/1568234.1568251,https://doi.org/10.1145/1568234.1568251,147-156,conf/icail/BoongoenS09,https://dblp.org/rec/conf/icail/BoongoenS09
ICAIL,2009,Conference and Workshop Papers,closed,Improving the comprehension of legal documentation: the case of patent claims,Nadjet Bouayad-Agha; Gerard Casamayor; Gabriela Ferraro; Simon Mille; Vanesa Vidal; Leo Wanner,10.1145/1568234.1568244,https://doi.org/10.1145/1568234.1568244,78-87,conf/icail/Bouayad-AghaCFMVW09,https://dblp.org/rec/conf/icail/Bouayad-AghaCFMVW09
ICAIL,2009,Conference and Workshop Papers,closed,"The Flood, the Channels and the Dykes: Managing Legal Information in a Globalized and Digital World",Joost Breuker; Pompeu Casanovas; Michel C. A. Klein; Enrico Francesconi,10.3233/978-1-58603-942-4-3,https://doi.org/10.3233/978-1-58603-942-4-3,3-18,conf/icail/BreukerCKF09,https://dblp.org/rec/conf/icail/BreukerCKF09
ICAIL,2009,Conference and Workshop Papers,closed,Legal text analysis of the modification provisions: a pattern oriented approach,Raffaella Brighi; Monica Palmirani,10.1145/1568234.1568272,https://doi.org/10.1145/1568234.1568272,238-239,conf/icail/BrighiP09,https://dblp.org/rec/conf/icail/BrighiP09
ICAIL,2009,Conference and Workshop Papers,closed,The e-Sentencias Prototype: A Procedural Ontology for Legal Multimedia Applications in the Spanish Civil Courts,Pompeu Casanovas; Xavier Binefa; Ciro Gracia; Emma Teodoro; Núria Galera; Mercedes Blázquez; Marta Poblet; Jordi Carrabina; Marius Monton; Carlos Montero; Javier Serrano; José Manuel López Cobo,10.3233/978-1-58603-942-4-199,https://doi.org/10.3233/978-1-58603-942-4-199,199-219,conf/icail/CasanovasBGTGBPCMMSC09,https://dblp.org/rec/conf/icail/CasanovasBGTGBPCMMSC09
ICAIL,2009,Conference and Workshop Papers,closed,An Ontology-Based Decision Support System for Judges,Pompeu Casanovas; Nuria Casellas; Joan-Josep Vallbé,10.3233/978-1-58603-942-4-165,https://doi.org/10.3233/978-1-58603-942-4-165,165-175,conf/icail/CasanovasCV09,https://dblp.org/rec/conf/icail/CasanovasCV09
ICAIL,2009,Conference and Workshop Papers,closed,How much logical structure is helpful in content-based argumentation software for legal case solving?,Stijn Colen; Fokie Cnossen; Bart Verheij,10.1145/1568234.1568265,https://doi.org/10.1145/1568234.1568265,224-225,conf/icail/ColenCV09,https://dblp.org/rec/conf/icail/ColenCV09
ICAIL,2009,Conference and Workshop Papers,closed,Query-based opinion summarization for legal blog entries,Jack G. Conrad; Jochen L. Leidner; Frank Schilder; Ravi Kondadadi,10.1145/1568234.1568253,https://doi.org/10.1145/1568234.1568253,167-176,conf/icail/ConradLSK09,https://dblp.org/rec/conf/icail/ConradLSK09
ICAIL,2009,Conference and Workshop Papers,closed,Analyzing a complaint database by means of a genetic-based data mining algorithm,Jan van Dijk; Sunil Choenni; Frans Leeuw,10.1145/1568234.1568266,https://doi.org/10.1145/1568234.1568266,226-227,conf/icail/DijkCL09,https://dblp.org/rec/conf/icail/DijkCL09
ICAIL,2009,Conference and Workshop Papers,closed,Modular argumentation for modelling legal doctrines of performance relief,Phan Minh Dung; Phan Minh Thang; Nguyen Duy Hung,10.1145/1568234.1568249,https://doi.org/10.1145/1568234.1568249,128-136,conf/icail/DungTH09,https://dblp.org/rec/conf/icail/DungTH09
ICAIL,2009,Conference and Workshop Papers,closed,Introducing pattern-based design for legal ontologies,Aldo Gangemi,10.3233/978-1-58603-942-4-53,https://doi.org/10.3233/978-1-58603-942-4-53,53-71,conf/icail/Gangemi09,https://dblp.org/rec/conf/icail/Gangemi09
ICAIL,2009,Conference and Workshop Papers,closed,Copyright Licenses Reasoning an OWL-DL Ontology,Roberto García; Rosa Gil,10.3233/978-1-58603-942-4-145,https://doi.org/10.3233/978-1-58603-942-4-145,145-162,conf/icail/GarciaG09,https://dblp.org/rec/conf/icail/GarciaG09
ICAIL,2009,Conference and Workshop Papers,closed,Legal reasoning with argumentation schemes,Thomas F. Gordon; Douglas Walton,10.1145/1568234.1568250,https://doi.org/10.1145/1568234.1568250,137-146,conf/icail/GordonW09,https://dblp.org/rec/conf/icail/GordonW09
ICAIL,2009,Conference and Workshop Papers,closed,Using critical questions to disambiguate and formalize statutory provisions,Matthias Grabmair; Kevin D. Ashley,10.1145/1568234.1568273,https://doi.org/10.1145/1568234.1568273,240-241,conf/icail/GrabmairA09,https://dblp.org/rec/conf/icail/GrabmairA09
ICAIL,2009,Conference and Workshop Papers,closed,"e-dossier at the Dutch Council of State: design, implementation and lessons learned",R. A. Hilhorst; Tom M. van Engers,10.1145/1568234.1568268,https://doi.org/10.1145/1568234.1568268,230-231,conf/icail/HilhorstE09,https://dblp.org/rec/conf/icail/HilhorstE09
ICAIL,2009,Conference and Workshop Papers,closed,LKIF Core: Principled Ontology Development for the Legal Domain,Rinke Hoekstra; Joost Breuker; Marcello Di Bello; Alexander Boer,10.3233/978-1-58603-942-4-21,https://doi.org/10.3233/978-1-58603-942-4-21,21-52,conf/icail/HoekstraBBB09,https://dblp.org/rec/conf/icail/HoekstraBBB09
ICAIL,2009,Conference and Workshop Papers,closed,Reasoning with spatial plans on the semantic web,Rinke Hoekstra; Radboud Winkels; Erik Hupkes,10.1145/1568234.1568255,https://doi.org/10.1145/1568234.1568255,185-193,conf/icail/HoekstraWH09,https://dblp.org/rec/conf/icail/HoekstraWH09
ICAIL,2009,Conference and Workshop Papers,closed,Human-aided computer cognition for e-discovery,Christopher Hogan; Robert S. Bauer; Dan Brassil,10.1145/1568234.1568256,https://doi.org/10.1145/1568234.1568256,194-201,conf/icail/HoganBB09,https://dblp.org/rec/conf/icail/HoganBB09
ICAIL,2009,Conference and Workshop Papers,closed,Coherence-driven argumentation to norm consensus,Sindhu Joseph; Henry Prakken,10.1145/1568234.1568242,https://doi.org/10.1145/1568234.1568242,58-67,conf/icail/JosephP09,https://dblp.org/rec/conf/icail/JosephP09
ICAIL,2009,Conference and Workshop Papers,closed,How to capture and use legal patterns in IT,Alzbeta Krausová; Fabio Massacci; Ayda Saïdane,10.1145/1568234.1568267,https://doi.org/10.1145/1568234.1568267,228-229,conf/icail/KrausovaMS09,https://dblp.org/rec/conf/icail/KrausovaMS09
ICAIL,2009,Conference and Workshop Papers,closed,Toward a general theory of document modeling,Marc Lauritsen; Thomas F. Gordon,10.1145/1568234.1568257,https://doi.org/10.1145/1568234.1568257,202-211,conf/icail/LauritsenG09,https://dblp.org/rec/conf/icail/LauritsenG09
ICAIL,2009,Conference and Workshop Papers,closed,Ontology learning from Italian legal texts,Alessandro Lenci; Simonetta Montemagni; Vito Pirrelli; Giulia Venturi,10.3233/978-1-58603-942-4-75,https://doi.org/10.3233/978-1-58603-942-4-75,75-94,conf/icail/LenciMPV09,https://dblp.org/rec/conf/icail/LenciMPV09
ICAIL,2009,Conference and Workshop Papers,closed,Toward assessing law students&apos; argument diagrams,Collin F. Lynch; Kevin D. Ashley; Niels Pinkwart; Vincent Aleven,10.1145/1568234.1568264,https://doi.org/10.1145/1568234.1568264,222-223,conf/icail/LynchAPA09,https://dblp.org/rec/conf/icail/LynchAPA09
ICAIL,2009,Conference and Workshop Papers,closed,A next step towards automated modelling of sources of law,Emile de Maat; Radboud Winkels,10.1145/1568234.1568239,https://doi.org/10.1145/1568234.1568239,31-39,conf/icail/MaatW09,https://dblp.org/rec/conf/icail/MaatW09
ICAIL,2009,Conference and Workshop Papers,closed,The network of French legal codes,Pierre Mazzega; Danièle Bourcier; Romain Boulet,10.1145/1568234.1568271,https://doi.org/10.1145/1568234.1568271,236-237,conf/icail/MazzegaBB09,https://dblp.org/rec/conf/icail/MazzegaBB09
ICAIL,2009,Conference and Workshop Papers,closed,NLP-based extraction of modificatory provisions semantics,Alessandro Mazzei; Daniele Paolo Radicioni; Raffaella Brighi,10.1145/1568234.1568241,https://doi.org/10.1145/1568234.1568241,50-57,conf/icail/MazzeiRB09,https://dblp.org/rec/conf/icail/MazzeiRB09
ICAIL,2009,Conference and Workshop Papers,closed,Segmentation of legal documents,Eneldo Loza Mencía,10.1145/1568234.1568245,https://doi.org/10.1145/1568234.1568245,88-97,conf/icail/Mencia09,https://dblp.org/rec/conf/icail/Mencia09
ICAIL,2009,Conference and Workshop Papers,closed,Creating an argumentation corpus: do theories apply to real arguments?: a case study on the legal argumentation of the ECHR,Raquel Mochales Palau; Aagje Ieven,10.1145/1568234.1568238,https://doi.org/10.1145/1568234.1568238,21-30,conf/icail/PalauI09,https://dblp.org/rec/conf/icail/PalauI09
ICAIL,2009,Conference and Workshop Papers,closed,Automatic Argumentation Detection and its Role in Law and the Semantic Web,Raquel Mochales Palau; Marie-Francine Moens,10.3233/978-1-58603-942-4-115,https://doi.org/10.3233/978-1-58603-942-4-115,115-129,conf/icail/PalauM09,https://dblp.org/rec/conf/icail/PalauM09
ICAIL,2009,Conference and Workshop Papers,closed,"Argumentation mining: the detection, classification and structure of arguments in text",Raquel Mochales Palau; Marie-Francine Moens,10.1145/1568234.1568246,https://doi.org/10.1145/1568234.1568246,98-107,conf/icail/PalauM09a,https://dblp.org/rec/conf/icail/PalauM09a
ICAIL,2009,Conference and Workshop Papers,closed,Legal metadata interchange framework to match CEN metalex,Monica Palmirani; Luca Cervone; Fabio Vitali,10.1145/1568234.1568269,https://doi.org/10.1145/1568234.1568269,232-233,conf/icail/PalmiraniCV09,https://dblp.org/rec/conf/icail/PalmiraniCV09
ICAIL,2009,Conference and Workshop Papers,closed,Integrating induction and deduction for finding evidence of discrimination,Dino Pedreschi; Salvatore Ruggieri; Franco Turini,10.1145/1568234.1568252,https://doi.org/10.1145/1568234.1568252,157-166,conf/icail/PedreschiRT09,https://dblp.org/rec/conf/icail/PedreschiRT09
ICAIL,2009,Conference and Workshop Papers,closed,Abstract specification of legal contracts,Cristian Prisacariu; Gerardo Schneider,10.1145/1568234.1568262,https://doi.org/10.1145/1568234.1568262,218-219,conf/icail/PrisacariuS09,https://dblp.org/rec/conf/icail/PrisacariuS09
ICAIL,2009,Conference and Workshop Papers,closed,Matching Law Ontologies using an Extended Argumentation Framework based on Confidence Degrees,Cássia Trojahn dos Santos; Paulo Quaresma; Renata Vieira,10.3233/978-1-58603-942-4-133,https://doi.org/10.3233/978-1-58603-942-4-133,133-144,conf/icail/SantosQV09,https://dblp.org/rec/conf/icail/SantosQV09
ICAIL,2009,Conference and Workshop Papers,closed,Why lawyers are nice (or nasty): a game-theoretical argumentation exercise,Giovanni Sartor; Michel Rudnianski; Antonino Rotolo; Régis Riveret; Eunate Mayor,10.1145/1568234.1568247,https://doi.org/10.1145/1568234.1568247,108-117,conf/icail/SartorRRRM09,https://dblp.org/rec/conf/icail/SartorRRRM09
ICAIL,2009,Conference and Workshop Papers,closed,NLP-based metadata extraction for legal text consolidation,Pier-Luigi Spinosa; Gerardo Giardiello; Manola Cherubini; Simone Marchi; Giulia Venturi; Simonetta Montemagni,10.1145/1568234.1568240,https://doi.org/10.1145/1568234.1568240,40-49,conf/icail/SpinosaGCMVM09,https://dblp.org/rec/conf/icail/SpinosaGCMVM09
ICAIL,2009,Conference and Workshop Papers,closed,Plausibility schemas: templates for legal factfinding,Vern R. Walker,10.1145/1568234.1568260,https://doi.org/10.1145/1568234.1568260,214-215,conf/icail/Walker09,https://dblp.org/rec/conf/icail/Walker09
ICAIL,2009,Conference and Workshop Papers,closed,Definitions in Court Decisions - Automatic Extraction and Ontology Acquisition,Stephan Walter; Manfred Pinkal,10.3233/978-1-58603-942-4-95,https://doi.org/10.3233/978-1-58603-942-4-95,95-113,conf/icail/WalterP09,https://dblp.org/rec/conf/icail/WalterP09
ICAIL,2009,Conference and Workshop Papers,closed,Evidence transmutations: gathering admissible evidence using belief revision,Mary-Anne Williams,10.1145/1568234.1568261,https://doi.org/10.1145/1568234.1568261,216-217,conf/icail/Williams09,https://dblp.org/rec/conf/icail/Williams09
ICAIL,2009,Conference and Workshop Papers,closed,Incorporating issues of fairness into development of a multi-agent negotiation support system,John Zeleznikow; Brooke Abrahams,10.1145/1568234.1568254,https://doi.org/10.1145/1568234.1568254,177-184,conf/icail/ZeleznikowA09,https://dblp.org/rec/conf/icail/ZeleznikowA09
ICAIL,2009,Conference and Workshop Papers,closed,Supporting of legal reasoning for cases which are not strictly regulated by law,Tomasz Zurek; Emil Kruk,10.1145/1568234.1568263,https://doi.org/10.1145/1568234.1568263,220-221,conf/icail/ZurekK09,https://dblp.org/rec/conf/icail/ZurekK09
ICAIL,2011,Editorship,,"The 13th International Conference on Artificial Intelligence and Law, Proceedings of the Conference, June 6-10, 2011, Pittsburgh, PA, USA",Kevin D. Ashley; Tom M. van Engers,10.1145/2018358,https://doi.org/10.1145/2018358,,conf/icail/2011,https://dblp.org/rec/conf/icail/2011
ICAIL,2011,Conference and Workshop Papers,closed,Using an OWL ontology to support legal negotiation about owners corporation disputes,Brooke Abrahams; Peter Condliffe; John Zeleznikow,10.1145/2018358.2018386,https://doi.org/10.1145/2018358.2018386,194-198,conf/icail/AbrahamsCZ11,https://dblp.org/rec/conf/icail/AbrahamsCZ11
ICAIL,2011,Conference and Workshop Papers,closed,Modelling semantic profiles in legislative documents for enhanced norm accessibility,Tommaso Agnoloni; Enrico Francesconi,10.1145/2018358.2018374,https://doi.org/10.1145/2018358.2018374,111-115,conf/icail/AgnoloniF11,https://dblp.org/rec/conf/icail/AgnoloniF11
ICAIL,2011,Conference and Workshop Papers,closed,"Analogy, similarity and factors",Michal Araszkiewicz,10.1145/2018358.2018372,https://doi.org/10.1145/2018358.2018372,101-105,conf/icail/Araszkiewicz11,https://dblp.org/rec/conf/icail/Araszkiewicz11
ICAIL,2011,Conference and Workshop Papers,closed,Semantic models for policy deliberation,Katie Atkinson; Trevor J. M. Bench-Capon; Dan Cartwright; Adam Z. Wyner,10.1145/2018358.2018369,https://doi.org/10.1145/2018358.2018369,81-90,conf/icail/AtkinsonBCW11,https://dblp.org/rec/conf/icail/AtkinsonBCW11
ICAIL,2011,Conference and Workshop Papers,closed,Argument schemes for two-phase democratic deliberation,Trevor J. M. Bench-Capon; Henry Prakken; Wietske Visser,10.1145/2018358.2018361,https://doi.org/10.1145/2018358.2018361,21-30,conf/icail/Bench-CaponPV11,https://dblp.org/rec/conf/icail/Bench-CaponPV11
ICAIL,2011,Conference and Workshop Papers,closed,Legal shifts in the process of proof,Floris Bex; Bart Verheij,10.1145/2018358.2018360,https://doi.org/10.1145/2018358.2018360,11-20,conf/icail/BexV11,https://dblp.org/rec/conf/icail/BexV11
ICAIL,2011,Conference and Workshop Papers,closed,An agent-based legal knowledge acquisition methodology for agile public administration,Alexander Boer; Tom M. van Engers,10.1145/2018358.2018383,https://doi.org/10.1145/2018358.2018383,171-180,conf/icail/BoerE11,https://dblp.org/rec/conf/icail/BoerE11
ICAIL,2011,Conference and Workshop Papers,closed,A method for explaining and predicting trends: an application to the Dutch justice system,Susan W. van den Braak; Anne Sonnenschein; Sunil Choenni; Paul R. Smit,10.1145/2018358.2018367,https://doi.org/10.1145/2018358.2018367,66-70,conf/icail/BraakSCS11,https://dblp.org/rec/conf/icail/BraakSCS11
ICAIL,2011,Conference and Workshop Papers,closed,Modeling authority commitments in two search and seizure cases,Matthew Carey,10.1145/2018358.2018384,https://doi.org/10.1145/2018358.2018384,181-188,conf/icail/Carey11,https://dblp.org/rec/conf/icail/Carey11
ICAIL,2011,Conference and Workshop Papers,closed,Retrieving information in online dispute resolution platforms: a hybrid method,Davide Carneiro; Paulo Novais; Francisco Andrade; José Neves,10.1145/2018358.2018390,https://doi.org/10.1145/2018358.2018390,224-228,conf/icail/CarneiroNAN11,https://dblp.org/rec/conf/icail/CarneiroNAN11
ICAIL,2011,Conference and Workshop Papers,closed,Intelligent evaluation of evidence using Wigmore diagrams,Michal Chalamish; Dov M. Gabbay; Uri J. Schild,10.1145/2018358.2018366,https://doi.org/10.1145/2018358.2018366,61-65,conf/icail/ChalamishGS11,https://dblp.org/rec/conf/icail/ChalamishGS11
ICAIL,2011,Conference and Workshop Papers,closed,Public record aggregation using semi-supervised entity resolution,Jack G. Conrad; Christopher Dozier; Hugo Molina-Salgado; Merine Thomas; Sriharsha Veeramachaneni,10.1145/2018358.2018392,https://doi.org/10.1145/2018358.2018392,239-248,conf/icail/ConradDMTV11,https://dblp.org/rec/conf/icail/ConradDMTV11
ICAIL,2011,Conference and Workshop Papers,closed,"A corpus of Australian contract language: description, profiling and analysis",Michael Curtotti; Eric McCreath,10.1145/2018358.2018387,https://doi.org/10.1145/2018358.2018387,199-208,conf/icail/CurtottiM11,https://dblp.org/rec/conf/icail/CurtottiM11
ICAIL,2011,Conference and Workshop Papers,closed,Analyzing open source license compatibility issues with Carneades,Thomas F. Gordon,10.1145/2018358.2018364,https://doi.org/10.1145/2018358.2018364,51-55,conf/icail/Gordon11,https://dblp.org/rec/conf/icail/Gordon11
ICAIL,2011,Conference and Workshop Papers,closed,On the relationship between Carneades and Defeasible Logic,Guido Governatori,10.1145/2018358.2018362,https://doi.org/10.1145/2018358.2018362,31-40,conf/icail/Governatori11,https://dblp.org/rec/conf/icail/Governatori11
ICAIL,2011,Conference and Workshop Papers,closed,Facilitating case comparison using value judgments and intermediate legal concepts,Matthias Grabmair; Kevin D. Ashley,10.1145/2018358.2018382,https://doi.org/10.1145/2018358.2018382,161-170,conf/icail/GrabmairA11,https://dblp.org/rec/conf/icail/GrabmairA11
ICAIL,2011,Conference and Workshop Papers,closed,Causal argumentation schemes to support sense-making in clinical genetics and law,Nancy L. Green,10.1145/2018358.2018365,https://doi.org/10.1145/2018358.2018365,56-60,conf/icail/Green11,https://dblp.org/rec/conf/icail/Green11
ICAIL,2011,Conference and Workshop Papers,closed,Reasons and precedent,John F. Horty,10.1145/2018358.2018363,https://doi.org/10.1145/2018358.2018363,41-50,conf/icail/Horty11,https://dblp.org/rec/conf/icail/Horty11
ICAIL,2011,Conference and Workshop Papers,closed,Discovering coherence and justification clusters in digital transcripts using epistemic analysis,Cameron Hughes; Tracey Hughes; Alina Lazar,10.1145/2018358.2018389,https://doi.org/10.1145/2018358.2018389,219-223,conf/icail/HughesHL11,https://dblp.org/rec/conf/icail/HughesHL11
ICAIL,2011,Conference and Workshop Papers,closed,On extracting arguments from Bayesian network representations of evidential reasoning,Jeroen Keppens,10.1145/2018358.2018380,https://doi.org/10.1145/2018358.2018380,141-150,conf/icail/Keppens11,https://dblp.org/rec/conf/icail/Keppens11
ICAIL,2011,Conference and Workshop Papers,closed,On using text analytics for event studies,Max R. Kimbrough; Steven O. Kimbrough; Priscilla Murphy,10.1145/2018358.2018388,https://doi.org/10.1145/2018358.2018388,209-218,conf/icail/KimbroughKM11,https://dblp.org/rec/conf/icail/KimbroughKM11
ICAIL,2011,Conference and Workshop Papers,closed,Intelligent tools for managing legal choices,Marc Lauritsen,10.1145/2018358.2018373,https://doi.org/10.1145/2018358.2018373,106-110,conf/icail/Lauritsen11,https://dblp.org/rec/conf/icail/Lauritsen11
ICAIL,2011,Conference and Workshop Papers,closed,Towards a dynamic metalogic implementation of legal argumentation,Jenny Eriksson Lundström; Giacomo Aceto; Andreas Hamfelt,10.1145/2018358.2018370,https://doi.org/10.1145/2018358.2018370,91-95,conf/icail/LundstromAH11,https://dblp.org/rec/conf/icail/LundstromAH11
ICAIL,2011,Conference and Workshop Papers,closed,Can temporal representation and reasoning make a difference in automated legal reasoning?: lessons from an AI-based ethical reasoner,Bruce M. McLaren; Kevin D. Ashley,10.1145/2018358.2018391,https://doi.org/10.1145/2018358.2018391,229-238,conf/icail/McLarenA11,https://dblp.org/rec/conf/icail/McLarenA11
ICAIL,2011,Conference and Workshop Papers,closed,FrameNet model of the suspension of norms,Monica Palmirani; Marcello Ceci; Daniele Paolo Radicioni; Alessandro Mazzei,10.1145/2018358.2018385,https://doi.org/10.1145/2018358.2018385,189-193,conf/icail/PalmiraniCRM11,https://dblp.org/rec/conf/icail/PalmiraniCRM11
ICAIL,2011,Conference and Workshop Papers,closed,Modelling temporal legal rules,Monica Palmirani; Guido Governatori; Giuseppe Contissa,10.1145/2018358.2018378,https://doi.org/10.1145/2018358.2018378,131-135,conf/icail/PalmiraniGC11,https://dblp.org/rec/conf/icail/PalmiraniGC11
ICAIL,2011,Conference and Workshop Papers,closed,Adapting specialized legal metadata to the digital environment: the code of federal regulations parallel table of authorities and rules,Robert C. Richards Jr.; Thomas R. Bruce,10.1145/2018358.2018377,https://doi.org/10.1145/2018358.2018377,126-130,conf/icail/RichardsB11,https://dblp.org/rec/conf/icail/RichardsB11
ICAIL,2011,Conference and Workshop Papers,closed,Catching Gray Cygnets: an initial exploration,Edwina L. Rissland; Xiaoxi Xu,10.1145/2018358.2018381,https://doi.org/10.1145/2018358.2018381,151-160,conf/icail/RisslandX11,https://dblp.org/rec/conf/icail/RisslandX11
ICAIL,2011,Conference and Workshop Papers,closed,Temporal accommodation of legal argumentation,Régis Riveret; Antonino Rotolo; Giuseppe Contissa; Giovanni Sartor; Wamberto Weber Vasconcelos,10.1145/2018358.2018368,https://doi.org/10.1145/2018358.2018368,71-80,conf/icail/RiveretRCSV11,https://dblp.org/rec/conf/icail/RiveretRCSV11
ICAIL,2011,Conference and Workshop Papers,closed,Risk analysis for intellectual property litigation,Mihai Surdeanu; Ramesh Nallapati; George Gregory; Joshua Walker; Christopher D. Manning,10.1145/2018358.2018375,https://doi.org/10.1145/2018358.2018375,116-120,conf/icail/SurdeanuNGWM11,https://dblp.org/rec/conf/icail/SurdeanuNGWM11
ICAIL,2011,Conference and Workshop Papers,closed,Applying key phrase extraction to aid invalidity search,Manisha Verma; Vasudeva Varma,10.1145/2018358.2018393,https://doi.org/10.1145/2018358.2018393,249-255,conf/icail/VermaV11,https://dblp.org/rec/conf/icail/VermaV11
ICAIL,2011,Conference and Workshop Papers,closed,Towards formalising argumentation about legal cases,Adam Z. Wyner; Trevor J. M. Bench-Capon; Katie Atkinson,10.1145/2018358.2018359,https://doi.org/10.1145/2018358.2018359,1-10,conf/icail/WynerBA11,https://dblp.org/rec/conf/icail/WynerBA11
ICAIL,2011,Conference and Workshop Papers,closed,The systematization of law in terms of the validity,Hajime Yoshino,10.1145/2018358.2018376,https://doi.org/10.1145/2018358.2018376,121-125,conf/icail/Yoshino11,https://dblp.org/rec/conf/icail/Yoshino11
ICAIL,2011,Conference and Workshop Papers,closed,Classifying online dispute resolution through a comparison of family mediation and the Israel - Palestinian conflict,John Zeleznikow; Emilia Bellucci,10.1145/2018358.2018379,https://doi.org/10.1145/2018358.2018379,136-140,conf/icail/ZeleznikowB11,https://dblp.org/rec/conf/icail/ZeleznikowB11
ICAIL,2011,Conference and Workshop Papers,closed,Modelling of a fortiori reasoning,Tomasz Zurek,10.1145/2018358.2018371,https://doi.org/10.1145/2018358.2018371,96-100,conf/icail/Zurek11,https://dblp.org/rec/conf/icail/Zurek11
ICAIL,2013,Editorship,,"International Conference on Artificial Intelligence and Law, ICAIL &apos;13, Rome, Italy, June 10-14, 2013",Enrico Francesconi; Bart Verheij,10.1145/2514601,https://doi.org/10.1145/2514601,,conf/icail/2013,https://dblp.org/rec/conf/icail/2013
ICAIL,2013,Conference and Workshop Papers,closed,Factor-based parent plan support system,Michal Araszkiewicz; Agata Lopatkiewicz; Adam Zienkiewicz,10.1145/2514601.2514621,https://doi.org/10.1145/2514601.2514621,171-175,conf/icail/AraszkiewiczLZ13,https://dblp.org/rec/conf/icail/AraszkiewiczLZ13
ICAIL,2013,Conference and Workshop Papers,closed,Toward constructing evidence-based legal arguments using legal decision documents and machine learning,Kevin D. Ashley; Vern R. Walker,10.1145/2514601.2514622,https://doi.org/10.1145/2514601.2514622,176-180,conf/icail/AshleyW13,https://dblp.org/rec/conf/icail/AshleyW13
ICAIL,2013,Conference and Workshop Papers,closed,OASIS LegalRuleML,Tara Athan; Harold Boley; Guido Governatori; Monica Palmirani; Adrian Paschke; Adam Z. Wyner,10.1145/2514601.2514603,https://doi.org/10.1145/2514601.2514603,3-12,conf/icail/AthanBGPPW13,https://dblp.org/rec/conf/icail/AthanBGPPW13
ICAIL,2013,Conference and Workshop Papers,closed,Argument schemes for reasoning with legal cases using values,Trevor J. M. Bench-Capon; Henry Prakken; Adam Z. Wyner; Katie Atkinson,10.1145/2514601.2514604,https://doi.org/10.1145/2514601.2514604,13-22,conf/icail/Bench-CaponPWA13,https://dblp.org/rec/conf/icail/Bench-CaponPWA13
ICAIL,2013,Conference and Workshop Papers,closed,A system for classifying multi-label text into EuroVoc,Guido Boella; Luigi Di Caro; Daniele Rispoli; Livio Robaldo,10.1145/2514601.2514635,https://doi.org/10.1145/2514601.2514635,239-240,conf/icail/BoellaCRR13,https://dblp.org/rec/conf/icail/BoellaCRR13
ICAIL,2013,Conference and Workshop Papers,closed,Managing legal interpretation in regulatory compliance,Guido Boella; Marijn Janssen; Joris Hulstijn; Llio Humphreys; Leendert W. N. van der Torre,10.1145/2514601.2514605,https://doi.org/10.1145/2514601.2514605,23-32,conf/icail/BoellaJHHT13,https://dblp.org/rec/conf/icail/BoellaJHHT13
ICAIL,2013,Conference and Workshop Papers,closed,Semi-automatic creation of Wigmore Diagrams,Michal Chalamish; Moshe Hazoom; Uri J. Schild,10.1145/2514601.2514623,https://doi.org/10.1145/2514601.2514623,181-185,conf/icail/ChalamishHS13,https://dblp.org/rec/conf/icail/ChalamishHS13
ICAIL,2013,Conference and Workshop Papers,closed,The significance of evaluation in AI and law: a case study re-examining ICAIL proceedings,Jack G. Conrad; John Zeleznikow,10.1145/2514601.2514624,https://doi.org/10.1145/2514601.2514624,186-191,conf/icail/ConradZ13,https://dblp.org/rec/conf/icail/ConradZ13
ICAIL,2013,Conference and Workshop Papers,closed,Software tools for the visualization of definition networks in legal contracts,Michael Curtotti; Eric McCreath; Srinivas Sridharan,10.1145/2514601.2514625,https://doi.org/10.1145/2514601.2514625,192-196,conf/icail/CurtottiMS13,https://dblp.org/rec/conf/icail/CurtottiMS13
ICAIL,2013,Conference and Workshop Papers,closed,A well-founded ontological framework for modeling personal income tax,Isabella Distinto; Nicola Guarino; Claudio Masolo,10.1145/2514601.2514606,https://doi.org/10.1145/2514601.2514606,33-42,conf/icail/DistintoGM13,https://dblp.org/rec/conf/icail/DistintoGM13
ICAIL,2013,Conference and Workshop Papers,closed,"Hammurabi, the legal expert assistant platform for the French judge: how to deliver up to date knowledge of national and European laws and regulations in front of rapid expansion of legal information and decisions, with an automated software assistant",Luc Ferrand; Isabelle Pesquie-Geday,10.1145/2514601.2514636,https://doi.org/10.1145/2514601.2514636,241-242,conf/icail/FerrandP13,https://dblp.org/rec/conf/icail/FerrandP13
ICAIL,2013,Conference and Workshop Papers,closed,Modificatory provisions detection: a hybrid NLP approach,Davide Gianfelice; Leonardo Lesmo; Monica Palmirani; Daniele Perlo; Daniele Paolo Radicioni,10.1145/2514601.2514607,https://doi.org/10.1145/2514601.2514607,43-52,conf/icail/GianfeliceLPPR13,https://dblp.org/rec/conf/icail/GianfeliceLPPR13
ICAIL,2013,Conference and Workshop Papers,closed,Temporal deontic action logic for the verification of compliance to norms in ASP,Laura Giordano; Alberto Martelli; Daniele Theseider Dupré,10.1145/2514601.2514608,https://doi.org/10.1145/2514601.2514608,53-62,conf/icail/GiordanoMD13,https://dblp.org/rec/conf/icail/GiordanoMD13
ICAIL,2013,Conference and Workshop Papers,closed,Introducing the Carneades web application,Thomas F. Gordon,10.1145/2514601.2514637,https://doi.org/10.1145/2514601.2514637,243-244,conf/icail/Gordon13,https://dblp.org/rec/conf/icail/Gordon13
ICAIL,2013,Conference and Workshop Papers,closed,Legal contractions: a logical analysis,Guido Governatori; Antonino Rotolo; Francesco Olivieri; Simone Scannapieco,10.1145/2514601.2514609,https://doi.org/10.1145/2514601.2514609,63-72,conf/icail/GovernatoriROS13,https://dblp.org/rec/conf/icail/GovernatoriROS13
ICAIL,2013,Conference and Workshop Papers,closed,Regorous: a business process compliance checker,Guido Governatori; Sidney Shek,10.1145/2514601.2514638,https://doi.org/10.1145/2514601.2514638,245-246,conf/icail/GovernatoriS13,https://dblp.org/rec/conf/icail/GovernatoriS13
ICAIL,2013,Conference and Workshop Papers,closed,Using event progression to enhance purposive argumentation in the value judgment formalism,Matthias Grabmair; Kevin D. Ashley,10.1145/2514601.2514610,https://doi.org/10.1145/2514601.2514610,73-82,conf/icail/GrabmairA13,https://dblp.org/rec/conf/icail/GrabmairA13
ICAIL,2013,Conference and Workshop Papers,closed,"Computer assisted extraction, merging and correlation of identities with tracks inspector",Jop Hofste; Hans Henseler; Maurice van Keulen,10.1145/2514601.2514639,https://doi.org/10.1145/2514601.2514639,247-248,conf/icail/HofsteHK13,https://dblp.org/rec/conf/icail/HofsteHK13
ICAIL,2013,Conference and Workshop Papers,closed,A discussion training support system and its evaluation,Shumpei Kubosawa; Kei Nishina; Masaki Sugimoto; Shogo Okada; Katsumi Nitta,10.1145/2514601.2514626,https://doi.org/10.1145/2514601.2514626,197-201,conf/icail/KubosawaNSON13,https://dblp.org/rec/conf/icail/KubosawaNSON13
ICAIL,2013,Conference and Workshop Papers,closed,On balance,Marc Lauritsen,10.1145/2514601.2514611,https://doi.org/10.1145/2514601.2514611,83-91,conf/icail/Lauritsen13,https://dblp.org/rec/conf/icail/Lauritsen13
ICAIL,2013,Conference and Workshop Papers,closed,A model-based approach to the automatic revision of secondary legislation,Tingting Li; Tina Balke; Marina De Vos; Julian A. Padget; Ken Satoh,10.1145/2514601.2514627,https://doi.org/10.1145/2514601.2514627,202-206,conf/icail/LiBVPS13,https://dblp.org/rec/conf/icail/LiBVPS13
ICAIL,2013,Conference and Workshop Papers,closed,Vagueness in law: a stimulus for &apos;artificial intelligence &amp; law&apos;,Doris Liebwald,10.1145/2514601.2514628,https://doi.org/10.1145/2514601.2514628,207-211,conf/icail/Liebwald13,https://dblp.org/rec/conf/icail/Liebwald13
ICAIL,2013,Conference and Workshop Papers,closed,Legal documents categorization by compression,Antonio Mastropaolo; Francesco Pallante; Daniele Paolo Radicioni,10.1145/2514601.2514612,https://doi.org/10.1145/2514601.2514612,92-100,conf/icail/MastropaoloPR13,https://dblp.org/rec/conf/icail/MastropaoloPR13
ICAIL,2013,Conference and Workshop Papers,closed,A relational approach for information retrieval on XML legal sources,Nada Mimouni; Meritxell Fernández; Adeline Nazarenko; Danièle Bourcier; Sylvie Salotti,10.1145/2514601.2514629,https://doi.org/10.1145/2514601.2514629,212-216,conf/icail/MimouniFNBS13,https://dblp.org/rec/conf/icail/MimouniFNBS13
ICAIL,2013,Conference and Workshop Papers,closed,A model for automated rating of case law,Marc van Opijnen,10.1145/2514601.2514617,https://doi.org/10.1145/2514601.2514617,140-149,conf/icail/Opijnen13,https://dblp.org/rec/conf/icail/Opijnen13
ICAIL,2013,Conference and Workshop Papers,closed,Synthesising implicit contracts,Gordon J. Pace; Fernando Schapachnik,10.1145/2514601.2514630,https://doi.org/10.1145/2514601.2514630,217-221,conf/icail/PaceS13,https://dblp.org/rec/conf/icail/PaceS13
ICAIL,2013,Conference and Workshop Papers,closed,Vicarious reinforcement and ex ante law enforcement: a study in norm-governed learning agents,Régis Riveret; Giuseppe Contissa; Dídac Busquets; Antonino Rotolo; Jeremy Pitt; Giovanni Sartor,10.1145/2514601.2514631,https://doi.org/10.1145/2514601.2514631,222-226,conf/icail/RiveretCBRPS13,https://dblp.org/rec/conf/icail/RiveretCBRPS13
ICAIL,2013,Conference and Workshop Papers,closed,Intelligent trademark analysis: experiments in large-scale evaluation of real-world legal AI,Anna Ronkainen,10.1145/2514601.2514632,https://doi.org/10.1145/2514601.2514632,227-231,conf/icail/Ronkainen13,https://dblp.org/rec/conf/icail/Ronkainen13
ICAIL,2013,Conference and Workshop Papers,closed,A deontic logic semantics for licenses composition in the web of data,Antonino Rotolo; Serena Villata; Fabien Gandon,10.1145/2514601.2514614,https://doi.org/10.1145/2514601.2514614,111-120,conf/icail/RotoloVG13,https://dblp.org/rec/conf/icail/RotoloVG13
ICAIL,2013,Conference and Workshop Papers,closed,Extracting debate graphs from parliamentary transcripts: a study directed at UK house of commons debates,Zaher Salah; Frans Coenen; Davide Grossi,10.1145/2514601.2514615,https://doi.org/10.1145/2514601.2514615,121-130,conf/icail/SalahCG13,https://dblp.org/rec/conf/icail/SalahCG13
ICAIL,2013,Conference and Workshop Papers,closed,Identifying patent monetization entities,Mihai Surdeanu; Sara Jeruss,10.1145/2514601.2514616,https://doi.org/10.1145/2514601.2514616,131-139,conf/icail/SurdeanuJ13,https://dblp.org/rec/conf/icail/SurdeanuJ13
ICAIL,2013,Conference and Workshop Papers,closed,Reference resolution in legal texts,Oanh Thi Tran; Minh Le Nguyen; Akira Shimazu,10.1145/2514601.2514613,https://doi.org/10.1145/2514601.2514613,101-110,conf/icail/TranNS13,https://dblp.org/rec/conf/icail/TranNS13
ICAIL,2013,Conference and Workshop Papers,closed,Modeling crime scenarios in a Bayesian network,Charlotte S. Vlek; Henry Prakken; Silja Renooij; Bart Verheij,10.1145/2514601.2514618,https://doi.org/10.1145/2514601.2514618,150-159,conf/icail/VlekPRV13,https://dblp.org/rec/conf/icail/VlekPRV13
ICAIL,2013,Conference and Workshop Papers,closed,Argumentation based tools for policy-making,Maya Wardeh; Adam Z. Wyner; Katie Atkinson; Trevor J. M. Bench-Capon,10.1145/2514601.2514640,https://doi.org/10.1145/2514601.2514640,249-250,conf/icail/WardehWAB13,https://dblp.org/rec/conf/icail/WardehWAB13
ICAIL,2013,Conference and Workshop Papers,closed,Experiments in automated support for argument reconstruction,Radboud Winkels; Jochem Douw; Sara Veldhoen,10.1145/2514601.2514633,https://doi.org/10.1145/2514601.2514633,232-236,conf/icail/WinkelsDV13,https://dblp.org/rec/conf/icail/WinkelsDV13
ICAIL,2013,Conference and Workshop Papers,closed,Modeling teleological interpretation,Tomasz Zurek; Michal Araszkiewicz,10.1145/2514601.2514619,https://doi.org/10.1145/2514601.2514619,160-168,conf/icail/ZurekA13,https://dblp.org/rec/conf/icail/ZurekA13
ICAIL,2015,Editorship,,"Proceedings of the 15th International Conference on Artificial Intelligence and Law, ICAIL 2015, San Diego, CA, USA, June 8-12, 2015",Ted Sichelman; Katie Atkinson,,http://dl.acm.org/citation.cfm?id=2746090,,conf/icail/2015,https://dblp.org/rec/conf/icail/2015
ICAIL,2015,Conference and Workshop Papers,closed,"The case law of the Italian constitutional court, its power laws, and the web of scholarly opinions",Tommaso Agnoloni; Ugo Pagallo,10.1145/2746090.2746108,https://doi.org/10.1145/2746090.2746108,151-155,conf/icail/AgnoloniP15,https://dblp.org/rec/conf/icail/AgnoloniP15
ICAIL,2015,Conference and Workshop Papers,closed,"Factors, issues and values: revisiting reasoning with cases",Latifa Al-Abdulkarim; Katie Atkinson; Trevor J. M. Bench-Capon,10.1145/2746090.2746103,https://doi.org/10.1145/2746090.2746103,3-12,conf/icail/Al-AbdulkarimAB15,https://dblp.org/rec/conf/icail/Al-AbdulkarimAB15
ICAIL,2015,Conference and Workshop Papers,closed,Evaluating the use of abstract dialectical frameworks to represent case law,Latifa Al-Abdulkarim; Katie Atkinson; Trevor J. M. Bench-Capon,10.1145/2746090.2746111,https://doi.org/10.1145/2746090.2746111,156-160,conf/icail/Al-AbdulkarimAB15a,https://dblp.org/rec/conf/icail/Al-AbdulkarimAB15a
ICAIL,2015,Conference and Workshop Papers,closed,Incorporation of complex doctrinal theories in a model of statutory interpretation: an example of adequate causal link,Michal Araszkiewicz,10.1145/2746090.2746114,https://doi.org/10.1145/2746090.2746114,161-165,conf/icail/Araszkiewicz15,https://dblp.org/rec/conf/icail/Araszkiewicz15
ICAIL,2015,Conference and Workshop Papers,closed,Representation of an actual divorce dispute in the parenting plan support system,Michal Araszkiewicz; Agata Lopatkiewicz; Adam Zienkiewicz; Tomasz Zurek,10.1145/2746090.2746119,https://doi.org/10.1145/2746090.2746119,166-170,conf/icail/AraszkiewiczLZZ15,https://dblp.org/rec/conf/icail/AraszkiewiczLZZ15
ICAIL,2015,Conference and Workshop Papers,closed,An integrated theory of causal stories and evidential arguments,Floris Bex,10.1145/2746090.2746094,https://doi.org/10.1145/2746090.2746094,13-22,conf/icail/Bex15,https://dblp.org/rec/conf/icail/Bex15
ICAIL,2015,Conference and Workshop Papers,closed,Linking legal open data: breaking the accessibility and language barrier in european legislation and case law,Guido Boella; Luigi Di Caro; Michele Graziadei; Loredana Cupi; Carlo Emilio Salaroglio; Llio Humphreys; Hristo Konstantinov; Kornel Marko; Livio Robaldo; Claudio Ruffini; Kiril Ivanov Simov; Andrea Violato; Veli N. Stroetmann,10.1145/2746090.2746106,https://doi.org/10.1145/2746090.2746106,171-175,conf/icail/BoellaCGCSHKMRR15,https://dblp.org/rec/conf/icail/BoellaCGCSHKMRR15
ICAIL,2015,Conference and Workshop Papers,closed,A study of query reformulation for patent prior art search with partial patent applications,Mohamed Reda Bouadjenek; Scott Sanner; Gabriela Ferraro,10.1145/2746090.2746092,https://doi.org/10.1145/2746090.2746092,23-32,conf/icail/BouadjenekSF15,https://dblp.org/rec/conf/icail/BouadjenekSF15
ICAIL,2015,Conference and Workshop Papers,closed,Visualizing Brazilian justice: the supreme court 2.0 project,Daniel M. Chada; Felipe A. Silva; Patrícia Borges,10.1145/2746090.2746113,https://doi.org/10.1145/2746090.2746113,176-180,conf/icail/ChadaSB15,https://dblp.org/rec/conf/icail/ChadaSB15
ICAIL,2015,Conference and Workshop Papers,closed,Causal analysis for attributing responsibility in legal cases,Hana Chockler; Norman E. Fenton; Jeroen Keppens; David A. Lagnado,10.1145/2746090.2746102,https://doi.org/10.1145/2746090.2746102,33-42,conf/icail/ChocklerFKL15,https://dblp.org/rec/conf/icail/ChocklerFKL15
ICAIL,2015,Conference and Workshop Papers,closed,Reliability of electronic evidence: an application for model-based auditing,Rob Christiaanse; Paul Griffioen; Joris Hulstijn,10.1145/2746090.2746098,https://doi.org/10.1145/2746090.2746098,43-52,conf/icail/ChristiaanseGH15,https://dblp.org/rec/conf/icail/ChristiaanseGH15
ICAIL,2015,Conference and Workshop Papers,closed,The role of evaluation in AI and law: an examination of its different forms in the AI and law journal,Jack G. Conrad; John Zeleznikow,10.1145/2746090.2746116,https://doi.org/10.1145/2746090.2746116,181-186,conf/icail/ConradZ15,https://dblp.org/rec/conf/icail/ConradZ15
ICAIL,2015,Conference and Workshop Papers,closed,Machine learning for readability of legislative sentences,Michael Curtotti; Eric McCreath; Tom Bruce; Sara S. Frug; Wayne Weibel; Nicolas Ceynowa,10.1145/2746090.2746095,https://doi.org/10.1145/2746090.2746095,53-62,conf/icail/CurtottiMBFWC15,https://dblp.org/rec/conf/icail/CurtottiMBFWC15
ICAIL,2015,Conference and Workshop Papers,closed,"At your service, on the definition of services from sources of law",Tom M. van Engers; Robert van Doesburg,10.1145/2746090.2746115,https://doi.org/10.1145/2746090.2746115,221-225,conf/icail/EngersD15,https://dblp.org/rec/conf/icail/EngersD15
ICAIL,2015,Conference and Workshop Papers,closed,"Writing and reviewing contracts: don&apos;t you wish to save time, effort, and money?",Jason Gabbard; Jana Z. Sukkarieh; Federico Silva,10.1145/2746090.2746534,https://doi.org/10.1145/2746090.2746534,229-230,conf/icail/GabbardSS15,https://dblp.org/rec/conf/icail/GabbardSS15
ICAIL,2015,Conference and Workshop Papers,closed,Thou shalt is not you will,Guido Governatori,10.1145/2746090.2746105,https://doi.org/10.1145/2746090.2746105,63-68,conf/icail/Governatori15,https://dblp.org/rec/conf/icail/Governatori15
ICAIL,2015,Conference and Workshop Papers,closed,Introducing LUIMA: an experiment in legal conceptual retrieval of vaccine injury decisions using a UIMA type system and tools,Matthias Grabmair; Kevin D. Ashley; Ran Chen; Preethi Sureshkumar; Chen Wang; Eric Nyberg; Vern R. Walker,10.1145/2746090.2746096,https://doi.org/10.1145/2746090.2746096,69-78,conf/icail/GrabmairACSWNW15,https://dblp.org/rec/conf/icail/GrabmairACSWNW15
ICAIL,2015,Conference and Workshop Papers,closed,Tax non-compliance detection using co-evolution of tax evasion risk and audit likelihood,Erik Hemberg; Jacob B. Rosen; Geoff Warner; Sanith Wijesinghe; Una-May O&apos;Reilly,10.1145/2746090.2746099,https://doi.org/10.1145/2746090.2746099,79-88,conf/icail/HembergRWWO15,https://dblp.org/rec/conf/icail/HembergRWWO15
ICAIL,2015,Conference and Workshop Papers,closed,RuleOMS: a rule-based online management system,Mohammad Badiul Islam; Guido Governatori,10.1145/2746090.2746120,https://doi.org/10.1145/2746090.2746120,187-191,conf/icail/IslamG15,https://dblp.org/rec/conf/icail/IslamG15
ICAIL,2015,Conference and Workshop Papers,closed,Elliptical lists in legislative texts,Réka Markovich; Syi; Gábor Hamp,10.1145/2746090.2746112,https://doi.org/10.1145/2746090.2746112,192-195,conf/icail/MarkovichSH15,https://dblp.org/rec/conf/icail/MarkovichSH15
ICAIL,2015,Conference and Workshop Papers,closed,Using &apos;big&apos; metadata for criminal intelligence: understanding limitations and appropriate safeguards,Alana Maurushat; Lyria Bennett Moses; David Vaile,10.1145/2746090.2746110,https://doi.org/10.1145/2746090.2746110,196-200,conf/icail/MaurushatMV15,https://dblp.org/rec/conf/icail/MaurushatMV15
ICAIL,2015,Conference and Workshop Papers,closed,How to ground a language for legal discourse in a prototypical perceptual semantics,L. Thorne McCarty,10.1145/2746090.2746091,https://doi.org/10.1145/2746090.2746091,89-98,conf/icail/McCarty15,https://dblp.org/rec/conf/icail/McCarty15
ICAIL,2015,Conference and Workshop Papers,closed,"Originalism, hypothesis testing and big data",John O. McGinnis; Branden Stein,10.1145/2746090.2746117,https://doi.org/10.1145/2746090.2746117,201-205,conf/icail/McGinnisS15,https://dblp.org/rec/conf/icail/McGinnisS15
ICAIL,2015,Conference and Workshop Papers,closed,Toward machine-assisted participation in eRulemaking: an argumentation model of evaluability,Joonsuk Park; Cheryl Blake; Claire Cardie,10.1145/2746090.2746118,https://doi.org/10.1145/2746090.2746118,206-210,conf/icail/ParkBC15,https://dblp.org/rec/conf/icail/ParkBC15
ICAIL,2015,Conference and Workshop Papers,closed,AI analysis of trademark law: trademarknow NameCheck and NameWatch,Anna Ronkainen,10.1145/2746090.2746535,https://doi.org/10.1145/2746090.2746535,231-232,conf/icail/Ronkainen15,https://dblp.org/rec/conf/icail/Ronkainen15
ICAIL,2015,Conference and Workshop Papers,closed,Deontic defeasible reasoning in legal interpretation: two options for modelling interpretive arguments,Antonino Rotolo; Guido Governatori; Giovanni Sartor,10.1145/2746090.2746100,https://doi.org/10.1145/2746090.2746100,99-108,conf/icail/RotoloGS15,https://dblp.org/rec/conf/icail/RotoloGS15
ICAIL,2015,Conference and Workshop Papers,closed,Transfer of predictive models for classification of statutory texts in multi-jurisdictional settings,Jaromír Savelka; Kevin D. Ashley,10.1145/2746090.2746109,https://doi.org/10.1145/2746090.2746109,216-220,conf/icail/SavelkaA15,https://dblp.org/rec/conf/icail/SavelkaA15
ICAIL,2015,Conference and Workshop Papers,closed,A structure-guided approach to capturing bayesian reasoning about legal evidence in argumentation,Sjoerd T. Timmer; John-Jules Ch. Meyer; Henry Prakken; Silja Renooij; Bart Verheij,10.1145/2746090.2746093,https://doi.org/10.1145/2746090.2746093,109-118,conf/icail/TimmerMPRV15,https://dblp.org/rec/conf/icail/TimmerMPRV15
ICAIL,2015,Conference and Workshop Papers,closed,Demonstration of a structure-guided approach to capturing bayesian reasoning about legal evidence in argumentation,Sjoerd T. Timmer; John-Jules Ch. Meyer; Henry Prakken; Silja Renooij; Bart Verheij,10.1145/2746090.2750370,https://doi.org/10.1145/2746090.2750370,233-234,conf/icail/TimmerMPRV15a,https://dblp.org/rec/conf/icail/TimmerMPRV15a
ICAIL,2015,Conference and Workshop Papers,closed,Evaluating expertise and sample bias effects for privilege classification in e-discovery,Jyothi K. Vinjumur,10.1145/2746090.2746101,https://doi.org/10.1145/2746090.2746101,119-127,conf/icail/Vinjumur15,https://dblp.org/rec/conf/icail/Vinjumur15
ICAIL,2015,Conference and Workshop Papers,closed,Constructing and understanding Bayesian networks for legal evidence with scenario schemes,Charlotte S. Vlek; Henry Prakken; Silja Renooij; Bart Verheij,10.1145/2746090.2746097,https://doi.org/10.1145/2746090.2746097,128-137,conf/icail/VlekPRV15,https://dblp.org/rec/conf/icail/VlekPRV15
ICAIL,2015,Conference and Workshop Papers,closed,Modelling dialogues in court using a gradual argumentation model: a case study,Bin Wei; Jinhua Huang,10.1145/2746090.2746104,https://doi.org/10.1145/2746090.2746104,138-147,conf/icail/WeiH15,https://dblp.org/rec/conf/icail/WeiH15
ICAIL,2017,Editorship,,"Proceedings of the 16th edition of the International Conference on Artificial Intelligence and Law, ICAIL 2017, London, United Kingdom, June 12-16, 2017",Jeroen Keppens; Guido Governatori,10.1145/3086512,https://doi.org/10.1145/3086512,,conf/icail/2017,https://dblp.org/rec/conf/icail/2017
ICAIL,2017,Conference and Workshop Papers,closed,Angelic environment: demonstration,Latifa Al-Abdulkarim; Katie Atkinson; Sam Atkinson; Trevor J. M. Bench-Capon,10.1145/3086512.3086546,https://doi.org/10.1145/3086512.3086546,267-268,conf/icail/Al-AbdulkarimAA17,https://dblp.org/rec/conf/icail/Al-AbdulkarimAA17
ICAIL,2017,Conference and Workshop Papers,closed,Towards an automated production of legal texts using recurrent neural networks,Wolfgang Alschner; Dmitriy Skougarevskiy,10.1145/3086512.3086536,https://doi.org/10.1145/3086512.3086536,229-232,conf/icail/AlschnerS17,https://dblp.org/rec/conf/icail/AlschnerS17
ICAIL,2017,Conference and Workshop Papers,closed,A scalable approach to legal question answering,Zachary Bennett; Tony Russell-Rose; Kate Farmer,10.1145/3086512.3086547,https://doi.org/10.1145/3086512.3086547,269-270,conf/icail/BennettRF17,https://dblp.org/rec/conf/icail/BennettRF17
ICAIL,2017,Conference and Workshop Papers,closed,AI-supported decision-making under the general data protection regulation,Maja Brkan,10.1145/3086512.3086513,https://doi.org/10.1145/3086512.3086513,3-8,conf/icail/Brkan17,https://dblp.org/rec/conf/icail/Brkan17
ICAIL,2017,Conference and Workshop Papers,closed,"A low-cost, high-coverage legal named entity recognizer, classifier and linker",Cristian Cardellino; Milagro Teruel; Laura Alonso Alemany; Serena Villata,10.1145/3086512.3086514,https://doi.org/10.1145/3086512.3086514,9-18,conf/icail/CardellinoTAV17,https://dblp.org/rec/conf/icail/CardellinoTAV17
ICAIL,2017,Conference and Workshop Papers,closed,Extracting contract elements,Ilias Chalkidis; Ion Androutsopoulos; Achilleas Michos,10.1145/3086512.3086515,https://doi.org/10.1145/3086512.3086515,19-28,conf/icail/ChalkidisAM17,https://dblp.org/rec/conf/icail/ChalkidisAM17
ICAIL,2017,Conference and Workshop Papers,closed,Can machine learning help predict the outcome of asylum adjudications?,Daniel L. Chen; Jess Eagel,10.1145/3086512.3086538,https://doi.org/10.1145/3086512.3086538,237-240,conf/icail/ChenE17,https://dblp.org/rec/conf/icail/ChenE17
ICAIL,2017,Conference and Workshop Papers,closed,Scenario analytics: analyzing jury verdicts to evaluate legal case outcomes,Jack G. Conrad; Khalid Al-Kofahi,10.1145/3086512.3086516,https://doi.org/10.1145/3086512.3086516,29-37,conf/icail/ConradA17,https://dblp.org/rec/conf/icail/ConradA17
ICAIL,2017,Conference and Workshop Papers,closed,Changes to temporary norms,Matteo Cristani; Francesco Olivieri; Antonino Rotolo,10.1145/3086512.3086517,https://doi.org/10.1145/3086512.3086517,39-48,conf/icail/CristaniOR17,https://dblp.org/rec/conf/icail/CristaniOR17
ICAIL,2017,Conference and Workshop Papers,closed,Early predictability of asylum court decisions,Matthew Dunn; Levent Sagun; Hale Sirin; Daniel Chen,10.1145/3086512.3086537,https://doi.org/10.1145/3086512.3086537,233-236,conf/icail/DunnSSC17,https://dblp.org/rec/conf/icail/DunnSSC17
ICAIL,2017,Conference and Workshop Papers,closed,Performance improvement on legal model checking,Carlos Faciano; Sergio Mera; Fernando Schapachnik; Ana Haydée Di Iorio; Bibiana Luz Clara; Verónica Uriarte; María Fernanda Giaccaglia; María Belén Ruffa; Cristian Marcos,10.1145/3086512.3086518,https://doi.org/10.1145/3086512.3086518,59-68,conf/icail/FacianoMSICUGRM17,https://dblp.org/rec/conf/icail/FacianoMSICUGRM17
ICAIL,2017,Conference and Workshop Papers,closed,The opportunity prior: a simple and practical solution to the prior probability problem for legal cases,Norman E. Fenton; David A. Lagnado; Christian Dahlman; Martin Neil,10.1145/3086512.3086519,https://doi.org/10.1145/3086512.3086519,69-76,conf/icail/FentonLDN17,https://dblp.org/rec/conf/icail/FentonLDN17
ICAIL,2017,Conference and Workshop Papers,closed,CLIEL: context-based information extraction from commercial law documents,Matias Garcia-Constantino; Katie Atkinson; Danushka Bollegala; Karl Chapman; Frans Coenen; Claire Roberts; Katy Robson,10.1145/3086512.3086520,https://doi.org/10.1145/3086512.3086520,79-87,conf/icail/Garcia-Constantino17,https://dblp.org/rec/conf/icail/Garcia-Constantino17
ICAIL,2017,Conference and Workshop Papers,closed,LexrideLaw: an argument based legal search engine,Matthew Gifford,10.1145/3086512.3086548,https://doi.org/10.1145/3086512.3086548,271-272,conf/icail/Gifford17,https://dblp.org/rec/conf/icail/Gifford17
ICAIL,2017,Conference and Workshop Papers,closed,Predicting trade secret case outcomes using argument schemes and learned quantitative value effect tradeoffs,Matthias Grabmair,10.1145/3086512.3086521,https://doi.org/10.1145/3086512.3086521,89-98,conf/icail/Grabmair17,https://dblp.org/rec/conf/icail/Grabmair17
ICAIL,2017,Conference and Workshop Papers,closed,Interpreting contracts using english common law rules as stated by Lord Hoffmann,John Henderson; Trevor J. M. Bench-Capon,10.1145/3086512.3086522,https://doi.org/10.1145/3086512.3086522,99-108,conf/icail/HendersonB17,https://dblp.org/rec/conf/icail/HendersonB17
ICAIL,2017,Conference and Workshop Papers,closed,Legal content fusion for legal information retrieval,Seongwan Heo; Kihyun Hong; Young-Yik Rhim,10.1145/3086512.3086549,https://doi.org/10.1145/3086512.3086549,277-281,conf/icail/HeoHR17,https://dblp.org/rec/conf/icail/HeoHR17
ICAIL,2017,Conference and Workshop Papers,closed,Reasoning with dimensions and magnitudes,John F. Horty,10.1145/3086512.3086523,https://doi.org/10.1145/3086512.3086523,109-118,conf/icail/Horty17,https://dblp.org/rec/conf/icail/Horty17
ICAIL,2017,Conference and Workshop Papers,closed,Towards a legal definition of machine intelligence: the argument for artificial personhood in the age of deep learning,Argyro P. Karanasiou; Dimitris A. Pinotsis,10.1145/3086512.3086524,https://doi.org/10.1145/3086512.3086524,119-128,conf/icail/KaranasiouP17,https://dblp.org/rec/conf/icail/KaranasiouP17
ICAIL,2017,Conference and Workshop Papers,closed,Two-step cascaded textual entailment for legal bar exam question answering,Mi-Young Kim; Randy Goebel,10.1145/3086512.3086550,https://doi.org/10.1145/3086512.3086550,283-290,conf/icail/KimG17,https://dblp.org/rec/conf/icail/KimG17
ICAIL,2017,Conference and Workshop Papers,closed,A logical architecture for dynamic legal interpretation,Juliano S. A. Maranhão,10.1145/3086512.3086525,https://doi.org/10.1145/3086512.3086525,129-138,conf/icail/Maranhao17,https://dblp.org/rec/conf/icail/Maranhao17
ICAIL,2017,Conference and Workshop Papers,closed,Compliance patterns: harnessing value modeling and legal interpretation to manage regulatory conversations,Robert Muthuri; Guido Boella; Joris Hulstijn; Sara Capecchi; Llio Humphreys,10.1145/3086512.3086526,https://doi.org/10.1145/3086512.3086526,139-148,conf/icail/MuthuriBHCH17,https://dblp.org/rec/conf/icail/MuthuriBHCH17
ICAIL,2017,Conference and Workshop Papers,closed,A unifying similarity measure for automated identification of national implementations of european union directives,Rohan Nanda; Luigi Di Caro; Guido Boella; Hristo Konstantinov; Tenyo Tyankov; Daniel Traykov; Hristo Hristov; Francesco Costamagna; Llio Humphreys; Livio Robaldo; Michele Romano,10.1145/3086512.3086527,https://doi.org/10.1145/3086512.3086527,149-158,conf/icail/NandaCBKTTHCHRR17,https://dblp.org/rec/conf/icail/NandaCBKTTHCHRR17
ICAIL,2017,Conference and Workshop Papers,closed,"Classifying sentential modality in legal language: a use case in financial regulations, acts and directives",James O&apos;Neill; Paul Buitelaar; Cécile Robin; Leona O&apos;Brien,10.1145/3086512.3086528,https://doi.org/10.1145/3086512.3086528,159-168,conf/icail/ONeillBRO17,https://dblp.org/rec/conf/icail/ONeillBRO17
ICAIL,2017,Conference and Workshop Papers,closed,The pragmatic oddity in norm-based deontic logics,Xavier Parent; Leendert W. N. van der Torre,10.1145/3086512.3086529,https://doi.org/10.1145/3086512.3086529,169-178,conf/icail/ParentT17,https://dblp.org/rec/conf/icail/ParentT17
ICAIL,2017,Conference and Workshop Papers,closed,Combining fuzzy logic and formal argumentation for legal interpretation,Célia da Costa Pereira; Andrea G. B. Tettamanzi; Beishui Liao; Alessandra Malerba; Antonino Rotolo; Leendert W. N. van der Torre,10.1145/3086512.3086532,https://doi.org/10.1145/3086512.3086532,49-58,conf/icail/PereiraTLMRT17,https://dblp.org/rec/conf/icail/PereiraTLMRT17
ICAIL,2017,Conference and Workshop Papers,closed,Methods for retrieving alternative contract language using a prototype,Silviu Pitis,10.1145/3086512.3086530,https://doi.org/10.1145/3086512.3086530,179-187,conf/icail/Pitis17,https://dblp.org/rec/conf/icail/Pitis17
ICAIL,2017,Conference and Workshop Papers,closed,On making autonomous vehicles respect traffic law: a case study for dutch law,Henry Prakken,10.1145/3086512.3086542,https://doi.org/10.1145/3086512.3086542,241-244,conf/icail/Prakken17,https://dblp.org/rec/conf/icail/Prakken17
ICAIL,2017,Conference and Workshop Papers,closed,A knowledge organization system for e-participation in law-making,Peter Schmitz; Enrico Francesconi; Simon-Pierre Landercy; Brahim Batouche; V. Touly,10.1145/3086512.3086539,https://doi.org/10.1145/3086512.3086539,245-248,conf/icail/SchmitzFLBT17,https://dblp.org/rec/conf/icail/SchmitzFLBT17
ICAIL,2017,Conference and Workshop Papers,closed,Supertagging for domain adaptation: an approach with law texts,Kyoko Sugisaki,10.1145/3086512.3086543,https://doi.org/10.1145/3086512.3086543,249-252,conf/icail/Sugisaki17,https://dblp.org/rec/conf/icail/Sugisaki17
ICAIL,2017,Conference and Workshop Papers,closed,A sequence approach to case outcome detection,Tom Vacek; Frank Schilder,10.1145/3086512.3086534,https://doi.org/10.1145/3086512.3086534,209-215,conf/icail/VacekS17,https://dblp.org/rec/conf/icail/VacekS17
ICAIL,2017,Conference and Workshop Papers,closed,"Formalizing arguments, rules and cases",Bart Verheij,10.1145/3086512.3086533,https://doi.org/10.1145/3086512.3086533,199-208,conf/icail/Verheij17,https://dblp.org/rec/conf/icail/Verheij17
ICAIL,2017,Conference and Workshop Papers,closed,The genealogy of ideology: predicting agreement and persuasive memes in the U.S. courts of appeals,Shivam Verma; Adithya Parthasarathy; Daniel L. Chen,10.1145/3086512.3086544,https://doi.org/10.1145/3086512.3086544,253-256,conf/icail/VermaPC17,https://dblp.org/rec/conf/icail/VermaPC17
ICAIL,2017,Conference and Workshop Papers,closed,Experimenting word embeddings in assisting legal review,Ngoc Phuoc An Vo; Caroline Privault; Fabien Guillot,10.1145/3086512.3086531,https://doi.org/10.1145/3086512.3086531,189-198,conf/icail/VoPG17,https://dblp.org/rec/conf/icail/VoPG17
ICAIL,2017,Conference and Workshop Papers,closed,Semantic types for computational legal reasoning: propositional connectives and sentence roles in the veterans&apos; claims dataset,Vern R. Walker; Ji Hae Han; Xiang Ni; Kaneyasu Yoseda,10.1145/3086512.3086535,https://doi.org/10.1145/3086512.3086535,217-226,conf/icail/WalkerHNY17,https://dblp.org/rec/conf/icail/WalkerHNY17
ICAIL,2017,Conference and Workshop Papers,closed,Predicting litigation likelihood and time to litigation for patents,P. Wongchaisuwat; Diego Klabjan; John O. McGinnis,10.1145/3086512.3086545,https://doi.org/10.1145/3086512.3086545,257-260,conf/icail/WongchaisuwatKM17,https://dblp.org/rec/conf/icail/WongchaisuwatKM17
ICAIL,2017,Conference and Workshop Papers,closed,Effectiveness results for popular e-discovery algorithms,Eugene Yang; David A. Grossman; Ophir Frieder; Roman Yurchak,10.1145/3086512.3086540,https://doi.org/10.1145/3086512.3086540,261-264,conf/icail/YangGFY17,https://dblp.org/rec/conf/icail/YangGFY17
ICAIL,2019,Editorship,,"Proceedings of the Seventeenth International Conference on Artificial Intelligence and Law, ICAIL 2019, Montreal, QC, Canada, June 17-21, 2019",,10.1145/3322640,https://doi.org/10.1145/3322640,,conf/icail/2019,https://dblp.org/rec/conf/icail/2019
ICAIL,2019,Conference and Workshop Papers,closed,Human intervention in automated decision-making: Toward the construction of contestable systems,Marco Almada,10.1145/3322640.3326699,https://doi.org/10.1145/3322640.3326699,2-11,conf/icail/Almada19,https://dblp.org/rec/conf/icail/Almada19
ICAIL,2019,Conference and Workshop Papers,closed,Reasoning with Legal Cases: Analogy or Rule Application?,Katie Atkinson; Trevor J. M. Bench-Capon,10.1145/3322640.3326695,https://doi.org/10.1145/3322640.3326695,12-21,conf/icail/AtkinsonB19,https://dblp.org/rec/conf/icail/AtkinsonB19
ICAIL,2019,Conference and Workshop Papers,closed,Norms and Extended Argumentation Frameworks,Trevor J. M. Bench-Capon; Sanjay Modgil,10.1145/3322640.3326696,https://doi.org/10.1145/3322640.3326696,174-178,conf/icail/Bench-CaponM19,https://dblp.org/rec/conf/icail/Bench-CaponM19
ICAIL,2019,Conference and Workshop Papers,closed,ADEPT: Automated Directive Extraction from Policy Texts,Karl Branting; Stacy Petersen; David Shin; Jim Finegan; Carlos Balhana; Alex Lyte; Craig Pfeifer,10.1145/3322640.3326724,https://doi.org/10.1145/3322640.3326724,250-251,conf/icail/BrantingPSFBLP19,https://dblp.org/rec/conf/icail/BrantingPSFBLP19
ICAIL,2019,Conference and Workshop Papers,closed,Semi-Supervised Methods for Explainable Legal Prediction,Karl Branting; Brandy Weiss; Bradford Brown; Craig Pfeifer; A. Chakraborty; Lisa Ferro; Mark Pfaff; Alexander S. Yeh,10.1145/3322640.3326723,https://doi.org/10.1145/3322640.3326723,22-31,conf/icail/BrantingWBPCFPY19,https://dblp.org/rec/conf/icail/BrantingWBPCFPY19
ICAIL,2019,Conference and Workshop Papers,closed,Adapting Covariate Shift for Legal AI,Venkata Nagaraju Buddarapu; Arunprasath Shankar,10.1145/3322640.3326720,https://doi.org/10.1145/3322640.3326720,252-253,conf/icail/BuddarapuS19a,https://dblp.org/rec/conf/icail/BuddarapuS19a
ICAIL,2019,Conference and Workshop Papers,closed,Crime Knowledge Extraction: an Ontology-driven Approach for Detecting Abstract Terms in Case Law Decisions,Silvana Castano; Alfio Ferrara; Mattia Falduti; Stefano Montanelli,10.1145/3322640.3326730,https://doi.org/10.1145/3322640.3326730,179-183,conf/icail/CastanoFFM19,https://dblp.org/rec/conf/icail/CastanoFFM19
ICAIL,2019,Conference and Workshop Papers,closed,A Reliable and Accurate Multiple Choice Question Answering System for Due Diligence,Radha Chitta; Alexander K. Hudek,10.1145/3322640.3326711,https://doi.org/10.1145/3322640.3326711,184-188,conf/icail/ChittaH19,https://dblp.org/rec/conf/icail/ChittaH19
ICAIL,2019,Conference and Workshop Papers,closed,Why blockchains need the law: Secondary rules as the missing piece of blockchain governance,Marco Crepaldi,10.1145/3322640.3328780,https://doi.org/10.1145/3322640.3328780,189-193,conf/icail/Crepaldi19,https://dblp.org/rec/conf/icail/Crepaldi19
ICAIL,2019,Conference and Workshop Papers,closed,Reducing Subjectivity and Bias in an Officer&apos;s Analysis of Suspicion in Drug Interdiction Stops,Arthur Crivella; Wesley M. Oliver; Morgan A. Gray,10.1145/3322640.3326733,https://doi.org/10.1145/3322640.3326733,254-255,conf/icail/CrivellaOG19,https://dblp.org/rec/conf/icail/CrivellaOG19
ICAIL,2019,Conference and Workshop Papers,closed,Legal Knowledge Representation Using a Faceted Scheme,Michelle Cumyn; Günter Reiner; Sabine Mas; David Lesieur,10.1145/3322640.3326735,https://doi.org/10.1145/3322640.3326735,258-259,conf/icail/CumynRML19,https://dblp.org/rec/conf/icail/CumynRML19
ICAIL,2019,Conference and Workshop Papers,closed,"Westlaw Edge AI Features Demo: KeyCite Overruling Risk, Litigation Analytics, and WestSearch Plus",Tonya Custis; Frank Schilder; Thomas Vacek; Gayle McElvain; Héctor Martínez Alonso,10.1145/3322640.3326739,https://doi.org/10.1145/3322640.3326739,256-257,conf/icail/CustisSVMA19,https://dblp.org/rec/conf/icail/CustisSVMA19
ICAIL,2019,Conference and Workshop Papers,closed,"The False, the Former, and the Parish Priest",Robert van Doesburg; Tom M. van Engers,10.1145/3322640.3326718,https://doi.org/10.1145/3322640.3326718,194-198,conf/icail/DoesburgE19,https://dblp.org/rec/conf/icail/DoesburgE19
ICAIL,2019,Conference and Workshop Papers,closed,Argument Identification in Public Comments from eRulemaking,Vlad Eidelman; Brian Grom,10.1145/3322640.3326714,https://doi.org/10.1145/3322640.3326714,199-203,conf/icail/EidelmanG19,https://dblp.org/rec/conf/icail/EidelmanG19
ICAIL,2019,Conference and Workshop Papers,closed,The Application of ODCM for Building Well-Founded Legal Domain Ontologies: A Case Study in the Domain of Carriage of Goods by Sea,Mirna El Ghosh; Habib Abdulrab,10.1145/3322640.3326725,https://doi.org/10.1145/3322640.3326725,204-208,conf/icail/GhoshA19,https://dblp.org/rec/conf/icail/GhoshA19
ICAIL,2019,Conference and Workshop Papers,closed,Towards Computer-aided Analysis of Readability and Comprehensibility of Patient Information in the Context of Clinical Research Projects,Ingo Glaser; Georg Bonczek; Jörg Landthaler; Florian Matthes,10.1145/3322640.3326704,https://doi.org/10.1145/3322640.3326704,260-261,conf/icail/GlaserBLM19,https://dblp.org/rec/conf/icail/GlaserBLM19
ICAIL,2019,Conference and Workshop Papers,closed,Modelling Dialogues for Optimal Legislation,Guido Governatori; Antonino Rotolo; Régis Riveret; Serena Villata,10.1145/3322640.3326731,https://doi.org/10.1145/3322640.3326731,229-233,conf/icail/GovernatoriRRV19,https://dblp.org/rec/conf/icail/GovernatoriRRV19
ICAIL,2019,Conference and Workshop Papers,closed,Describing the Development of Case Law,John Henderson; Trevor J. M. Bench-Capon,10.1145/3322640.3326697,https://doi.org/10.1145/3322640.3326697,32-41,conf/icail/HendersonB19,https://dblp.org/rec/conf/icail/HendersonB19
ICAIL,2019,Conference and Workshop Papers,closed,Explainable Bayesian Network Query Results via Natural Language Generation Systems,Jeroen Keppens,10.1145/3322640.3326716,https://doi.org/10.1145/3322640.3326716,42-51,conf/icail/Keppens19,https://dblp.org/rec/conf/icail/Keppens19
ICAIL,2019,Conference and Workshop Papers,closed,Statute Law Information Retrieval and Entailment,Mi-Young Kim; Juliano Rabelo; Randy Goebel,10.1145/3322640.3326742,https://doi.org/10.1145/3322640.3326742,283-289,conf/icail/KimRG19,https://dblp.org/rec/conf/icail/KimRG19
ICAIL,2019,Conference and Workshop Papers,closed,AI as a Legal Person,Migle Laukyte,10.1145/3322640.3326701,https://doi.org/10.1145/3322640.3326701,209-213,conf/icail/Laukyte19,https://dblp.org/rec/conf/icail/Laukyte19
ICAIL,2019,Conference and Workshop Papers,closed,Substantive Legal Software Quality: A Gathering Storm?,Marc Lauritsen; Quinten Steenhuis,10.1145/3322640.3326706,https://doi.org/10.1145/3322640.3326706,52-62,conf/icail/LauritsenS19,https://dblp.org/rec/conf/icail/LauritsenS19
ICAIL,2019,Conference and Workshop Papers,closed,Automated reasoning in normative detachment structures with ideal conditions,Tomer Libal; Matteo Pascucci,10.1145/3322640.3326707,https://doi.org/10.1145/3322640.3326707,63-72,conf/icail/LibalP19,https://dblp.org/rec/conf/icail/LibalP19
ICAIL,2019,Conference and Workshop Papers,closed,NAI: The Normative Reasoner,Tomer Libal; Alexander Steen,10.1145/3322640.3326721,https://doi.org/10.1145/3322640.3326721,262-263,conf/icail/LibalS19,https://dblp.org/rec/conf/icail/LibalS19
ICAIL,2019,Conference and Workshop Papers,closed,Evaluation of Causal Arguments in Law: the Case of Overdetermination,Ruta Liepina; Giovanni Sartor; Adam Wyner,10.1145/3322640.3326698,https://doi.org/10.1145/3322640.3326698,214-218,conf/icail/LiepinaSW19,https://dblp.org/rec/conf/icail/LiepinaSW19
ICAIL,2019,Conference and Workshop Papers,closed,Extracting the Gist of Chinese Judgments of the Supreme Court,Chao-Lin Liu; Kuan-Chun Chen,10.1145/3322640.3326715,https://doi.org/10.1145/3322640.3326715,73-82,conf/icail/LiuC19,https://dblp.org/rec/conf/icail/LiuC19
ICAIL,2019,Conference and Workshop Papers,closed,Value assessment and revision in legal interpretation,Juliano Maranhão; Giovanni Sartor,10.1145/3322640.3326709,https://doi.org/10.1145/3322640.3326709,219-223,conf/icail/MaranhaoS19,https://dblp.org/rec/conf/icail/MaranhaoS19
ICAIL,2019,Conference and Workshop Papers,closed,Machine learning for explaining and ranking the most influential matters of law,Max Raphael Sobroza Marques; Tommaso Bianco; Maxime Roodnejad; Thomas Baduel; Claude Berrou,10.1145/3322640.3326734,https://doi.org/10.1145/3322640.3326734,239-243,conf/icail/MarquesBRBB19,https://dblp.org/rec/conf/icail/MarquesBRBB19
ICAIL,2019,Conference and Workshop Papers,closed,AI-Enabled Litigation Evaluation: Data-Driven Empowerment for Legal Decision Makers,Dennis P. Michalopoulos; Jessica Jacob; Alfredo Coviello,10.1145/3322640.3326708,https://doi.org/10.1145/3322640.3326708,264-265,conf/icail/MichalopoulosJC19,https://dblp.org/rec/conf/icail/MichalopoulosJC19
ICAIL,2019,Conference and Workshop Papers,closed,Legal Machine-Learning Analysis: First Steps towards A.I. Assisted Legal Research,Wai Yin Mok; Jonathan R. Mok,10.1145/3322640.3326737,https://doi.org/10.1145/3322640.3326737,266-267,conf/icail/MokM19a,https://dblp.org/rec/conf/icail/MokM19a
ICAIL,2019,Conference and Workshop Papers,closed,Facts2Law: using deep learning to provide a legal qualification to a set of facts,Ivan Mokanov; Daniel Shane; Benjamin Cerat,10.1145/3322640.3326694,https://doi.org/10.1145/3322640.3326694,268-269,conf/icail/MokanovSC19,https://dblp.org/rec/conf/icail/MokanovSC19
ICAIL,2019,Conference and Workshop Papers,closed,User-Friendly Open-Source Case-Based Legal Reasoning,Jason Morris,10.1145/3322640.3326717,https://doi.org/10.1145/3322640.3326717,270-271,conf/icail/Morris19,https://dblp.org/rec/conf/icail/Morris19
ICAIL,2019,Conference and Workshop Papers,closed,Artificial Intelligence and Law: What Do People Really Want?: Example of a French Multidisciplinary Working Group,Fabrice Muhlenbach; Isabelle Sayn,10.1145/3322640.3326722,https://doi.org/10.1145/3322640.3326722,224-228,conf/icail/MuhlenbachS19,https://dblp.org/rec/conf/icail/MuhlenbachS19
ICAIL,2019,Conference and Workshop Papers,closed,Exploiting Search Logs to Aid in Training and Automating Infrastructure for Question Answering in Professional Domains,Filippo Pompili; Jack G. Conrad; Carter Kolbeck,10.1145/3322640.3326738,https://doi.org/10.1145/3322640.3326738,93-102,conf/icail/PompiliCK19,https://dblp.org/rec/conf/icail/PompiliCK19
ICAIL,2019,Conference and Workshop Papers,closed,Modelling Accrual of Arguments in ASPIC+,Henry Prakken,10.1145/3322640.3326703,https://doi.org/10.1145/3322640.3326703,103-112,conf/icail/Prakken19,https://dblp.org/rec/conf/icail/Prakken19
ICAIL,2019,Conference and Workshop Papers,closed,Combining Similarity and Transformer Methods for Case Law Entailment,Juliano Rabelo; Mi-Young Kim; Randy Goebel,10.1145/3322640.3326741,https://doi.org/10.1145/3322640.3326741,290-296,conf/icail/RabeloKG19,https://dblp.org/rec/conf/icail/RabeloKG19
ICAIL,2019,Conference and Workshop Papers,closed,Improving Sentence Retrieval from Case Law for Statutory Interpretation,Jaromír Savelka; Huihui Xu; Kevin D. Ashley,10.1145/3322640.3326736,https://doi.org/10.1145/3322640.3326736,113-122,conf/icail/SavelkaXA19,https://dblp.org/rec/conf/icail/SavelkaXA19
ICAIL,2019,Conference and Workshop Papers,closed,Neural Attention Learning for Legal Query Reformulation,Arunprasath Shankar; Venkata Nagaraju Buddarapu,10.1145/3322640.3326719,https://doi.org/10.1145/3322640.3326719,272-273,conf/icail/ShankarB19a,https://dblp.org/rec/conf/icail/ShankarB19a
ICAIL,2019,Conference and Workshop Papers,closed,Automatic Construction of a Polish Legal Dictionary with Mappings to Extra-Legal Terms Established via Word Embeddings,Aleksander Smywinski-Pohl; Karol Lasocki; Krzysztof Wróbel; Marek Strzalta,10.1145/3322640.3326727,https://doi.org/10.1145/3322640.3326727,234-238,conf/icail/Smywinski-PohlL19,https://dblp.org/rec/conf/icail/Smywinski-PohlL19
ICAIL,2019,Conference and Workshop Papers,closed,Why Machine Learning May Lead to Unfairness: Evidence from Risk Assessment for Juvenile Justice in Catalonia,Songül Tolan; Marius Miron; Emilia Gómez; Carlos Castillo,10.1145/3322640.3326705,https://doi.org/10.1145/3322640.3326705,83-92,conf/icail/TolanMGC19,https://dblp.org/rec/conf/icail/TolanMGC19
ICAIL,2019,Conference and Workshop Papers,closed,Automated Bundle Pagination Using Machine Learning,Alessandro Torrisi; Robert Bevan; Katie Atkinson; Danushka Bollegala; Frans Coenen,10.1145/3322640.3326726,https://doi.org/10.1145/3322640.3326726,244-248,conf/icail/TorrisiBABC19,https://dblp.org/rec/conf/icail/TorrisiBABC19
ICAIL,2019,Conference and Workshop Papers,closed,Building Legal Case Retrieval Systems with Lexical Matching and Summarization using A Pre-Trained Phrase Scoring Model,Vu D. Tran; Minh Le Nguyen; Ken Satoh,10.1145/3322640.3326740,https://doi.org/10.1145/3322640.3326740,275-282,conf/icail/TranNS19,https://dblp.org/rec/conf/icail/TranNS19
ICAIL,2019,Conference and Workshop Papers,closed,MagnetDroid: security-oriented analysis for bridging privacy and law for Android applications,Emanuele Uliana; Kostas Stathis; Robert Jago,10.1145/3322640.3326729,https://doi.org/10.1145/3322640.3326729,123-132,conf/icail/UlianaSJ19,https://dblp.org/rec/conf/icail/UlianaSJ19
ICAIL,2019,Conference and Workshop Papers,closed,Using Factors to Predict and Analyze Landlord-Tenant Decisions to Increase Access to Justice,Hannes Westermann; Vern R. Walker; Kevin D. Ashley; Karim Benyekhlef,10.1145/3322640.3326732,https://doi.org/10.1145/3322640.3326732,133-142,conf/icail/WestermannWAB19,https://dblp.org/rec/conf/icail/WestermannWAB19
ICAIL,2019,Conference and Workshop Papers,closed,Supporting Discussions About Forensic Bayesian Networks Using Argumentation,Remi Wieten; Floris Bex; Henry Prakken; Silja Renooij,10.1145/3322640.3326710,https://doi.org/10.1145/3322640.3326710,143-152,conf/icail/WietenBPR19,https://dblp.org/rec/conf/icail/WietenBPR19
ICAIL,2019,Conference and Workshop Papers,closed,A Regularization Approach to Combining Keywords and Training Data in Technology-Assisted Review,Eugene Yang; David D. Lewis; Ophir Frieder,10.1145/3322640.3326713,https://doi.org/10.1145/3322640.3326713,153-162,conf/icail/YangLF19,https://dblp.org/rec/conf/icail/YangLF19
ICAIL,2019,Conference and Workshop Papers,closed,Automatic Summarization of Legal Decisions using Iterative Masking of Predictive Sentences,Linwu Zhong; Ziyi Zhong; Zinian Zhao; Siyuan Wang; Kevin D. Ashley; Matthias Grabmair,10.1145/3322640.3326728,https://doi.org/10.1145/3322640.3326728,163-172,conf/icail/ZhongZZWAG19,https://dblp.org/rec/conf/icail/ZhongZZWAG19
ICAIL,2021,Conference and Workshop Papers,open,A Conversational Interface for interacting with Machine Learning models,Davide Carneiro; Patrícia Veloso; Miguel Guimarães; Joana Baptista; Miguel Sousa,,https://ceur-ws.org/Vol-3168/XAILA2021ICAIL_paper_1.pdf,,conf/icail/0001VGBS21,https://dblp.org/rec/conf/icail/0001VGBS21
ICAIL,2021,Editorship,,"ICAIL &apos;21: Eighteenth International Conference for Artificial Intelligence and Law, São Paulo Brazil, June 21 - 25, 2021",Juliano Maranhão; Adam Zachary Wyner,10.1145/3462757,https://doi.org/10.1145/3462757,,conf/icail/2021,https://dblp.org/rec/conf/icail/2021
ICAIL,2021,Conference and Workshop Papers,closed,Practical tools from formal models: the ECHR as a case study,Katie Atkinson; Joe Collenette; Trevor J. M. Bench-Capon; Kanstantsin Dzehtsiarou,10.1145/3462757.3466095,https://doi.org/10.1145/3462757.3466095,170-174,conf/icail/AtkinsonCBD21,https://dblp.org/rec/conf/icail/AtkinsonCBD21
ICAIL,2021,Conference and Workshop Papers,closed,Structural text segmentation of legal documents,Dennis Aumiller; Satya Almasian; Sebastian Lackner; Michael Gertz,10.1145/3462757.3466085,https://doi.org/10.1145/3462757.3466085,2-11,conf/icail/AumillerAL021,https://dblp.org/rec/conf/icail/AumillerAL021
ICAIL,2021,Conference and Workshop Papers,open,Using Issues to Explain Legal Decisions,Trevor J. M. Bench-Capon,,https://ceur-ws.org/Vol-3168/XAILA2021ICAIL_paper_2.pdf,,conf/icail/Bench-Capon21,https://dblp.org/rec/conf/icail/Bench-Capon21
ICAIL,2021,Conference and Workshop Papers,closed,Precedential constraint: the role of issues,Trevor J. M. Bench-Capon; Katie Atkinson,10.1145/3462757.3466062,https://doi.org/10.1145/3462757.3466062,12-21,conf/icail/Bench-CaponA21,https://dblp.org/rec/conf/icail/Bench-CaponA21
ICAIL,2021,Conference and Workshop Papers,closed,On the relevance of algorithmic decision predictors for judicial decision making,Floris Bex; Henry Prakken,10.1145/3462757.3466069,https://doi.org/10.1145/3462757.3466069,175-179,conf/icail/BexP21,https://dblp.org/rec/conf/icail/BexP21
ICAIL,2021,Conference and Workshop Papers,closed,Incorporating domain knowledge for extractive summarization of legal case documents,Paheli Bhattacharya; Soham Poddar; Koustav Rudra; Kripabandhu Ghosh; Saptarshi Ghosh,10.1145/3462757.3466092,https://doi.org/10.1145/3462757.3466092,22-31,conf/icail/BhattacharyaPR021,https://dblp.org/rec/conf/icail/BhattacharyaPR021
ICAIL,2021,Conference and Workshop Papers,closed,AI systems and product liability,Georg Borges,10.1145/3462757.3466099,https://doi.org/10.1145/3462757.3466099,32-39,conf/icail/Borges21,https://dblp.org/rec/conf/icail/Borges21
ICAIL,2021,Conference and Workshop Papers,closed,The burden of persuasion in structured argumentation,Roberta Calegari; Régis Riveret; Giovanni Sartor,10.1145/3462757.3466078,https://doi.org/10.1145/3462757.3466078,180-184,conf/icail/CalegariRS21,https://dblp.org/rec/conf/icail/CalegariRS21
ICAIL,2021,Conference and Workshop Papers,closed,Prediction of monetary penalties for data protection cases in multiple languages,Aaron Ceross; Tingting Zhu,10.1145/3462757.3466097,https://doi.org/10.1145/3462757.3466097,185-189,conf/icail/CerossZ21,https://dblp.org/rec/conf/icail/CerossZ21
ICAIL,2021,Conference and Workshop Papers,closed,Regulating artificial intelligence: a technology regulator&apos;s perspective,Joshua Ellul; Gordon J. Pace; Stephen McCarthy; Trevor Sammut; Juanita Brockdorff; Matthew Scerri,10.1145/3462757.3466093,https://doi.org/10.1145/3462757.3466093,190-194,conf/icail/EllulPMSBS21,https://dblp.org/rec/conf/icail/EllulPMSBS21
ICAIL,2021,Conference and Workshop Papers,closed,On semantics-based minimal revision for legal reasoning,Wachara Fungwacharakorn; Kanae Tsushima; Ken Satoh,10.1145/3462757.3466075,https://doi.org/10.1145/3462757.3466075,50-59,conf/icail/Fungwacharakorn21,https://dblp.org/rec/conf/icail/Fungwacharakorn21
ICAIL,2021,Conference and Workshop Papers,closed,Plum2Text: a french plumitifs-descriptions data-to-text dataset for natural language generation,Nicolas Garneau; Eve Gaumond; Luc Lamontagne; Pierre-Luc Déziel,10.1145/3462757.3466148,https://doi.org/10.1145/3462757.3466148,200-204,conf/icail/GarneauGLD21,https://dblp.org/rec/conf/icail/GarneauGLD21
ICAIL,2021,Conference and Workshop Papers,closed,CriminelBART: a French Canadian legal language model specialized in criminal law,Nicolas Garneau; Eve Gaumond; Luc Lamontagne; Pierre-Luc Déziel,10.1145/3462757.3466147,https://doi.org/10.1145/3462757.3466147,256-257,conf/icail/GarneauGLD21a,https://dblp.org/rec/conf/icail/GarneauGLD21a
ICAIL,2021,Conference and Workshop Papers,closed,Anonymization of german legal court rulings,Ingo Glaser; Tom Schamberger; Florian Matthes,10.1145/3462757.3466087,https://doi.org/10.1145/3462757.3466087,205-209,conf/icail/GlaserSM21,https://dblp.org/rec/conf/icail/GlaserSM21
ICAIL,2021,Conference and Workshop Papers,closed,"Explainable artificial intelligence, lawyer&apos;s perspective",Lukasz Górski; Shashishekar Ramakrishna,10.1145/3462757.3466145,https://doi.org/10.1145/3462757.3466145,60-68,conf/icail/GorskiR21,https://dblp.org/rec/conf/icail/GorskiR21
ICAIL,2021,Conference and Workshop Papers,closed,Unravel legal references in defeasible deontic logic,Guido Governatori; Francesco Olivieri,10.1145/3462757.3466080,https://doi.org/10.1145/3462757.3466080,69-78,conf/icail/GovernatoriO21,https://dblp.org/rec/conf/icail/GovernatoriO21
ICAIL,2021,Conference and Workshop Papers,closed,A combined rule-based and machine learning approach for automated GDPR compliance checking,Rajaa El Hamdani; Majd Mustapha; David Restrepo Amariles; Aurore Clément Troussel; Sébastien Meeùs; Katsiaryna Krasnashchok,10.1145/3462757.3466081,https://doi.org/10.1145/3462757.3466081,40-49,conf/icail/HamdaniMATMK21,https://dblp.org/rec/conf/icail/HamdaniMATMK21
ICAIL,2021,Conference and Workshop Papers,closed,Context-aware legal citation recommendation using deep learning,Zihan Huang; Charles Low; Mengqiu Teng; Hongyi Zhang; Daniel E. Ho; Mark S. Krass; Matthias Grabmair,10.1145/3462757.3466066,https://doi.org/10.1145/3462757.3466066,79-88,conf/icail/HuangLTZHKG21,https://dblp.org/rec/conf/icail/HuangLTZHKG21
ICAIL,2021,Conference and Workshop Papers,closed,Applying decision tree analysis to family court decisions: factors determining child custody in Taiwan,Sieh-Chuen Huang; Hsuan-Lei Shao; Robert B. Leflar,10.1145/3462757.3466076,https://doi.org/10.1145/3462757.3466076,258-259,conf/icail/HuangSL21,https://dblp.org/rec/conf/icail/HuangSL21
ICAIL,2021,Conference and Workshop Papers,closed,Enhancing a recidivism prediction tool with machine learning: effectiveness and algorithmic fairness,Marzieh Karimi-Haghighi; Carlos Castillo,10.1145/3462757.3466150,https://doi.org/10.1145/3462757.3466150,210-214,conf/icail/Karimi-Haghighi21,https://dblp.org/rec/conf/icail/Karimi-Haghighi21
ICAIL,2021,Conference and Workshop Papers,open,Socially Responsible Virtual Assistant for Privacy Protection: Implementing Trustworthy AI,Alzbeta Krausová; Miloslav Konopík; Ondrej Prazák; Jakub Sido; Veronika Zolnercíková; Václav Moravec; Jaromír Volek,,https://ceur-ws.org/Vol-3168/XAILA2021ICAIL_paper_7.pdf,,conf/icail/KrausovaKPSZMV21,https://dblp.org/rec/conf/icail/KrausovaKPSZMV21
ICAIL,2021,Conference and Workshop Papers,closed,A dynamic model for balancing values,Juliano Maranhão; Edelcio Gonçalves de Souza; Giovanni Sartor,10.1145/3462757.3466143,https://doi.org/10.1145/3462757.3466143,89-98,conf/icail/MaranhaoSS21,https://dblp.org/rec/conf/icail/MaranhaoSS21
ICAIL,2021,Conference and Workshop Papers,closed,Case-level prediction of motion outcomes in civil litigation,Devin J. McConnell; James Zhu; Sachin S. Pandya; Derek Aguiar,10.1145/3462757.3466101,https://doi.org/10.1145/3462757.3466101,99-108,conf/icail/McConnellZPA21,https://dblp.org/rec/conf/icail/McConnellZPA21
ICAIL,2021,Conference and Workshop Papers,closed,Sentence classification for contract law cases: a natural language processing approach,Jonathan R. Mok; Wai Yin Mok; Rachel V. Mok,10.1145/3462757.3466074,https://doi.org/10.1145/3462757.3466074,260-261,conf/icail/MokMM21,https://dblp.org/rec/conf/icail/MokMM21
ICAIL,2021,Conference and Workshop Papers,closed,Constraint answer set programming as a tool to improve legislative drafting: a rules as code experiment,Jason Morris,10.1145/3462757.3466084,https://doi.org/10.1145/3462757.3466084,262-263,conf/icail/Morris21,https://dblp.org/rec/conf/icail/Morris21
ICAIL,2021,Conference and Workshop Papers,closed,Evaluating document representations for content-based legal literature recommendations,Malte Ostendorff; Elliott Ash; Terry Ruas; Bela Gipp; Julián Moreno Schneider; Georg Rehm,10.1145/3462757.3466073,https://doi.org/10.1145/3462757.3466073,109-118,conf/icail/OstendorffARGSR21,https://dblp.org/rec/conf/icail/OstendorffARGSR21
ICAIL,2021,Conference and Workshop Papers,closed,From data to information: automating data science to explore the U.S. court system,Andrew Paley; Andong L. Li Zhao; Harper Pack; Sergio Servantez; Rachel F. Adler; Marko Sterbentz; Adam R. Pah; David L. Schwartz; Cameron Barrie; Alexander Einarsson; Kristian J. Hammond,10.1145/3462757.3466100,https://doi.org/10.1145/3462757.3466100,119-128,conf/icail/PaleyZPSASPSBEH21,https://dblp.org/rec/conf/icail/PaleyZPSASPSBEH21
ICAIL,2021,Conference and Workshop Papers,closed,Predicting legal proceedings status: approaches based on sequential text data,Felipe Maia Polo; Itamar Ciochetti; Emerson Bertolo,10.1145/3462757.3466138,https://doi.org/10.1145/3462757.3466138,264-265,conf/icail/PoloCB21,https://dblp.org/rec/conf/icail/PoloCB21
ICAIL,2021,Conference and Workshop Papers,closed,Towards compliance checking in reified I/O logic via SHACL,Livio Robaldo,10.1145/3462757.3466065,https://doi.org/10.1145/3462757.3466065,215-219,conf/icail/Robaldo21,https://dblp.org/rec/conf/icail/Robaldo21
ICAIL,2021,Conference and Workshop Papers,closed,To tune or not to tune?: zero-shot models for legal case entailment,Guilherme Moraes Rosa; Ruan Chaves Rodrigues; Roberto de Alencar Lotufo; Rodrigo Nogueira,10.1145/3462757.3466103,https://doi.org/10.1145/3462757.3466103,295-300,conf/icail/RosaRLN21,https://dblp.org/rec/conf/icail/RosaRLN21
ICAIL,2021,Conference and Workshop Papers,closed,Making intelligent online dispute resolution tools available to self-represented litigants in the public justice system: towards and ethical use of the ai technology in the administration of justice,Fernando Esteban de la Rosa; John Zeleznikow,10.1145/3462757.3466077,https://doi.org/10.1145/3462757.3466077,195-199,conf/icail/RosaZ21,https://dblp.org/rec/conf/icail/RosaZ21
ICAIL,2021,Conference and Workshop Papers,closed,Modelling legal procedures,Antonino Rotolo; Clara Smith,10.1145/3462757.3466089,https://doi.org/10.1145/3462757.3466089,220-224,conf/icail/RotoloS21,https://dblp.org/rec/conf/icail/RotoloS21
ICAIL,2021,Conference and Workshop Papers,closed,Pathways to legal dynamics in robotics,Antonino Rotolo; Luciano H. Tamargo; Diego C. Martínez,10.1145/3462757.3466146,https://doi.org/10.1145/3462757.3466146,266-267,conf/icail/RotoloTM21,https://dblp.org/rec/conf/icail/RotoloTM21
ICAIL,2021,Conference and Workshop Papers,closed,Labels distribution matters in performance achieved in legal judgment prediction tasks,Olivier Salaün; Philippe Langlais; Karim Benyekhlef,10.1145/3462757.3466144,https://doi.org/10.1145/3462757.3466144,268-269,conf/icail/SalaunLB21,https://dblp.org/rec/conf/icail/SalaunLB21
ICAIL,2021,Conference and Workshop Papers,open,"Explanations in Risk Analysis: Responsibility, Trust and the Precautionary Principle",Salvatore Sapienza,,https://ceur-ws.org/Vol-3168/XAILA2021ICAIL_paper_6.pdf,,conf/icail/Sapienza21,https://dblp.org/rec/conf/icail/Sapienza21
ICAIL,2021,Conference and Workshop Papers,closed,Interactive system for arranging issues based on PROLEG in civil litigation,Ken Satoh; Kazuko Takahashi; Tatsuki Kawasaki,10.1145/3462757.3466096,https://doi.org/10.1145/3462757.3466096,273-274,conf/icail/SatohTK21,https://dblp.org/rec/conf/icail/SatohTK21
ICAIL,2021,Conference and Workshop Papers,closed,"Lex Rosetta: transfer of predictive models across languages, jurisdictions, and legal domains",Jaromír Savelka; Hannes Westermann; Karim Benyekhlef; Charlotte S. Alexander; Jayla C. Grant; David Restrepo Amariles; Rajaa El Hamdani; Sébastien Meeùs; Aurore Clément Troussel; Michal Araszkiewicz; Kevin D. Ashley; Alexandra Ashley; Karl Branting; Mattia Falduti; Matthias Grabmair; Jakub Harasta; Tereza Novotná; Elizabeth Tippett; Shiwanni Johnson,10.1145/3462757.3466149,https://doi.org/10.1145/3462757.3466149,129-138,conf/icail/SavelkaWBAGAHMT21,https://dblp.org/rec/conf/icail/SavelkaWBAGAHMT21
ICAIL,2021,Conference and Workshop Papers,closed,Automatic extraction of amendments from polish statutory law,Aleksander Smywinski-Pohl; Mateusz Piech; Zbigniew Kaleta; Krzysztof Wróbel,10.1145/3462757.3466141,https://doi.org/10.1145/3462757.3466141,225-229,conf/icail/Smywinski-PohlP21,https://dblp.org/rec/conf/icail/Smywinski-PohlP21
ICAIL,2021,Conference and Workshop Papers,closed,A dataset for evaluating legal question answering on private international law,Francesco Sovrano; Monica Palmirani; Biagio Distefano; Salvatore Sapienza; Fabio Vitali,10.1145/3462757.3466094,https://doi.org/10.1145/3462757.3466094,230-234,conf/icail/SovranoPDSV21,https://dblp.org/rec/conf/icail/SovranoPDSV21
ICAIL,2021,Conference and Workshop Papers,closed,Discovering the rationale of decisions: towards a method for aligning learning and reasoning,Cor Steging; Silja Renooij; Bart Verheij,10.1145/3462757.3466059,https://doi.org/10.1145/3462757.3466059,235-239,conf/icail/StegingRV21,https://dblp.org/rec/conf/icail/StegingRV21
ICAIL,2021,Conference and Workshop Papers,open,Discovering the Rationale of Decisions: Experiments on Aligning Learning and Reasoning,Cor Steging; Bart Verheij; Silja Renooij,,https://ceur-ws.org/Vol-3168/XAILA2021ICAIL_paper_3.pdf,,conf/icail/StegingVR21,https://dblp.org/rec/conf/icail/StegingVR21
ICAIL,2021,Conference and Workshop Papers,closed,Live demonstration of a working collaborative enegotiation system (smartsettle infinity),Ernest Thiessen; Graham Ross,10.1145/3462757.3466091,https://doi.org/10.1145/3462757.3466091,275-276,conf/icail/ThiessenR21,https://dblp.org/rec/conf/icail/ThiessenR21
ICAIL,2021,Conference and Workshop Papers,closed,Process mining-enabled jurimetrics: analysis of a Brazilian court&apos;s judicial performance in the business law processing,Adriana Jacoto Unger; José Francisco dos Santos Neto; Marcelo Fantinato; Sarajane Marques Peres; Julio Trecenti; Renata Hirota,10.1145/3462757.3466137,https://doi.org/10.1145/3462757.3466137,240-244,conf/icail/UngerNFPTH21,https://dblp.org/rec/conf/icail/UngerNFPTH21
ICAIL,2021,Conference and Workshop Papers,closed,Using transformers to improve answer retrieval for legal questions,Andrew Vold; Jack G. Conrad,10.1145/3462757.3466102,https://doi.org/10.1145/3462757.3466102,245-249,conf/icail/VoldC21,https://dblp.org/rec/conf/icail/VoldC21
ICAIL,2021,Conference and Workshop Papers,closed,Legal norm retrieval with variations of the bert model combined with TF-IDF vectorization,Sabine Wehnert; Viju Sudhi; Shipra Dureja; Libin Kutty; Saijal Shahania; Ernesto William De Luca,10.1145/3462757.3466104,https://doi.org/10.1145/3462757.3466104,285-294,conf/icail/WehnertSDKSL21,https://dblp.org/rec/conf/icail/WehnertSDKSL21
ICAIL,2021,Conference and Workshop Papers,closed,"Converting copyright legislation into machine-executable code: interpretation, coding validation and legal alignment",Alice Witt; Anna Huggins; Guido Governatori; Joshua Buckley,10.1145/3462757.3466083,https://doi.org/10.1145/3462757.3466083,139-148,conf/icail/WittHGB21,https://dblp.org/rec/conf/icail/WittHGB21
ICAIL,2021,Conference and Workshop Papers,closed,"Toward summarizing case decisions via extracting argument issues, reasons, and conclusions",Huihui Xu; Jaromír Savelka; Kevin D. Ashley,10.1145/3462757.3466098,https://doi.org/10.1145/3462757.3466098,250-254,conf/icail/XuSA21,https://dblp.org/rec/conf/icail/XuSA21
ICAIL,2021,Conference and Workshop Papers,closed,BERT-based ensemble methods with data augmentation for legal textual entailment in COLIEE statute law task,Masaharu Yoshioka; Yasuhiro Aoki; Youta Suzuki,10.1145/3462757.3466105,https://doi.org/10.1145/3462757.3466105,278-284,conf/icail/YoshiokaAS21,https://dblp.org/rec/conf/icail/YoshiokaAS21
ICAIL,2021,Conference and Workshop Papers,closed,"When does pretraining help?: assessing self-supervised learning for law and the CaseHOLD dataset of 53, 000+ legal holdings",Lucia Zheng; Neel Guha; Brandon R. Anderson; Peter Henderson; Daniel E. Ho,10.1145/3462757.3466088,https://doi.org/10.1145/3462757.3466088,159-168,conf/icail/ZhengGA0H21,https://dblp.org/rec/conf/icail/ZhengGA0H21
ICAIL,2021,Conference and Workshop Papers,closed,Hardness of case-based decisions: a formal theory,Heng Zheng; Davide Grossi; Bart Verheij,10.1145/3462757.3466071,https://doi.org/10.1145/3462757.3466071,149-158,conf/icail/ZhengGV21,https://dblp.org/rec/conf/icail/ZhengGV21
ICAIL,2021,Conference and Workshop Papers,closed,A simple mathematical model for the legal concept of balancing of interests,Frederike Zufall; Rampei Kimura; Linyu Peng,10.1145/3462757.3466140,https://doi.org/10.1145/3462757.3466140,270-271,conf/icail/ZufallKP21,https://dblp.org/rec/conf/icail/ZufallKP21
ICAIL,2022,Editorship,open,"Proceedings of 4th International Workshop on eXplainable and Responsible AI and Law co-located with 18th International Conference on Artificial Intelligence and Law (ICAIL 2021), Virtual Event, Sao Paolo, Brazil, June 21, 2021",Michal Araszkiewicz; Martin Atzmueller; Grzegorz J. Nalepa; Bart Verheij; Szymon Bobek,,https://ceur-ws.org/Vol-3168,,conf/icail/2021xaila,https://dblp.org/rec/conf/icail/2021xaila
ICAIL,2023,Editorship,,"Proceedings of the Nineteenth International Conference on Artificial Intelligence and Law, ICAIL 2023, Braga, Portugal, June 19-23, 2023",Matthias Grabmair; Francisco Andrade; Paulo Novais,10.1145/3594536,https://doi.org/10.1145/3594536,,conf/icail/2023,https://dblp.org/rec/conf/icail/2023
ICAIL,2023,Conference and Workshop Papers,closed,Identification of Legislative Errors,Michal Araszkiewicz; Enrico Francesconi; Tomasz Zurek,10.1145/3594536.3595172,https://doi.org/10.1145/3594536.3595172,2-11,conf/icail/AraszkiewiczFZ23,https://dblp.org/rec/conf/icail/AraszkiewiczFZ23
ICAIL,2023,Conference and Workshop Papers,closed,ANGELIC II: An Improved Methodology for Representing Legal Domain Knowledge,Katie Atkinson; Trevor J. M. Bench-Capon,10.1145/3594536.3595137,https://doi.org/10.1145/3594536.3595137,12-21,conf/icail/AtkinsonB23,https://dblp.org/rec/conf/icail/AtkinsonB23
ICAIL,2023,Conference and Workshop Papers,closed,On the Semantic Difference of Judicial and Standard Language,Gregor Behnke; Niklas Wais,10.1145/3594536.3595123,https://doi.org/10.1145/3594536.3595123,382-386,conf/icail/BehnkeW23,https://dblp.org/rec/conf/icail/BehnkeW23
ICAIL,2023,Conference and Workshop Papers,closed,Whatever Happened to Hypotheticals?,Trevor J. M. Bench-Capon,10.1145/3594536.3595138,https://doi.org/10.1145/3594536.3595138,387-391,conf/icail/Bench-Capon23,https://dblp.org/rec/conf/icail/Bench-Capon23
ICAIL,2023,Conference and Workshop Papers,closed,Can GPT-3 Perform Statutory Reasoning?,Andrew Blair-Stanek; Nils Holzenberger; Benjamin Van Durme,10.1145/3594536.3595163,https://doi.org/10.1145/3594536.3595163,22-31,conf/icail/Blair-StanekHD23,https://dblp.org/rec/conf/icail/Blair-StanekHD23
ICAIL,2023,Conference and Workshop Papers,closed,"Analogical Reasoning, Generalization, and Rule Learning for Common Law Reasoning",Joseph A. Blass; Kenneth D. Forbus,10.1145/3594536.3595121,https://doi.org/10.1145/3594536.3595121,32-41,conf/icail/BlassF23,https://dblp.org/rec/conf/icail/BlassF23
ICAIL,2023,Conference and Workshop Papers,closed,MultiLegalSBD: A Multilingual Legal Sentence Boundary Detection Dataset,Tobias Brugger; Matthias Stürmer; Joel Niklaus,10.1145/3594536.3595132,https://doi.org/10.1145/3594536.3595132,42-51,conf/icail/BruggerSN23,https://dblp.org/rec/conf/icail/BruggerSN23
ICAIL,2023,Conference and Workshop Papers,closed,Reasoning with hierarchies of open-textured predicates,Ilaria Canavotto; John F. Horty,10.1145/3594536.3595148,https://doi.org/10.1145/3594536.3595148,52-61,conf/icail/CanavottoH23,https://dblp.org/rec/conf/icail/CanavottoH23
ICAIL,2023,Conference and Workshop Papers,closed,Who really wrote Martin v. Hunter&apos;s Lessee?: Applying a machine learning ensemble to uncover a Chief Justice&apos;s unethical behavior,Seth J. Chandler; Emily A. Muenster; Daniel Lichtblau,10.1145/3594536.3595118,https://doi.org/10.1145/3594536.3595118,62-70,conf/icail/ChandlerML23,https://dblp.org/rec/conf/icail/ChandlerML23
ICAIL,2023,Conference and Workshop Papers,closed,EQUALS: A Real-world Dataset for Legal Question Answering via Reading Chinese Laws,Andong Chen; Feng Yao; Xinyan Zhao; Yating Zhang; Changlong Sun; Yun Liu; Weixing Shen,10.1145/3594536.3595159,https://doi.org/10.1145/3594536.3595159,71-80,conf/icail/ChenYZZSLS23,https://dblp.org/rec/conf/icail/ChenYZZSLS23
ICAIL,2023,Conference and Workshop Papers,closed,A Dataset of German Legal Reference Annotations,Harshil Darji; Jelena Mitrovic; Michael Granitzer,10.1145/3594536.3595173,https://doi.org/10.1145/3594536.3595173,392-396,conf/icail/DarjiMG23,https://dblp.org/rec/conf/icail/DarjiMG23
ICAIL,2023,Conference and Workshop Papers,closed,The Dutch Law as a Semantic Role Labeling Dataset,Romy A. N. van Drie; Maaike H. T. de Boer; Roos M. Bakker; Ioannis Tolios; Daan Vos,10.1145/3594536.3595124,https://doi.org/10.1145/3594536.3595124,316-322,conf/icail/DrieBBTV23,https://dblp.org/rec/conf/icail/DrieBBTV23
ICAIL,2023,Conference and Workshop Papers,closed,Do agents dream of abiding by the rules?: Learning norms via behavioral exploration and sparse human supervision,Peter Fratric; Mostafa Mohajeri Parizi; Giovanni Sileno; Tom M. van Engers; Sander Klous,10.1145/3594536.3595153,https://doi.org/10.1145/3594536.3595153,81-90,conf/icail/FratricPSEK23,https://dblp.org/rec/conf/icail/FratricPSEK23
ICAIL,2023,Conference and Workshop Papers,closed,&quot;What&apos;s wrong with this product?&quot;: Detection of product safety issues based on information consumers share online,Max Fuchs; Amit Jadhav; Advaith Jaishankar; Caroline Cauffman; Gerasimos Spanakis,10.1145/3594536.3595145,https://doi.org/10.1145/3594536.3595145,397-401,conf/icail/FuchsJJCS23,https://dblp.org/rec/conf/icail/FuchsJJCS23
ICAIL,2023,Conference and Workshop Papers,closed,Applying NLLP and ML to Predict Damages as a Remedy for Contract Breach,Frank Giaoui; Luv Aggarwal; Diego Lobo; Joan Gondolo; Philippe Lachkeur; Satvik Jain,10.1145/3594536.3595119,https://doi.org/10.1145/3594536.3595119,468-469,conf/icail/GiaouiALGLJ23,https://dblp.org/rec/conf/icail/GiaouiALGLJ23
ICAIL,2023,Conference and Workshop Papers,closed,"Summary of the Competition on Legal Information, Extraction/Entailment (COLIEE) 2023",Randy Goebel; Yoshinobu Kano; Mi-Young Kim; Juliano Rabelo; Ken Satoh; Masaharu Yoshioka,10.1145/3594536.3595176,https://doi.org/10.1145/3594536.3595176,472-480,conf/icail/GoebelKK0SY23,https://dblp.org/rec/conf/icail/GoebelKK0SY23
ICAIL,2023,Conference and Workshop Papers,closed,Deontic Ambiguities in Legal Reasoning,Guido Governatori; Antonino Rotolo,10.1145/3594536.3595175,https://doi.org/10.1145/3594536.3595175,91-100,conf/icail/GovernatoriR23,https://dblp.org/rec/conf/icail/GovernatoriR23
ICAIL,2023,Conference and Workshop Papers,closed,Automatic Identification and Empirical Analysis of Legally Relevant Factors,Morgan A. Gray; Jaromír Savelka; Wesley M. Oliver; Kevin D. Ashley,10.1145/3594536.3595157,https://doi.org/10.1145/3594536.3595157,101-110,conf/icail/GraySOA23,https://dblp.org/rec/conf/icail/GraySOA23
ICAIL,2023,Conference and Workshop Papers,closed,The Perfect Victim: Computational Analysis of Judicial Attitudes towards Victims of Sexual Violence,Eliya Habba; Renana Keydar; Dan Bareket; Gabriel Stanovsky,10.1145/3594536.3595168,https://doi.org/10.1145/3594536.3595168,111-120,conf/icail/HabbaKBS23,https://dblp.org/rec/conf/icail/HabbaKBS23
ICAIL,2023,Conference and Workshop Papers,closed,Binding Language in Administrative Guidance Documents,Amit Haim,10.1145/3594536.3595127,https://doi.org/10.1145/3594536.3595127,407-411,conf/icail/Haim23,https://dblp.org/rec/conf/icail/Haim23
ICAIL,2023,Conference and Workshop Papers,closed,Image Analysis Approach to Trademark Congestion and Depletion,Amit Haim; Aniket Kesari,10.1145/3594536.3595126,https://doi.org/10.1145/3594536.3595126,402-406,conf/icail/HaimK23,https://dblp.org/rec/conf/icail/HaimK23
ICAIL,2023,Conference and Workshop Papers,closed,sustain.AI: a Recommender System to analyze Sustainability Reports,Lars Hillebrand; Maren Pielka; David Leonhard; Tobias Deußer; Tim Dilmaghani Khameneh; Bernd Kliem; Rüdiger Loitz; Milad Morad; Christian Temath; Thiago Bell; Robin Stenzel; Rafet Sifa,10.1145/3594536.3595131,https://doi.org/10.1145/3594536.3595131,412-416,conf/icail/HillebrandPLDKK23,https://dblp.org/rec/conf/icail/HillebrandPLDKK23
ICAIL,2023,Conference and Workshop Papers,closed,Computational Accountability,Joris Hulstijn,10.1145/3594536.3595122,https://doi.org/10.1145/3594536.3595122,121-130,conf/icail/Hulstijn23,https://dblp.org/rec/conf/icail/Hulstijn23
ICAIL,2023,Conference and Workshop Papers,closed,Legal Syllogism Prompting: Teaching Large Language Models for Legal Judgment Prediction,Cong Jiang; Xiaolei Yang,10.1145/3594536.3595170,https://doi.org/10.1145/3594536.3595170,417-421,conf/icail/JiangY23,https://dblp.org/rec/conf/icail/JiangY23
ICAIL,2023,Conference and Workshop Papers,closed,LeArNER: Few-shot Legal Argument Named Entity Recognition,Shao-Man Lee; Yu-Hsiang Tan; Han-Ting Yu,10.1145/3594536.3595144,https://doi.org/10.1145/3594536.3595144,422-426,conf/icail/LeeTY23,https://dblp.org/rec/conf/icail/LeeTY23
ICAIL,2023,Conference and Workshop Papers,closed,Using Agent-Based Simulations to Evaluate Bayesian Networks for Criminal Scenarios,Ludi van Leeuwen; Bart Verheij; Rineke Verbrugge; Silja Renooij,10.1145/3594536.3595125,https://doi.org/10.1145/3594536.3595125,323-332,conf/icail/LeeuwenVVR23,https://dblp.org/rec/conf/icail/LeeuwenVVR23
ICAIL,2023,Conference and Workshop Papers,closed,Confidence Sequences for Evaluating One-Phase Technology-Assisted Review,David D. Lewis; Lenora Gray; Mark Noel,10.1145/3594536.3595167,https://doi.org/10.1145/3594536.3595167,131-140,conf/icail/LewisGN23,https://dblp.org/rec/conf/icail/LewisGN23
ICAIL,2023,Conference and Workshop Papers,closed,Don&apos;t Use a Cannon to Kill a Fly: An Efficient Cascading Pipeline for Long Documents,Zehua Li; Neel Guha; Julian Nyarko,10.1145/3594536.3595142,https://doi.org/10.1145/3594536.3595142,141-147,conf/icail/LiGN23,https://dblp.org/rec/conf/icail/LiGN23
ICAIL,2023,Conference and Workshop Papers,closed,Legal Holding Extraction from Italian Case Documents using Italian-LEGAL-BERT Text Summarization,Daniele Licari; Praveen Bushipaka; Gabriele Marino; Giovanni Comandè; Tommaso Cucinotta,10.1145/3594536.3595177,https://doi.org/10.1145/3594536.3595177,148-156,conf/icail/LicariBMCC23,https://dblp.org/rec/conf/icail/LicariBMCC23
ICAIL,2023,Conference and Workshop Papers,closed,Argumentation Schemes for Legal Presumption of Causality,Ruta Liepina; Adam Z. Wyner; Giovanni Sartor; Francesca Lagioia,10.1145/3594536.3595130,https://doi.org/10.1145/3594536.3595130,157-166,conf/icail/LiepinaWSL23,https://dblp.org/rec/conf/icail/LiepinaWSL23
ICAIL,2023,Conference and Workshop Papers,closed,Conceptual Questions in Developing Expert-Annotated Data,Megan Ma; Brandon Waldon; Julian Nyarko,10.1145/3594536.3595139,https://doi.org/10.1145/3594536.3595139,427-431,conf/icail/MaWN23,https://dblp.org/rec/conf/icail/MaWN23
ICAIL,2023,Conference and Workshop Papers,closed,On Normative Arrows and Comparing Tax Automation Systems,Paulus N. Meessen,10.1145/3594536.3595160,https://doi.org/10.1145/3594536.3595160,432-436,conf/icail/Meessen23,https://dblp.org/rec/conf/icail/Meessen23
ICAIL,2023,Conference and Workshop Papers,closed,Combining a Legal Knowledge Model with Machine Learning for Reasoning with Legal Cases,Jack Mumford; Katie Atkinson; Trevor J. M. Bench-Capon,10.1145/3594536.3595158,https://doi.org/10.1145/3594536.3595158,167-176,conf/icail/MumfordAB23,https://dblp.org/rec/conf/icail/MumfordAB23
ICAIL,2023,Conference and Workshop Papers,closed,Keyword-based Augmentation Method to Enhance Abstractive Summarization for Legal Documents,Huyen Nguyen; Junhua Ding,10.1145/3594536.3595120,https://doi.org/10.1145/3594536.3595120,437-441,conf/icail/NguyenD23,https://dblp.org/rec/conf/icail/NguyenD23
ICAIL,2023,Conference and Workshop Papers,closed,Effects of XAI on Legal Process,Aileen Nielsen; Stavroula Skylaki; Milda Norkute; Alexander Stremitzer,10.1145/3594536.3595128,https://doi.org/10.1145/3594536.3595128,442-446,conf/icail/NielsenSNS23,https://dblp.org/rec/conf/icail/NielsenSNS23
ICAIL,2023,Conference and Workshop Papers,closed,"Justification, stability and relevance for case-based reasoning with incomplete focus cases",Daphne Odekerken; Floris Bex; Henry Prakken,10.1145/3594536.3595136,https://doi.org/10.1145/3594536.3595136,177-186,conf/icail/OdekerkenBP23,https://dblp.org/rec/conf/icail/OdekerkenBP23
ICAIL,2023,Conference and Workshop Papers,closed,Pre-trained Language Models for the Legal Domain: A Case Study on Indian Law,Shounak Paul; Arpan Mandal; Pawan Goyal; Saptarshi Ghosh,10.1145/3594536.3595165,https://doi.org/10.1145/3594536.3595165,187-196,conf/icail/PaulM0023,https://dblp.org/rec/conf/icail/PaulM0023
ICAIL,2023,Conference and Workshop Papers,closed,Extraction and Classification of Statute Facets using Few-shot Learning,Sachin Pawar; Basit Ali; Girish K. Palshikar; Ramandeep Singh; Dhirendra Singh,10.1145/3594536.3595134,https://doi.org/10.1145/3594536.3595134,197-206,conf/icail/PawarAPSS23,https://dblp.org/rec/conf/icail/PawarAPSS23
ICAIL,2023,Conference and Workshop Papers,closed,Model- and data-agnostic justifications with A Fortiori Case-Based Argumentation,Joeri G. T. Peters; Floris J. Bex; Henry Prakken,10.1145/3594536.3595164,https://doi.org/10.1145/3594536.3595164,207-216,conf/icail/PetersBP23,https://dblp.org/rec/conf/icail/PetersBP23
ICAIL,2023,Conference and Workshop Papers,closed,On predicting and explaining asylum adjudication,Sebastiano Antonio Piccolo; Panagiota Katsikouli; Thomas Gammeltoft-Hansen; Tijs Slaats,10.1145/3594536.3595155,https://doi.org/10.1145/3594536.3595155,217-226,conf/icail/PiccoloKGS23,https://dblp.org/rec/conf/icail/PiccoloKGS23
ICAIL,2023,Conference and Workshop Papers,closed,A Formal Framework for Combining Legal Reasoning Methods,Henry Prakken; Giovanni Sartor,10.1145/3594536.3595129,https://doi.org/10.1145/3594536.3595129,227-236,conf/icail/PrakkenS23,https://dblp.org/rec/conf/icail/PrakkenS23
ICAIL,2023,Conference and Workshop Papers,closed,Gender Disparities in Child Custody Sentencing in Spain: a Data Driven Analysis,Júlia Riera; David Solans; Marzieh Karimi-Haghighi; Carlos Castillo; Caterina Calsamiglia,10.1145/3594536.3595135,https://doi.org/10.1145/3594536.3595135,237-246,conf/icail/RieraSK0C23,https://dblp.org/rec/conf/icail/RieraSK0C23
ICAIL,2023,Conference and Workshop Papers,closed,Argumentation Structure Prediction in CJEU Decisions on Fiscal State Aid,Piera Santin; Giulia Grundler; Andrea Galassi; Federico Galli; Francesca Lagioia; Elena Palmieri; Federico Ruggeri; Giovanni Sartor; Paolo Torroni,10.1145/3594536.3595174,https://doi.org/10.1145/3594536.3595174,247-256,conf/icail/SantinGGGLPRST23,https://dblp.org/rec/conf/icail/SantinGGGLPRST23
ICAIL,2023,Conference and Workshop Papers,closed,Unlocking Practical Applications in Legal Domain: Evaluation of GPT for Zero-Shot Semantic Annotation of Legal Texts,Jaromír Savelka,10.1145/3594536.3595161,https://doi.org/10.1145/3594536.3595161,447-451,conf/icail/Savelka23,https://dblp.org/rec/conf/icail/Savelka23
ICAIL,2023,Conference and Workshop Papers,closed,Uncovering Trauma in Genocide Tribunals: An NLP Approach Using the Genocide Transcript Corpus,Miriam Schirmer; Isaac Misael Olguín Nolasco; Edoardo Mosca; Shanshan Xu; Jürgen Pfeffer,10.1145/3594536.3595147,https://doi.org/10.1145/3594536.3595147,257-266,conf/icail/SchirmerNMXP23,https://dblp.org/rec/conf/icail/SchirmerNMXP23
ICAIL,2023,Conference and Workshop Papers,closed,Computable Contracts by Extracting Obligation Logic Graphs,Sergio Servantez; Nedim Lipka; Alexa F. Siu; Milan Aggarwal; Balaji Krishnamurthy; Aparna Garimella; Kristian J. Hammond; Rajiv Jain,10.1145/3594536.3595162,https://doi.org/10.1145/3594536.3595162,267-276,conf/icail/ServantezLSAKGH23,https://dblp.org/rec/conf/icail/ServantezLSAKGH23
ICAIL,2023,Conference and Workshop Papers,closed,Analysing the Resourcefulness of the Paragraph for Precedence Retrieval,Bhoomeendra Singh Sisodiya; Narendra Babu Unnam; P. Krishna Reddy; Apala Das; K. V. K. Santhy; V. Balakista Reddy,10.1145/3594536.3595169,https://doi.org/10.1145/3594536.3595169,452-456,conf/icail/SisodiyaURDSR23,https://dblp.org/rec/conf/icail/SisodiyaURDSR23
ICAIL,2023,Conference and Workshop Papers,closed,No Labels?: No Problem! Experiments with active learning strategies for multi-class classification in imbalanced low-resource settings,Emiel Steegh; Giovanni Sileno,10.1145/3594536.3595171,https://doi.org/10.1145/3594536.3595171,277-286,conf/icail/SteeghS23,https://dblp.org/rec/conf/icail/SteeghS23
ICAIL,2023,Conference and Workshop Papers,closed,Beyond Readability with RateMyPDF: A Combined Rule-based and Machine Learning Approach to Improving Court Forms,Quinten Steenhuis; Bryce Willey; David Colarusso,10.1145/3594536.3595146,https://doi.org/10.1145/3594536.3595146,287-296,conf/icail/SteenhuisWC23,https://dblp.org/rec/conf/icail/SteenhuisWC23
ICAIL,2023,Conference and Workshop Papers,closed,On evaluating legal summaries with ROUGE,Bianca Steffes; Piotr Ryszard Rataj; Luise Burger; Lukas Roth,10.1145/3594536.3595150,https://doi.org/10.1145/3594536.3595150,457-461,conf/icail/SteffesRBR23,https://dblp.org/rec/conf/icail/SteffesRBR23
ICAIL,2023,Conference and Workshop Papers,closed,Automated Anonymization of Court Decisions: Facilitating the Publication of Court Decisions through Algorithmic Systems,Kalliopi Terzidou,10.1145/3594536.3595151,https://doi.org/10.1145/3594536.3595151,297-305,conf/icail/Terzidou23,https://dblp.org/rec/conf/icail/Terzidou23
ICAIL,2023,Conference and Workshop Papers,closed,Rebuilding &apos;ethics&apos; to govern AI: How to re-set the boundaries for the legal sector?,Mehmet Bilal Ünver,10.1145/3594536.3595156,https://doi.org/10.1145/3594536.3595156,306-315,conf/icail/Unver23,https://dblp.org/rec/conf/icail/Unver23
ICAIL,2023,Conference and Workshop Papers,closed,A Quantitative Evaluation of Trademark Search Engines&apos; Performances through Large-Scale Statistical Analysis,Thomas Vandamme; Julien Cabay; Olivier Debeir,10.1145/3594536.3595149,https://doi.org/10.1145/3594536.3595149,343-350,conf/icail/VandammeCD23,https://dblp.org/rec/conf/icail/VandammeCD23
ICAIL,2023,Conference and Workshop Papers,closed,JusticeBot: A Methodology for Building Augmented Intelligence Tools for Laypeople to Increase Access to Justice,Hannes Westermann; Karim Benyekhlef,10.1145/3594536.3595166,https://doi.org/10.1145/3594536.3595166,351-360,conf/icail/WestermannB23,https://dblp.org/rec/conf/icail/WestermannB23
ICAIL,2023,Conference and Workshop Papers,closed,Hierarchical Precedential Constraint,Wijnand van Woerkom; Davide Grossi; Henry Prakken; Bart Verheij,10.1145/3594536.3595154,https://doi.org/10.1145/3594536.3595154,333-342,conf/icail/WoerkomGPV23,https://dblp.org/rec/conf/icail/WoerkomGPV23
ICAIL,2023,Conference and Workshop Papers,closed,Multi-agent logic for reasoning about duties and powers in private law,Tianwen Xu; Fengkui Ju,10.1145/3594536.3595133,https://doi.org/10.1145/3594536.3595133,361-370,conf/icail/XuJ23,https://dblp.org/rec/conf/icail/XuJ23
ICAIL,2023,Conference and Workshop Papers,closed,Argument Mining with Graph Representation Learning,Gechuan Zhang; Paul Nulty; David Lillis,10.1145/3594536.3595152,https://doi.org/10.1145/3594536.3595152,371-380,conf/icail/ZhangNL23,https://dblp.org/rec/conf/icail/ZhangNL23
ICAIL,2023,Conference and Workshop Papers,closed,Improving Translation of Case Descriptions into Logical Fact Formulas using LegalCaseNER,May Myo Zin; Ha-Thanh Nguyen; Ken Satoh; Saku Sugawara; Fumihito Nishino,10.1145/3594536.3595141,https://doi.org/10.1145/3594536.3595141,462-466,conf/icail/ZinNSSN23,https://dblp.org/rec/conf/icail/ZinNSSN23
ICAIL,2025,Conference and Workshop Papers,closed,Data Augmented Pipeline for Legal Information Extraction and Reasoning,Phuong Minh Nguyen; Thanh Ha Nguyen; May Myo Zin; Ken Satoh,10.1145/3769126.3769200,https://doi.org/10.1145/3769126.3769200,481-482,conf/icail/0001NZS25,https://dblp.org/rec/conf/icail/0001NZS25
ICAIL,2025,Editorship,,"Proceedings of the Twentieth International Conference on Artificial Intelligence and Law, ICAIL 2025, Chicago, IL, USA, June 16-20, 2025",Juliano Maranhão,10.1145/3769126,https://doi.org/10.1145/3769126,,conf/icail/2025,https://dblp.org/rec/conf/icail/2025
ICAIL,2025,Conference and Workshop Papers,closed,Using Interpretability to Uncover Legal Petition Structures and Optimize Text Classification,Vitor Almeida; Rilder S. Pires; João A. Monteiro Neto; Vasco Furtado,10.1145/3769126.3769239,https://doi.org/10.1145/3769126.3769239,150-158,conf/icail/AlmeidaPNF25,https://dblp.org/rec/conf/icail/AlmeidaPNF25
ICAIL,2025,Conference and Workshop Papers,closed,Tipping the Scales: Balancing Principles,Michal Araszkiewicz; Tomasz Zurek; Adam Z. Wyner; Tom M. van Engers,10.1145/3769126.3769208,https://doi.org/10.1145/3769126.3769208,258-267,conf/icail/AraszkiewiczZWE25,https://dblp.org/rec/conf/icail/AraszkiewiczZWE25
ICAIL,2025,Conference and Workshop Papers,closed,"Identifying Legal Holdings with LLMs: A Systematic Study of Performance, Scale, and Memorization",Chuck Arvin,10.1145/3769126.3769128,https://doi.org/10.1145/3769126.3769128,404-408,conf/icail/Arvin25,https://dblp.org/rec/conf/icail/Arvin25
ICAIL,2025,Conference and Workshop Papers,closed,Curb Your Enthusiasm: Towards a RAG Framework to Forecast Case Importance in the ECHR,David Bareham; Katie Atkinson; Jack Mumford; Jeremy Marshall,10.1145/3769126.3769238,https://doi.org/10.1145/3769126.3769238,31-40,conf/icail/BarehamAMM25,https://dblp.org/rec/conf/icail/BarehamAMM25
ICAIL,2025,Conference and Workshop Papers,closed,"Bridging Legal Knowledge and AI: Retrieval-Augmented Generation with Vector Stores, Knowledge Graphs, and Hierarchical Non-negative Matrix Factorization",Ryan Calvin Barron; Maksim Ekin Eren; Olga M. Serafimova; Cynthia Matuszek; Boian S. Alexandrov,10.1145/3769126.3769215,https://doi.org/10.1145/3769126.3769215,51-60,conf/icail/BarronESMA25,https://dblp.org/rec/conf/icail/BarronESMA25
ICAIL,2025,Conference and Workshop Papers,closed,Is Selective Masking A Key to Improving Domain Adaptation for Masked Language Model?,Anas Belfathi; Ygor Gallina; Nicolas Hernandez; Laura Monceaux; Richard Dufour,10.1145/3769126.3769216,https://doi.org/10.1145/3769126.3769216,409-413,conf/icail/BelfathiGHMD25,https://dblp.org/rec/conf/icail/BelfathiGHMD25
ICAIL,2025,Conference and Workshop Papers,closed,ALEXChat: a Generative - Symbolic Approach to Legal eXplainability,Marco Billi; Alessandro Parenti; Giuseppe Pisano; Marco Sanchi,10.1145/3769126.3769234,https://doi.org/10.1145/3769126.3769234,491-492,conf/icail/BilliPPS25,https://dblp.org/rec/conf/icail/BilliPPS25
ICAIL,2025,Conference and Workshop Papers,closed,LLMs Provide Unstable Answers to Legal Questions,Andrew Blair-Stanek; Benjamin Van Durme,10.1145/3769126.3769245,https://doi.org/10.1145/3769126.3769245,425-429,conf/icail/Blair-StanekD25,https://dblp.org/rec/conf/icail/Blair-StanekD25
ICAIL,2025,Conference and Workshop Papers,closed,Automating Legal Reasoning with Generative AI: A Framework for Judicial Decision Support,Francisco das Chagas Jucá Bomfim; João A. Monteiro Neto; Alicia S. Neves; Vasco Furtado; Sara Pessoa Silva; Vládia Pinheiro,10.1145/3769126.3769244,https://doi.org/10.1145/3769126.3769244,229-238,conf/icail/BomfimNNFSP25,https://dblp.org/rec/conf/icail/BomfimNNFSP25
ICAIL,2025,Conference and Workshop Papers,closed,OSIRIS: A Domain-Guided Framework for Tax Foreclosure Automation Using Large Language Models,Fabricio Ataides Braz; Nilton Correia da Silva; Luciana Nishi; Eduardo Siqueira; Débora Bonat; Cristina Bertoncini; Izabela Melo,10.1145/3769126.3769225,https://doi.org/10.1145/3769126.3769225,444-448,conf/icail/BrazSNSBBM25,https://dblp.org/rec/conf/icail/BrazSNSBBM25
ICAIL,2025,Conference and Workshop Papers,closed,EVENS: Equality versus Equity Notion Spectrum of LLMs,Qingjing Chen; Rongxin Cheng; Yan Liu; Ziheng Xie; Kangxin Zhao; Peiming Li; Antonino Rotolo; Yun Liu; Weixing Shen,10.1145/3769126.3769262,https://doi.org/10.1145/3769126.3769262,374-378,conf/icail/ChenCLXZLA0S25,https://dblp.org/rec/conf/icail/ChenCLXZLA0S25
ICAIL,2025,Conference and Workshop Papers,closed,Universal Legal Article Prediction via Tight Collaboration between Supervised Classification Model and LLM,Xiao Chi; Wenlin Zhong; Yiquan Wu; Wei Wang; Kun Kuang; Fei Wu; Minghui Xiong,10.1145/3769126.3769221,https://doi.org/10.1145/3769126.3769221,21-30,conf/icail/ChiZ0WK0X25,https://dblp.org/rec/conf/icail/ChiZ0WK0X25
ICAIL,2025,Conference and Workshop Papers,closed,Probabilistic Analysis of Copyright Disputes and Generative AI Safety,Hiroaki Chiba-Okabe,10.1145/3769126.3769139,https://doi.org/10.1145/3769126.3769139,470-474,conf/icail/Chiba-Okabe25,https://dblp.org/rec/conf/icail/Chiba-Okabe25
ICAIL,2025,Conference and Workshop Papers,closed,Have your DAI in Court. The Role of Suggestive Algorithms in Judicial Decision-Making,Paolo Comoglio,10.1145/3769126.3769135,https://doi.org/10.1145/3769126.3769135,359-363,conf/icail/Comoglio25,https://dblp.org/rec/conf/icail/Comoglio25
ICAIL,2025,Conference and Workshop Papers,closed,Reporting Requests Modelling in European Legislation with a Hybrid AI Approach,Michele Corazza; Monica Palmirani; Salvatore Sapienza; Generoso Longo,10.1145/3769126.3769255,https://doi.org/10.1145/3769126.3769255,93-102,conf/icail/CorazzaPSL25,https://dblp.org/rec/conf/icail/CorazzaPSL25
ICAIL,2025,Conference and Workshop Papers,closed,Non-Herculean Data: A Philosophical Intervention in a Technical Debate about Judicial Opinions as Data Sources,Courtney M. Cox,10.1145/3769126.3769194,https://doi.org/10.1145/3769126.3769194,1-10,conf/icail/Cox25,https://dblp.org/rec/conf/icail/Cox25
ICAIL,2025,Conference and Workshop Papers,closed,Feasibility of Artificial Intelligence Driven Analysis in the Context of Nepalese Legal System,Abhiyan Dhakal; Sugat Sujakhu; Pranish Kafle; Kausik Paudel; Prakash Poudyal,10.1145/3769126.3769249,https://doi.org/10.1145/3769126.3769249,498-499,conf/icail/DhakalSKPP25,https://dblp.org/rec/conf/icail/DhakalSKPP25
ICAIL,2025,Conference and Workshop Papers,closed,Judicial Discretion as Normative Reasoning: Deontic Characterization of Judicial Decision Making with Answer Set Programming,Josephine Dik; Réka Markovich,10.1145/3769126.3769220,https://doi.org/10.1145/3769126.3769220,268-277,conf/icail/DikM25,https://dblp.org/rec/conf/icail/DikM25
ICAIL,2025,Conference and Workshop Papers,closed,Rule-based Classifier Models,Cecilia Di Florio; Huimin Dong; Antonino Rotolo,10.1145/3769126.3769243,https://doi.org/10.1145/3769126.3769243,465-469,conf/icail/FlorioDR25,https://dblp.org/rec/conf/icail/FlorioDR25
ICAIL,2025,Conference and Workshop Papers,closed,On Compatibility between Situation Outcome Cases and Logical Cases,Wachara Fungwacharakorn; Guilherme Paulino-Passos; Bart Verheij; Ken Satoh,10.1145/3769126.3769211,https://doi.org/10.1145/3769126.3769211,61-71,conf/icail/Fungwacharakorn25,https://dblp.org/rec/conf/icail/Fungwacharakorn25
ICAIL,2025,Conference and Workshop Papers,closed,Applying a Fidelity Approach to Choices in Encoding Legislation,Nicholas Godfrey,10.1145/3769126.3769131,https://doi.org/10.1145/3769126.3769131,317-326,conf/icail/Godfrey25,https://dblp.org/rec/conf/icail/Godfrey25
ICAIL,2025,Conference and Workshop Papers,closed,An Overview of the COLIEE 2025 Competition: Legal Case Law and Statute Law Information Retrieval and Entailment,Randy Goebel; Yoshinobu Kano; Mi-Young Kim; Calum Kwan; Ken Satoh; Hiroaki Yamada; Masaharu Yoshioka,10.1145/3769126.3785016,https://doi.org/10.1145/3769126.3785016,506-515,conf/icail/GoebelKKKS0Y25,https://dblp.org/rec/conf/icail/GoebelKKKS0Y25
ICAIL,2025,Conference and Workshop Papers,closed,Legal Explanation in Defeasible Deontic Logic via LegalRuleML,Guido Governatori; Monica Palmirani,10.1145/3769126.3769257,https://doi.org/10.1145/3769126.3769257,500-501,conf/icail/GovernatoriP25,https://dblp.org/rec/conf/icail/GovernatoriP25
ICAIL,2025,Conference and Workshop Papers,closed,Judicial Permission,Guido Governatori; Antonino Rotolo,10.1145/3769126.3769250,https://doi.org/10.1145/3769126.3769250,460-464,conf/icail/GovernatoriR25,https://dblp.org/rec/conf/icail/GovernatoriR25
ICAIL,2025,Conference and Workshop Papers,closed,Generating Legal Arguments with Automatically Identified Factor Magnitudes,Morgan A. Gray; Jaromír Savelka; Wesley M. Oliver; Kevin D. Ashley,10.1145/3769126.3769212,https://doi.org/10.1145/3769126.3769212,199-208,conf/icail/GraySOA25,https://dblp.org/rec/conf/icail/GraySOA25
ICAIL,2025,Conference and Workshop Papers,closed,Intents in Actions,Joseph Y. Halpern; Meir Friedenberg,10.1145/3769126.3769203,https://doi.org/10.1145/3769126.3769203,308-316,conf/icail/HalpernF25,https://dblp.org/rec/conf/icail/HalpernF25
ICAIL,2025,Conference and Workshop Papers,closed,AI for Statutory Simplification: A Comprehensive State Legal Corpus and Labor Benchmark,Emaan Hariri; Daniel E. Ho,10.1145/3769126.3769256,https://doi.org/10.1145/3769126.3769256,177-187,conf/icail/HaririH25,https://dblp.org/rec/conf/icail/HaririH25
ICAIL,2025,Conference and Workshop Papers,closed,Graph-Based Categorization of Court Decisions by Legal Domain,Simon Horvát; Dávid Varga; Zoltán Szoplák; Peter Gurský; Stanislav Krajci,10.1145/3769126.3769251,https://doi.org/10.1145/3769126.3769251,399-403,conf/icail/HorvatVSGK25,https://dblp.org/rec/conf/icail/HorvatVSGK25
ICAIL,2025,Conference and Workshop Papers,closed,Ordinance Template Composition System: Supporting legislative drafting in the eLen database system,Tokuyasu Kakuta; Kyoko Yoshimura; Tamaki Owa; Ukyo Sasaki; Daichi Saito,10.1145/3769126.3769201,https://doi.org/10.1145/3769126.3769201,483-484,conf/icail/KakutaYOSS25,https://dblp.org/rec/conf/icail/KakutaYOSS25
ICAIL,2025,Conference and Workshop Papers,closed,explainy: A Toolkit for Legal-XAI,Aniket Kesari; Stefan Bechtold; Elliott Ash; Mauro Luzzatto,10.1145/3769126.3769240,https://doi.org/10.1145/3769126.3769240,493-494,conf/icail/KesariBAL25,https://dblp.org/rec/conf/icail/KesariBAL25
ICAIL,2025,Conference and Workshop Papers,closed,From Legal Text to Tech Specs: Generative AI&apos;s Interpretation of Consent in Privacy Law,Aniket Kesari; Travis D. Breaux; Sarah Santos; Tom Norton; Anmol Singhal,10.1145/3769126.3769241,https://doi.org/10.1145/3769126.3769241,159-168,conf/icail/KesariBSNS25,https://dblp.org/rec/conf/icail/KesariBSNS25
ICAIL,2025,Conference and Workshop Papers,closed,Logical Modalities within the European AI Act: An Analysis,Lara Lawniczak; Christoph Benzmüller,10.1145/3769126.3769202,https://doi.org/10.1145/3769126.3769202,348-353,conf/icail/LawniczakB25,https://dblp.org/rec/conf/icail/LawniczakB25
ICAIL,2025,Conference and Workshop Papers,closed,Evaluating Methods for Scenario Reasoning using Bayesian Networks in Exhaustive and Non-Exhaustive Settings,Ludi Simone van Leeuwen; Bart Verheij; Rineke Verbrugge; Silja Renooij,10.1145/3769126.3769231,https://doi.org/10.1145/3769126.3769231,83-92,conf/icail/LeeuwenVVR25,https://dblp.org/rec/conf/icail/LeeuwenVVR25
ICAIL,2025,Conference and Workshop Papers,closed,Are manual annotations necessary for statutory interpretations retrieval?,Tomer Libal; Aleksander Smywinski-Pohl; Adam Kaczmarczyk; Magdalena Król,10.1145/3769126.3769224,https://doi.org/10.1145/3769126.3769224,414-419,conf/icail/LibalSKK25,https://dblp.org/rec/conf/icail/LibalSKK25
ICAIL,2025,Conference and Workshop Papers,closed,A Causal Model Checker for Legal Cases,Ruta Liepina; Tiago de Lima; Emiliano Lorini; Giuseppe Pisano; Giovanni Sartor,10.1145/3769126.3769207,https://doi.org/10.1145/3769126.3769207,248-257,conf/icail/LiepinaLLPS25,https://dblp.org/rec/conf/icail/LiepinaLLPS25
ICAIL,2025,Conference and Workshop Papers,closed,Decoding SEC Actions: Enforcement Trends through Analyzing Blockchain Litigation using LLM-based Thematic Factor Mapping,Junliang Luo; Xihan Xiong; William Knottenbelt; Xue Liu,10.1145/3769126.3769235,https://doi.org/10.1145/3769126.3769235,209-218,conf/icail/LuoXK025,https://dblp.org/rec/conf/icail/LuoXK025
ICAIL,2025,Conference and Workshop Papers,closed,"Human-Machine Legal Preference Benchmarking: An Experimental Pilot Evaluating the Comparative Performance of LLM Models, Enterprise Tools, and Humans on Legal Tasks",Megan Ma; Riya Ranjan,10.1145/3769126.3769247,https://doi.org/10.1145/3769126.3769247,430-433,conf/icail/MaR25,https://dblp.org/rec/conf/icail/MaR25
ICAIL,2025,Conference and Workshop Papers,closed,Multi - agent Cooperative Mechanisms for Legal Adjudication: The Crucial Role of Automatic Prompt Optimization,Jiayu Ma; Shengran Wang; Yun Liu,10.1145/3769126.3769213,https://doi.org/10.1145/3769126.3769213,449-454,conf/icail/MaWL25,https://dblp.org/rec/conf/icail/MaWL25
ICAIL,2025,Conference and Workshop Papers,closed,DeCoRA: Definition and Context Reasoning in Argumentation,Ngoc-Duy Mai; Xuan-Bach Le; Thi-Hai-Yen Vuong; Ha-Thanh Nguyen; Kostas Stathis; Ken Satoh,10.1145/3769126.3769226,https://doi.org/10.1145/3769126.3769226,72-82,conf/icail/MaiLVNSS25,https://dblp.org/rec/conf/icail/MaiLVNSS25
ICAIL,2025,Conference and Workshop Papers,closed,Assessing the performance gap between lexical and semantic models for information retrieval with formulaic legal language,Larissa Mori; Carlos Sousa de Oliveira; Yuehwern Yih; Mario Ventresca,10.1145/3769126.3769205,https://doi.org/10.1145/3769126.3769205,114-128,conf/icail/MoriOYV25,https://dblp.org/rec/conf/icail/MoriOYV25
ICAIL,2025,Conference and Workshop Papers,closed,Finding the Goldilocks Zone: Retrieving Citation Context,Jack Mumford; David Bareham; Katie Atkinson; Jeremy Marshall,10.1145/3769126.3769261,https://doi.org/10.1145/3769126.3769261,434-438,conf/icail/MumfordBAM25,https://dblp.org/rec/conf/icail/MumfordBAM25
ICAIL,2025,Conference and Workshop Papers,closed,Scaling International Legal Workflows with Ordinis: A Neuro-Symbolic Framework for GenAI in High-Stakes Domains,Philip Ndikum; Serge Ndikum,10.1145/3769126.3769223,https://doi.org/10.1145/3769126.3769223,487-488,conf/icail/NdikumN25,https://dblp.org/rec/conf/icail/NdikumN25
ICAIL,2025,Conference and Workshop Papers,closed,Which Demographic Features Are Relevant for Individual Fairness Evaluation of U.S. Recidivism Risk Assessment Tools?,Tin Trung Nguyen; Jiannan Xu; Phuong-Anh Nguyen-Le; Jonathan Lazar; Donald Braman; Hal Daumé III; Zubin Jelveh,10.1145/3769126.3769199,https://doi.org/10.1145/3769126.3769199,354-358,conf/icail/NguyenXNLBDJ25,https://dblp.org/rec/conf/icail/NguyenXNLBDJ25
ICAIL,2025,Conference and Workshop Papers,closed,MAIA: AI System for Repetitive Demand Resolution in Brazil,Eduardo Caruso Barbosa Pacheco; Glauber Machado Pinto,10.1145/3769126.3769259,https://doi.org/10.1145/3769126.3769259,502-503,conf/icail/PachecoP25,https://dblp.org/rec/conf/icail/PachecoP25
ICAIL,2025,Conference and Workshop Papers,closed,Is It Worth Using LLMs for Unfair Clause Detection in Terms of Service?,Marco Panarelli; Andrea Galassi; Francesca Lagioia; Ruta Liepina; Marco Lippi; Przemyslaw Palka; Giovanni Sartor,10.1145/3769126.3769218,https://doi.org/10.1145/3769126.3769218,139-149,conf/icail/PanarelliGLL0PS25,https://dblp.org/rec/conf/icail/PanarelliGLL0PS25
ICAIL,2025,Conference and Workshop Papers,closed,DRAssist: Dispute Resolution Assistance using Large Language Models,Sachin Sharad Pawar; Manoj Apte; Girish Keshav Palshikar; Basit Ali; Nitin Ramrakhiyani,10.1145/3769126.3769210,https://doi.org/10.1145/3769126.3769210,188-198,conf/icail/PawarAPAR25,https://dblp.org/rec/conf/icail/PawarAPAR25
ICAIL,2025,Conference and Workshop Papers,closed,Justifying Black-Box Predictions with Domain Knowledge,Joeri Peters; Floris Bex; Henry Prakken,10.1145/3769126.3769253,https://doi.org/10.1145/3769126.3769253,103-113,conf/icail/PetersBP25,https://dblp.org/rec/conf/icail/PetersBP25
ICAIL,2025,Conference and Workshop Papers,closed,Automatic Legal Writing Evaluation of LLMs,Ramon Pires; Roseval Malaquias Junior; Rodrigo Nogueira,10.1145/3769126.3769227,https://doi.org/10.1145/3769126.3769227,420-424,conf/icail/PiresJ025,https://dblp.org/rec/conf/icail/PiresJ025
ICAIL,2025,Conference and Workshop Papers,closed,Modelling Cause-in-Fact in Legal Cases through Defeasible Argumentation,Giuseppe Pisano; Henry Prakken; Giovanni Sartor; Ruta Liepina,10.1145/3769126.3769228,https://doi.org/10.1145/3769126.3769228,278-287,conf/icail/PisanoPSL25,https://dblp.org/rec/conf/icail/PisanoPSL25
ICAIL,2025,Conference and Workshop Papers,closed,"&quot;Lost in EU Regulation? Don&apos;t Worry, AI Found the Obligation&quot;: Extracting and Representing Legal Obligations in the GDPR the DSA and the AI Act",Thiago Raulino Dal Pont; Federico Galli; Galileo Sartor; Giuseppe Contissa,10.1145/3769126.3769260,https://doi.org/10.1145/3769126.3769260,129-138,conf/icail/PontGSC25,https://dblp.org/rec/conf/icail/PontGSC25
ICAIL,2025,Conference and Workshop Papers,closed,"You Take the High Road, and I&apos;ll Take the Low Road: Large Language Models Logical English and the Highway Code",Thiago Raulino Dal Pont; Galileo Sartor; Adam Z. Wyner; Giovanni Sartor,10.1145/3769126.3769254,https://doi.org/10.1145/3769126.3769254,337-347,conf/icail/PontSWS25,https://dblp.org/rec/conf/icail/PontSWS25
ICAIL,2025,Conference and Workshop Papers,closed,AI-based Consumers&apos; Creditworthiness Fate Needs EU &apos;Lawgorithmics&apos; to Innovate,Diogo J. Morgado Rebelo; Francisco Pacheco de Andrade; Paulo Novais,10.1145/3769126.3769233,https://doi.org/10.1145/3769126.3769233,11-20,conf/icail/RebeloAN25,https://dblp.org/rec/conf/icail/RebeloAN25
ICAIL,2025,Conference and Workshop Papers,closed,Rule-based Deontic Case-based Reasoning,Antonino Rotolo; Cecilia Di Florio; Guido Governatori,10.1145/3769126.3769242,https://doi.org/10.1145/3769126.3769242,288-297,conf/icail/RotoloFG25,https://dblp.org/rec/conf/icail/RotoloFG25
ICAIL,2025,Conference and Workshop Papers,closed,Leveraging Artificial Intelligence as a Decision Support System in Belgian Commercial Courts,Stijn Van Ruymbeke; Aruna Audenaert; Henri Arno; Tibe Habils; Joke Baeck; Klaas Mulier; Thomas Demeester,10.1145/3769126.3769232,https://doi.org/10.1145/3769126.3769232,489-490,conf/icail/RuymbekeAAHBMD25,https://dblp.org/rec/conf/icail/RuymbekeAAHBMD25
ICAIL,2025,Conference and Workshop Papers,closed,Faithfulness and Content Selection in Long-Input Multi-Document Summarisation of U.S. Civil Rights Litigation,Isabel Sebire; Claire Barale; Mirella Lapata,10.1145/3769126.3769237,https://doi.org/10.1145/3769126.3769237,384-388,conf/icail/SebireBL25,https://dblp.org/rec/conf/icail/SebireBL25
ICAIL,2025,Conference and Workshop Papers,closed,Improved Understanding of Legal Text with Graph Attention Networks,Andrew Shin; Kunitake Kaneko,10.1145/3769126.3769214,https://doi.org/10.1145/3769126.3769214,364-368,conf/icail/ShinK25,https://dblp.org/rec/conf/icail/ShinK25
ICAIL,2025,Conference and Workshop Papers,closed,Optimizing Prompts for Legal Document Classification,Raquel Silveira; João Víctor López Matias; Caio Ponte; Isadora Donza Corrêa; André Câmara; Vasco Furtado,10.1145/3769126.3769217,https://doi.org/10.1145/3769126.3769217,369-373,conf/icail/SilveiraMPCCF25,https://dblp.org/rec/conf/icail/SilveiraMPCCF25
ICAIL,2025,Conference and Workshop Papers,closed,ViNo - A Tool for the Visualisation of Norms,Bianca Steffes; Diogo Sasdelli,10.1145/3769126.3769204,https://doi.org/10.1145/3769126.3769204,485-486,conf/icail/SteffesS25,https://dblp.org/rec/conf/icail/SteffesS25
ICAIL,2025,Conference and Workshop Papers,closed,Summarisation of German Judgments in conjunction with a Class-based Evaluation,Bianca Steffes; Nils Torben Wiedemann; Alexander Gratz; Pamela Hochreither; Jana Elina Meyer; Katharina Luise Schilke,10.1145/3769126.3769229,https://doi.org/10.1145/3769126.3769229,379-383,conf/icail/SteffesWGHMS25,https://dblp.org/rec/conf/icail/SteffesWGHMS25
ICAIL,2025,Conference and Workshop Papers,closed,Parameterized Argumentation-based Reasoning Tasks for Benchmarking Generative Language Models,Cor Steging; Silja Renooij; Bart Verheij,10.1145/3769126.3769230,https://doi.org/10.1145/3769126.3769230,455-459,conf/icail/StegingRV25,https://dblp.org/rec/conf/icail/StegingRV25
ICAIL,2025,Conference and Workshop Papers,closed,What Is the Law? A System for Statutory Research (STARA) with Large Language Models,Faiz Surani; Lindsey A. Gailmard; Allison Casasola; Varun Magesh; Emily J. Robitschek; Daniel E. Ho,10.1145/3769126.3769219,https://doi.org/10.1145/3769126.3769219,394-398,conf/icail/SuraniGCMRH25,https://dblp.org/rec/conf/icail/SuraniGCMRH25
ICAIL,2025,Conference and Workshop Papers,closed,Learning from Computer Vision: The Effects of Loss Functions on Legal Text Classification with Class Imbalance,Niklas Wais; Matthias Grabmair,10.1145/3769126.3769263,https://doi.org/10.1145/3769126.3769263,41-50,conf/icail/WaisG25,https://dblp.org/rec/conf/icail/WaisG25
ICAIL,2025,Conference and Workshop Papers,closed,LLMs for Legal Subsumption in German Employment Contracts,Oliver Wardas; Florian Matthes,10.1145/3769126.3769209,https://doi.org/10.1145/3769126.3769209,169-176,conf/icail/WardasM25,https://dblp.org/rec/conf/icail/WardasM25
ICAIL,2025,Conference and Workshop Papers,closed,A Demonstration of a Semi-Structured Legal Reasoning Framework,Hannes Westermann,10.1145/3769126.3769196,https://doi.org/10.1145/3769126.3769196,504-505,conf/icail/Westermann25,https://dblp.org/rec/conf/icail/Westermann25
ICAIL,2025,Conference and Workshop Papers,closed,Automated Mapping of Legal Criteria to the Texts of Adjudicatory Decisions Using LLMs,Hannes Westermann; Vern R. Walker; Jaromír Savelka,10.1145/3769126.3769236,https://doi.org/10.1145/3769126.3769236,219-228,conf/icail/WestermannWS25,https://dblp.org/rec/conf/icail/WestermannWS25
ICAIL,2025,Conference and Workshop Papers,closed,Formal Results on Case-Base Consistency: A COMPAS Case Study,Wijnand van Woerkom,10.1145/3769126.3769190,https://doi.org/10.1145/3769126.3769190,298-307,conf/icail/Woerkom25,https://dblp.org/rec/conf/icail/Woerkom25
ICAIL,2025,Conference and Workshop Papers,closed,AF-XRAY: Visual Explanation and Resolution of Ambiguity in Legal Argumentation Frameworks,Yilin Xia; Heng Zheng; Shawn Bowers; Bertram Ludäscher,10.1145/3769126.3769246,https://doi.org/10.1145/3769126.3769246,495-497,conf/icail/Xia0BL25,https://dblp.org/rec/conf/icail/Xia0BL25
ICAIL,2025,Conference and Workshop Papers,closed,Cross-Border Legal Adaptation of Autonomous Vehicle Design based on Logic and Non-monotonic Reasoning,Zhe Yu; Yiwei Lu; Burkhard Schafer; Zhe Lin,10.1145/3769126.3769258,https://doi.org/10.1145/3769126.3769258,475-480,conf/icail/YuL0L25,https://dblp.org/rec/conf/icail/YuL0L25
ICAIL,2025,Conference and Workshop Papers,closed,Addressing the Right to Explanation and the Right to Challenge through Hybrid-AI: Symbolic Constraints over Large Language Models via Prompt Engineering,Liuwen Yu; Davide Liga; Réka Markovich,10.1145/3769126.3769252,https://doi.org/10.1145/3769126.3769252,239-247,conf/icail/YuLM25,https://dblp.org/rec/conf/icail/YuLM25
ICAIL,2025,Conference and Workshop Papers,closed,Exploring Metric Correlations for Legal Text Summarization Evaluation,Martim Zanatti; Ricardo Ribeiro; H. Sofia Pinto,10.1145/3769126.3769206,https://doi.org/10.1145/3769126.3769206,389-393,conf/icail/Zanatti0P25,https://dblp.org/rec/conf/icail/Zanatti0P25
ICAIL,2025,Conference and Workshop Papers,closed,Deep Interaction Timing: FOL-based Complexity Differentiation for Legal Queries,Tong Zhang; Yiquan Wu; Rujing Yao; Qianyu Zhang; Changlong Sun; Chenghao Wang; Xiaozhong Liu,10.1145/3769126.3769248,https://doi.org/10.1145/3769126.3769248,439-443,conf/icail/Zhang0YZSWL25,https://dblp.org/rec/conf/icail/Zhang0YZSWL25
ICAIL,2025,Conference and Workshop Papers,closed,Towards Machine-Readable Traffic Laws: Formalizing Traffic Rules into PROLOG Using LLMs,May Myo Zin; Georg Borges; Ken Satoh; Wachara Fungwacharakorn,10.1145/3769126.3769222,https://doi.org/10.1145/3769126.3769222,327-336,conf/icail/ZinBSF25,https://dblp.org/rec/conf/icail/ZinBSF25
JURIX,2005,Editorship,unavailable,"Legal Knowledge and Information Systems - JURIX 2005: The Eighteenth Annual Conference on Legal Knowledge and Information Systems, Brussels, Belgium, 8-10 December 2005",Marie-Francine Moens; Peter Spyns,,,,conf/jurix/2005,https://dblp.org/rec/conf/jurix/2005
JURIX,2005,Conference and Workshop Papers,closed,Some Foundational Linguistic Elements for QA Systems: an Application to E-government Services,Farida Aouladomar,,http://www.booksonline.iospress.nl/Content/View.aspx?piid=843,81-90,conf/jurix/Aouladomar05,https://dblp.org/rec/conf/jurix/Aouladomar05
JURIX,2005,Conference and Workshop Papers,closed,Theory and Practice in AI and Law: A Response to Branting,Katie Atkinson; Trevor J. M. Bench-Capon,,http://www.booksonline.iospress.nl/Content/View.aspx?piid=834,1-12,conf/jurix/AtkinsonB05,https://dblp.org/rec/conf/jurix/AtkinsonB05
JURIX,2005,Conference and Workshop Papers,closed,A Semantics-based Visual Framework for Planning a New Bill,Carlo Biagioli; Enrico Francesconi,,http://www.booksonline.iospress.nl/Content/View.aspx?piid=846,103-104,conf/jurix/BiagioliF05,https://dblp.org/rec/conf/jurix/BiagioliF05
JURIX,2005,Conference and Workshop Papers,closed,Mixing Legal and Non-legal Norms,Alexander Boer; Tom M. van Engers; Radboud Winkels,,http://www.booksonline.iospress.nl/Content/View.aspx?piid=837,25-36,conf/jurix/BoerEW05,https://dblp.org/rec/conf/jurix/BoerEW05
JURIX,2005,Conference and Workshop Papers,closed,How Technology Can Help Reducing the Legal Burden,Tom M. van Engers; Ron van Gog; Arian Jacobs,,http://www.booksonline.iospress.nl/Content/View.aspx?piid=845,101-102,conf/jurix/EngersGJ05,https://dblp.org/rec/conf/jurix/EngersGJ05
JURIX,2005,Conference and Workshop Papers,closed,An Ontological Approach for the Management of Rights Data Dictionaries,Roberto García; Jaime Delgado,,http://www.booksonline.iospress.nl/Content/View.aspx?piid=854,137-146,conf/jurix/GarciaD05,https://dblp.org/rec/conf/jurix/GarciaD05
JURIX,2005,Conference and Workshop Papers,closed,Regulations Expressed As Logical Models (REALM),Christopher Giblin; Alice Y. Liu; Samuel Müller; Birgit Pfitzmann; Xin Zhou,,http://www.booksonline.iospress.nl/Content/View.aspx?piid=838,37-48,conf/jurix/GiblinLMPZ05,https://dblp.org/rec/conf/jurix/GiblinLMPZ05
JURIX,2005,Conference and Workshop Papers,closed,Norm Modifications in Defeasible Logic,Guido Governatori; Monica Palmirani; Régis Riveret; Antonino Rotolo; Giovanni Sartor,,http://www.booksonline.iospress.nl/Content/View.aspx?piid=835,13-22,conf/jurix/GovernatoriPRRS05,https://dblp.org/rec/conf/jurix/GovernatoriPRRS05
JURIX,2005,Conference and Workshop Papers,closed,Towards Modeling Systematic Interpretation of Codified Law,Matthias Grabmair; Kevin D. Ashley,,http://www.booksonline.iospress.nl/Content/View.aspx?piid=848,107-108,conf/jurix/GrabmairA05,https://dblp.org/rec/conf/jurix/GrabmairA05
JURIX,2005,Conference and Workshop Papers,closed,Automated Analysis of Reasoning and Argumentation Structures in Texts,Helmut Horacek,,http://www.booksonline.iospress.nl/Content/View.aspx?piid=841,69,conf/jurix/Horacek05,https://dblp.org/rec/conf/jurix/Horacek05
JURIX,2005,Conference and Workshop Papers,closed,Assumption Based Peg Unification for Crime Scenario Modelling,Jeroen Keppens; Burkhard Schafer,,http://www.booksonline.iospress.nl/Content/View.aspx?piid=839,49-58,conf/jurix/KeppensS05,https://dblp.org/rec/conf/jurix/KeppensS05
JURIX,2005,Conference and Workshop Papers,closed,The Legal Concepts and the Layman&apos;s Terms - Bridging the Gap through Ontology-Based Reasoning about Liability,Ronny van Laarschot; Wouter Van Steenbergen; Heiner Stuckenschmidt; Arno R. Lodder; Frank van Harmelen,,http://www.booksonline.iospress.nl/Content/View.aspx?piid=852,115-125,conf/jurix/LaarschotSSLH05,https://dblp.org/rec/conf/jurix/LaarschotSSLH05
JURIX,2005,Conference and Workshop Papers,closed,Game Mechanisms &amp; Procedural Fairness,Moshe Looks; Ronald Prescott Loui,,http://www.booksonline.iospress.nl/Content/View.aspx?piid=850,111-112,conf/jurix/LooksL05,https://dblp.org/rec/conf/jurix/LooksL05
JURIX,2005,Conference and Workshop Papers,closed,Dynamics of Rule Revision and Strategy Revision in Legislative Games,Moshe Looks; Ronald Prescott Loui; Barry Z. Cynamon,,http://www.booksonline.iospress.nl/Content/View.aspx?piid=840,59-68,conf/jurix/LooksLC05,https://dblp.org/rec/conf/jurix/LooksLC05
JURIX,2005,Conference and Workshop Papers,closed,Large-Scale Linguistic Ontology as a Basis for Text Categorization of Legislative Documents,Natalia V. Loukachevitch; Boris V. Dobrov,,http://www.booksonline.iospress.nl/Content/View.aspx?piid=849,109-110,conf/jurix/LoukachevitchD05,https://dblp.org/rec/conf/jurix/LoukachevitchD05
JURIX,2005,Conference and Workshop Papers,closed,Automatic Translation from Textual Representations of Laws to Formal Models through UML,Pietro Mercatali; Francesco Romano; Luciano Boschi; Emilio Spinicci,,http://www.booksonline.iospress.nl/Content/View.aspx?piid=842,71-80,conf/jurix/MercataliRBS05,https://dblp.org/rec/conf/jurix/MercataliRBS05
JURIX,2005,Conference and Workshop Papers,closed,Using Legal Definitions to Increase the Accessibility of Legal Documents,Laurens Mommers; Wim Voermans,,http://www.booksonline.iospress.nl/Content/View.aspx?piid=855,147-156,conf/jurix/MommersV05,https://dblp.org/rec/conf/jurix/MommersV05
JURIX,2005,Conference and Workshop Papers,closed,A Question Answer System for Legal Information Retrieval,Paulo Quaresma; Irene Pimenta Rodrigues,,http://www.booksonline.iospress.nl/Content/View.aspx?piid=844,91-100,conf/jurix/QuaresmaR05,https://dblp.org/rec/conf/jurix/QuaresmaR05
JURIX,2005,Conference and Workshop Papers,closed,Validating an Automated Evaluation Procedure for Ontology Triples in the Privacy Domain,Peter Spyns; Giles Hogben,,http://www.booksonline.iospress.nl/Content/View.aspx?piid=853,127-136,conf/jurix/SpynsH05,https://dblp.org/rec/conf/jurix/SpynsH05
JURIX,2005,Conference and Workshop Papers,closed,"The Desocialization of the Courts, Sentencing Decision Support and Plea Bargaining",Andrew Vincent; John Zeleznikow,,http://www.booksonline.iospress.nl/Content/View.aspx?piid=847,105-106,conf/jurix/VincentZ05,https://dblp.org/rec/conf/jurix/VincentZ05
JURIX,2005,Conference and Workshop Papers,closed,Practical Reasoning and Proposing: Tools for e-Democracy,Douglas Walton,,http://www.booksonline.iospress.nl/Content/View.aspx?piid=851,113-114,conf/jurix/Walton05,https://dblp.org/rec/conf/jurix/Walton05
JURIX,2005,Conference and Workshop Papers,closed,Making Sense of Coherence. The Level Theory of Coherence,Luc J. Wintgens,,http://www.booksonline.iospress.nl/Content/View.aspx?piid=836,23-24,conf/jurix/Wintgens05,https://dblp.org/rec/conf/jurix/Wintgens05
JURIX,2006,Editorship,unavailable,"Legal Knowledge and Information Systems - JURIX 2006: The Nineteenth Annual Conference on Legal Knowledge and Information Systems, Paris, France, 7-9 December 2006",Tom M. van Engers,,,,conf/jurix/2006,https://dblp.org/rec/conf/jurix/2006
JURIX,2006,Conference and Workshop Papers,closed,Zeno Revisited: Representation of Persuasive Argument,Katie Atkinson; Trevor J. M. Bench-Capon,,http://www.booksonline.iospress.nl/Content/View.aspx?piid=2362,1-10,conf/jurix/AtkinsonB06,https://dblp.org/rec/conf/jurix/AtkinsonB06
JURIX,2006,Conference and Workshop Papers,closed,Anchored Narratives in Reasoning about Evidence,Floris Bex; Henry Prakken; Bart Verhey,,http://www.booksonline.iospress.nl/Content/View.aspx?piid=2363,11-20,conf/jurix/BexPV06,https://dblp.org/rec/conf/jurix/BexPV06
JURIX,2006,Conference and Workshop Papers,closed,AVER: Argument Visualization for Evidential Reasoning,Susan W. van den Braak; Gerard Vreeswijk,,http://www.booksonline.iospress.nl/Content/View.aspx?piid=2377,151-156,conf/jurix/BraakV06,https://dblp.org/rec/conf/jurix/BraakV06
JURIX,2006,Conference and Workshop Papers,closed,Developing Content for LKIF: Ontologies and Frameworks for Legal Reasoning,Joost Breuker; Alexander Boer; Rinke Hoekstra; Kasper van den Berg,,http://www.booksonline.iospress.nl/Content/View.aspx?piid=2380,169-174,conf/jurix/BreukerBHB06,https://dblp.org/rec/conf/jurix/BreukerBHB06
JURIX,2006,Conference and Workshop Papers,closed,Modelling State Intervention in Cases of Conflicting Interests,Alison Chorley; Trevor J. M. Bench-Capon,,http://www.booksonline.iospress.nl/Content/View.aspx?piid=2365,31-40,conf/jurix/ChorleyB06,https://dblp.org/rec/conf/jurix/ChorleyB06
JURIX,2006,Conference and Workshop Papers,closed,Discordance Detection in Regional Ordinance: Ontology-based Validation,Shingo Hagiwara; Satoshi Tojo,,http://www.booksonline.iospress.nl/Content/View.aspx?piid=2373,111-120,conf/jurix/HagiwaraT06,https://dblp.org/rec/conf/jurix/HagiwaraT06
JURIX,2006,Conference and Workshop Papers,closed,Thesaurus-based Retrieval of Case Law,Michel C. A. Klein; Wouter Van Steenbergen; Elisabeth M. Uijttenbroek; Arno R. Lodder; Frank van Harmelen,,http://www.booksonline.iospress.nl/Content/View.aspx?piid=2368,61-70,conf/jurix/KleinSULH06,https://dblp.org/rec/conf/jurix/KleinSULH06
JURIX,2006,Conference and Workshop Papers,closed,Open and Closed Intermediaries in Normative Systems,Lars Lindahl; Jan Odelstad,,http://www.booksonline.iospress.nl/Content/View.aspx?piid=2371,91-99,conf/jurix/LindahlO06,https://dblp.org/rec/conf/jurix/LindahlO06
JURIX,2006,Conference and Workshop Papers,closed,Automated Detection of Reference Structures in Law,Emile de Maat; Radboud Winkels; Tom M. van Engers,,http://www.booksonline.iospress.nl/Content/View.aspx?piid=2366,41-50,conf/jurix/MaatWE06,https://dblp.org/rec/conf/jurix/MaatWE06
JURIX,2006,Conference and Workshop Papers,closed,A Public Index of Case Law References - the End of Multiple and Complex Citations,Marc van Opijnen,,http://www.booksonline.iospress.nl/Content/View.aspx?piid=2369,71-80,conf/jurix/Opijnen06,https://dblp.org/rec/conf/jurix/Opijnen06
JURIX,2006,Conference and Workshop Papers,closed,Presumptions and Burdens of Proof,Henry Prakken; Giovanni Sartor,,http://www.booksonline.iospress.nl/Content/View.aspx?piid=2364,21-30,conf/jurix/PrakkenS06,https://dblp.org/rec/conf/jurix/PrakkenS06
JURIX,2006,Conference and Workshop Papers,closed,An Action-Based Legal Model for Dynamic Digital Rights Expression,Mélanie Dulong de Rosnay,,http://www.booksonline.iospress.nl/Content/View.aspx?piid=2378,157-162,conf/jurix/Rosnay06,https://dblp.org/rec/conf/jurix/Rosnay06
JURIX,2006,Conference and Workshop Papers,closed,Deterrence under Uncertainty: a Case Study,Bram Roth,,http://www.booksonline.iospress.nl/Content/View.aspx?piid=2370,81-90,conf/jurix/Roth06,https://dblp.org/rec/conf/jurix/Roth06
JURIX,2006,Conference and Workshop Papers,closed,An OWL Ontology of Fundamental Legal Concepts,Rossella Rubino; Antonino Rotolo; Giovanni Sartor,,http://www.booksonline.iospress.nl/Content/View.aspx?piid=2372,101-110,conf/jurix/RubinoRS06,https://dblp.org/rec/conf/jurix/RubinoRS06
JURIX,2006,Conference and Workshop Papers,closed,Improving Legal Document Summarization Using Graphical Models,M. Saravanan; Balaraman Ravindran; S. Raman,,http://www.booksonline.iospress.nl/Content/View.aspx?piid=2367,51-60,conf/jurix/SaravananRR06,https://dblp.org/rec/conf/jurix/SaravananRR06
JURIX,2006,Conference and Workshop Papers,closed,Disjunction of Causes and Disjunctive Cause: a Solution to the Paradox of Conditio Sine Qua Non using Minimal Abduction,Ken Satoh; Satoshi Tojo,,http://www.booksonline.iospress.nl/Content/View.aspx?piid=2379,163-168,conf/jurix/SatohT06,https://dblp.org/rec/conf/jurix/SatohT06
JURIX,2006,Conference and Workshop Papers,closed,Application of Word Alignment for Supporting Translation of Japanese Statutes into English,Katsuhiko Toyama; Yasuhiro Ogawa; Kazuhiro Imai; Yoshiharu Matsuura,,http://www.booksonline.iospress.nl/Content/View.aspx?piid=2376,141-150,conf/jurix/ToyamaOIM06,https://dblp.org/rec/conf/jurix/ToyamaOIM06
JURIX,2006,Conference and Workshop Papers,closed,Handling Personal Injury Claims PICE,Corry van Zeeland; Ronald Leenes; Jelle van Veenen; Janneke van der Linden,,http://www.booksonline.iospress.nl/Content/View.aspx?piid=2375,131-140,conf/jurix/ZeelandLVL06,https://dblp.org/rec/conf/jurix/ZeelandLVL06
JURIX,2006,Conference and Workshop Papers,closed,Family_Mediator - Adding Notions of Fairness to Those of Interests,John Zeleznikow; Emilia Bellucci,,http://www.booksonline.iospress.nl/Content/View.aspx?piid=2374,121-130,conf/jurix/ZeleznikowB06,https://dblp.org/rec/conf/jurix/ZeleznikowB06
JURIX,2007,Editorship,unavailable,"Legal Knowledge and Information Systems - JURIX 2007: The Twentieth Annual Conference on Legal Knowledge and Information Systems, Leiden, The Netherlands, 12-15 December 2007",Arno R. Lodder; Laurens Mommers,,,,conf/jurix/2007,https://dblp.org/rec/conf/jurix/2007
JURIX,2007,Conference and Workshop Papers,closed,Reasoning Using Polish Commercial Companies Code Ontology,Witold Abramowicz; Piotr Stolarski; Tadeusz Tomaszewski,,http://www.booksonline.iospress.nl/Content/View.aspx?piid=7854,163-164,conf/jurix/AbramowiczST07,https://dblp.org/rec/conf/jurix/AbramowiczST07
JURIX,2007,Conference and Workshop Papers,closed,Building an ontological support for multilingual legislative drafting,Tommaso Agnoloni; Lorenzo Bacci; Enrico Francesconi; Pier-Luigi Spinosa; Daniela Tiscornia; Simonetta Montemagni; Giulia Venturi,,http://www.booksonline.iospress.nl/Content/View.aspx?piid=7838,9-18,conf/jurix/AgnoloniBFSTMV07,https://dblp.org/rec/conf/jurix/AgnoloniBFSTMV07
JURIX,2007,Conference and Workshop Papers,closed,Designing a Modelling Methodology for Legal Workflows,Ignacio Alamillo; Daniel Martinez; Philip Seltsikas; Nikolaos Papas,,http://www.booksonline.iospress.nl/Content/View.aspx?piid=7855,165-166,conf/jurix/AlamilloMSP07,https://dblp.org/rec/conf/jurix/AlamilloMSP07
JURIX,2007,Conference and Workshop Papers,closed,Proposed XML Standards for Law: MetaLex and LKIF,Alexander Boer; Radboud Winkels; Fabio Vitali,,http://www.booksonline.iospress.nl/Content/View.aspx?piid=7839,19-28,conf/jurix/BoerWV07,https://dblp.org/rec/conf/jurix/BoerWV07
JURIX,2007,Conference and Workshop Papers,closed,"Codification, Law Article and Graphs",Danièle Bourcier; Pierre Mazzega,,http://www.booksonline.iospress.nl/Content/View.aspx?piid=7840,29-38,conf/jurix/BourcierM07,https://dblp.org/rec/conf/jurix/BourcierM07
JURIX,2007,Conference and Workshop Papers,unavailable,Judicial review in fundamental rights cases - how to provide guidance to judges?,Janneke H. Gerards,,,3-4,conf/jurix/Gerards07,https://dblp.org/rec/conf/jurix/Gerards07
JURIX,2007,Conference and Workshop Papers,closed,A Modular Framework for Ontology-based Representation of Patent Information,Mark Giereth; Steffen Koch; Yiannis Kompatsiaris; Symeon Papadopoulos; Emanuele Pianta; Luciano Serafini; Leo Wanner,,http://www.booksonline.iospress.nl/Content/View.aspx?piid=7842,49-58,conf/jurix/GierethKKPPSW07,https://dblp.org/rec/conf/jurix/GierethKKPPSW07
JURIX,2007,Conference and Workshop Papers,closed,On the Representation of Deadlines in a Rental Agreement,Guido Governatori; Joris Hulstijn; Régis Riveret; Antonino Rotolo,,http://www.booksonline.iospress.nl/Content/View.aspx?piid=7857,169-170,conf/jurix/GovernatoriHRR07,https://dblp.org/rec/conf/jurix/GovernatoriHRR07
JURIX,2007,Conference and Workshop Papers,closed,Extending the power of automated legal drafting technology,Carole D. Hafner; Marc Lauritsen,,http://www.booksonline.iospress.nl/Content/View.aspx?piid=7843,59-68,conf/jurix/HafnerL07,https://dblp.org/rec/conf/jurix/HafnerL07
JURIX,2007,Conference and Workshop Papers,closed,Computer Intelligent Support for the ADR/ODR Domain,Sefora Junqueira; Evandro Costa,,http://www.booksonline.iospress.nl/Content/View.aspx?piid=7844,69-78,conf/jurix/JunqueiraC07,https://dblp.org/rec/conf/jurix/JunqueiraC07
JURIX,2007,Conference and Workshop Papers,unavailable,Technology Mediated Dispute Resolution,David A. Larson,,,5,conf/jurix/Larson07,https://dblp.org/rec/conf/jurix/Larson07
JURIX,2007,Conference and Workshop Papers,closed,Legal rules and argumentation in a metalogic framework,Jenny Eriksson Lundström; Jørgen Fischer Nilsson; Andreas Hamfelt,,http://www.booksonline.iospress.nl/Content/View.aspx?piid=7841,39-48,conf/jurix/LundstromNH07,https://dblp.org/rec/conf/jurix/LundstromNH07
JURIX,2007,Conference and Workshop Papers,closed,Categorisation of Norms,Emile de Maat; Radboud Winkels,,http://www.booksonline.iospress.nl/Content/View.aspx?piid=7845,79-88,conf/jurix/MaatW07,https://dblp.org/rec/conf/jurix/MaatW07
JURIX,2007,Conference and Workshop Papers,closed,The development of a Content Management System for Environmental Legislation based on Version Management,Geert De Meyer; Greet Van Eetvelde,,http://www.booksonline.iospress.nl/Content/View.aspx?piid=7856,167-168,conf/jurix/MeyerE07,https://dblp.org/rec/conf/jurix/MeyerE07
JURIX,2007,Conference and Workshop Papers,closed,Study on Sentence Relations in the Automatic Detection of Argumentation in Legal Cases,Raquel Mochales Palau; Marie-Francine Moens,,http://www.booksonline.iospress.nl/Content/View.aspx?piid=7846,89-98,conf/jurix/PalauM07,https://dblp.org/rec/conf/jurix/PalauM07
JURIX,2007,Conference and Workshop Papers,closed,Success chances in argument games: a probabilistic approach to legal disputes,Régis Riveret; Antonino Rotolo; Giovanni Sartor; Henry Prakken; Bram Roth,,http://www.booksonline.iospress.nl/Content/View.aspx?piid=7847,99-108,conf/jurix/RiveretRSPR07,https://dblp.org/rec/conf/jurix/RiveretRSPR07
JURIX,2007,Conference and Workshop Papers,closed,Using Legal Ontology for Query Enhancement in Generating a Document Summary,M. Saravanan; Balaraman Ravindran; S. Raman,,http://www.booksonline.iospress.nl/Content/View.aspx?piid=7858,171-172,conf/jurix/SaravananRR07,https://dblp.org/rec/conf/jurix/SaravananRR07
JURIX,2007,Conference and Workshop Papers,closed,Beyond boxes and arrows: argumentation support in terms of the knowledge structure of a legal topic,Maaike Schweers; Bart Verheij,,http://www.booksonline.iospress.nl/Content/View.aspx?piid=7848,109-118,conf/jurix/SchweersV07,https://dblp.org/rec/conf/jurix/SchweersV07
JURIX,2007,Conference and Workshop Papers,closed,Legislative Information Websites: Designing Beyond Transparency,Anne L. Washington; Jeffrey C. Griffith,,http://www.booksonline.iospress.nl/Content/View.aspx?piid=7849,119-128,conf/jurix/WashingtonG07,https://dblp.org/rec/conf/jurix/WashingtonG07
JURIX,2007,Conference and Workshop Papers,closed,Explaining the Relevance of Court Decisions to Laymen,Gwen R. Wildeboer; Michel C. A. Klein; Elisabeth M. Uijttenbroek,,http://www.booksonline.iospress.nl/Content/View.aspx?piid=7850,129-138,conf/jurix/WildeboerKU07,https://dblp.org/rec/conf/jurix/WildeboerKU07
JURIX,2007,Conference and Workshop Papers,closed,Argument Schemes for Legal Case-based Reasoning,Adam Zachary Wyner; Trevor J. M. Bench-Capon,,http://www.booksonline.iospress.nl/Content/View.aspx?piid=7851,139-149,conf/jurix/WynerB07,https://dblp.org/rec/conf/jurix/WynerB07
JURIX,2007,Conference and Workshop Papers,closed,"Arguments, Values and Baseballs: Representation of Popov v. Hayashi",Adam Zachary Wyner; Trevor J. M. Bench-Capon; Katie Atkinson,,http://www.booksonline.iospress.nl/Content/View.aspx?piid=7852,151-160,conf/jurix/WynerBA07,https://dblp.org/rec/conf/jurix/WynerBA07
JURIX,2008,Editorship,unavailable,"Legal Knowledge and Information Systems - JURIX 2008: The Twenty-First Annual Conference on Legal Knowledge and Information Systems, Florence, Italy, 10-13 December 2008",Enrico Francesconi; Giovanni Sartor; Daniela Tiscornia,,,,conf/jurix/2008,https://dblp.org/rec/conf/jurix/2008
JURIX,2008,Conference and Workshop Papers,closed,A Process Model of Legal Argument with Hypotheticals,Kevin D. Ashley; Collin F. Lynch; Niels Pinkwart; Vincent Aleven,10.3233/978-1-58603-952-3-1,https://doi.org/10.3233/978-1-58603-952-3-1,1-10,conf/jurix/AshleyLPA08,https://dblp.org/rec/conf/jurix/AshleyLPA08
JURIX,2008,Conference and Workshop Papers,closed,Development of a mediation tool in Family Law: AssetDivider,Emilia Bellucci,10.3233/978-1-58603-952-3-88,https://doi.org/10.3233/978-1-58603-952-3-88,88-97,conf/jurix/Bellucci08,https://dblp.org/rec/conf/jurix/Bellucci08
JURIX,2008,Conference and Workshop Papers,closed,Did He Jump or Was He Pushed? Abductive Practical Reasoning,Floris Bex; Trevor J. M. Bench-Capon; Katie Atkinson,10.3233/978-1-58603-952-3-138,https://doi.org/10.3233/978-1-58603-952-3-138,138-149,conf/jurix/BexBA08,https://dblp.org/rec/conf/jurix/BexBA08
JURIX,2008,Conference and Workshop Papers,closed,Formal Aspects of Legislative Meta-Drafting,Carlo Biagioli; Davide Grossi,10.3233/978-1-58603-952-3-192,https://doi.org/10.3233/978-1-58603-952-3-192,192-201,conf/jurix/BiagioliG08,https://dblp.org/rec/conf/jurix/BiagioliG08
JURIX,2008,Conference and Workshop Papers,closed,Representing narrative and testimonial knowledge in sense-making software for crime analysis,Susan W. van den Braak; Herre van Oostendorp; Henry Prakken; Gerard Vreeswijk,10.3233/978-1-58603-952-3-160,https://doi.org/10.3233/978-1-58603-952-3-160,160-169,conf/jurix/BraakOPV08,https://dblp.org/rec/conf/jurix/BraakOPV08
JURIX,2008,Conference and Workshop Papers,closed,Towards Semantic Interpretation of Legal Modifications through Deep Syntactic Analysis,Raffaella Brighi; Leonardo Lesmo; Alessandro Mazzei; Monica Palmirani; Daniele Paolo Radicioni,10.3233/978-1-58603-952-3-202,https://doi.org/10.3233/978-1-58603-952-3-202,202-206,conf/jurix/BrighiLMPR08,https://dblp.org/rec/conf/jurix/BrighiLMPR08
JURIX,2008,Conference and Workshop Papers,closed,EXPERTIUS: A Mexican Judicial Decision-Support System in the Field of Family Law,Enrique Cáceres,10.3233/978-1-58603-952-3-78,https://doi.org/10.3233/978-1-58603-952-3-78,78-87,conf/jurix/Caceres08,https://dblp.org/rec/conf/jurix/Caceres08
JURIX,2008,Conference and Workshop Papers,closed,Legal Knowledge Representation: A Twofold Experience in the Domain of Intellectual Property Law,Giuseppe Contissa; Migle Laukyte,10.3233/978-1-58603-952-3-98,https://doi.org/10.3233/978-1-58603-952-3-98,98-107,conf/jurix/ContissaL08,https://dblp.org/rec/conf/jurix/ContissaL08
JURIX,2008,Conference and Workshop Papers,closed,Police Investigation Management System Based on the Workflow Technology,Jolanta Cybulka; Czeslaw Jedrzejek; Jacek Martinek,10.3233/978-1-58603-952-3-150,https://doi.org/10.3233/978-1-58603-952-3-150,150-159,conf/jurix/CybulkaJM08,https://dblp.org/rec/conf/jurix/CybulkaJM08
JURIX,2008,Conference and Workshop Papers,closed,Modular Argumentation For Modelling Legal Doctrines in Common Law of Contract,Phan Minh Dung; Phan Minh Thang,10.3233/978-1-58603-952-3-108,https://doi.org/10.3233/978-1-58603-952-3-108,108-117,conf/jurix/DungT08,https://dblp.org/rec/conf/jurix/DungT08
JURIX,2008,Conference and Workshop Papers,closed,Thesauri Alignment for EU eGovernment Services: a Methodological Framework,Enrico Francesconi; Sebastiano Faro; Elisabetta Marinai,10.3233/978-1-58603-952-3-73,https://doi.org/10.3233/978-1-58603-952-3-73,73-77,conf/jurix/FrancesconiFM08,https://dblp.org/rec/conf/jurix/FrancesconiFM08
JURIX,2008,Conference and Workshop Papers,closed,An Algorithm for Business Process Compliance,Guido Governatori; Antonino Rotolo,10.3233/978-1-58603-952-3-186,https://doi.org/10.3233/978-1-58603-952-3-186,186-191,conf/jurix/GovernatoriR08,https://dblp.org/rec/conf/jurix/GovernatoriR08
JURIX,2008,Conference and Workshop Papers,closed,A Compliance Model of Trust,Guido Governatori; Subhasis Thakur; Duy Hoang Pham,10.3233/978-1-58603-952-3-118,https://doi.org/10.3233/978-1-58603-952-3-118,118-127,conf/jurix/GovernatoriTP08,https://dblp.org/rec/conf/jurix/GovernatoriTP08
JURIX,2008,Conference and Workshop Papers,closed,Automatic Classification of Sentences in Dutch Laws,Emile de Maat; Radboud Winkels,10.3233/978-1-58603-952-3-207,https://doi.org/10.3233/978-1-58603-952-3-207,207-216,conf/jurix/MaatW08,https://dblp.org/rec/conf/jurix/MaatW08
JURIX,2008,Conference and Workshop Papers,closed,Concept and Context in Legal Information Retrieval,K. Tamsin Maxwell; Burkhard Schafer,10.3233/978-1-58603-952-3-63,https://doi.org/10.3233/978-1-58603-952-3-63,63-72,conf/jurix/MaxwellS08,https://dblp.org/rec/conf/jurix/MaxwellS08
JURIX,2008,Conference and Workshop Papers,closed,European Judicial Collaboration Platform (JCP) for Secure International Judicial Collaboration,Elisa Negroni; Katherine Davies; Mauro Cislaghi; George Eleftherakis; Sara Ferri,10.3233/978-1-58603-952-3-33,https://doi.org/10.3233/978-1-58603-952-3-33,33-42,conf/jurix/NegroniDCEF08,https://dblp.org/rec/conf/jurix/NegroniDCEF08
JURIX,2008,Conference and Workshop Papers,closed,Finding Case Law on a European Scale - Current Practice and Future Work,Marc van Opijnen,10.3233/978-1-58603-952-3-43,https://doi.org/10.3233/978-1-58603-952-3-43,43-52,conf/jurix/Opijnen08,https://dblp.org/rec/conf/jurix/Opijnen08
JURIX,2008,Conference and Workshop Papers,closed,Study on the Structure of Argumentation in Case Law,Raquel Mochales Palau; Marie-Francine Moens,10.3233/978-1-58603-952-3-11,https://doi.org/10.3233/978-1-58603-952-3-11,11-20,conf/jurix/PalauM08,https://dblp.org/rec/conf/jurix/PalauM08
JURIX,2008,Conference and Workshop Papers,closed,More on Presumptions and Burdens of Proof,Henry Prakken; Giovanni Sartor,10.3233/978-1-58603-952-3-176,https://doi.org/10.3233/978-1-58603-952-3-176,176-185,conf/jurix/PrakkenS08,https://dblp.org/rec/conf/jurix/PrakkenS08
JURIX,2008,Conference and Workshop Papers,closed,Personalized and On-Demand Retrieval of Parliamentary Proceedings with Social Feedback on Elected Representatives,Elena Sánchez-Nielsen; Francisco Chávez-Gutiérrez,10.3233/978-1-58603-952-3-53,https://doi.org/10.3233/978-1-58603-952-3-53,53-62,conf/jurix/Sanchez-NielsenC08,https://dblp.org/rec/conf/jurix/Sanchez-NielsenC08
JURIX,2008,Conference and Workshop Papers,closed,Automated Legal Assessment in OWL 2,Saskia van de Ven; Joost Breuker; Rinke Hoekstra; Lars Wortel,10.3233/978-1-58603-952-3-170,https://doi.org/10.3233/978-1-58603-952-3-170,170-175,conf/jurix/VenBHW08,https://dblp.org/rec/conf/jurix/VenBHW08
JURIX,2008,Conference and Workshop Papers,closed,About the logical relations between cases and rules,Bart Verheij,10.3233/978-1-58603-952-3-21,https://doi.org/10.3233/978-1-58603-952-3-21,21-32,conf/jurix/Verheij08,https://dblp.org/rec/conf/jurix/Verheij08
JURIX,2008,Conference and Workshop Papers,closed,Argument Based Moderation of Benefit Assessment,Maya Wardeh; Trevor J. M. Bench-Capon; Frans Coenen,10.3233/978-1-58603-952-3-128,https://doi.org/10.3233/978-1-58603-952-3-128,128-137,conf/jurix/WardehBC08,https://dblp.org/rec/conf/jurix/WardehBC08
JURIX,2009,Editorship,unavailable,"Legal Knowledge and Information Systems - JURIX 2009: The Twenty-Second Annual Conference on Legal Knowledge and Information Systems, Rotterdam, The Netherlands, 16-18 December 2009",Guido Governatori,,,,conf/jurix/2009,https://dblp.org/rec/conf/jurix/2009
JURIX,2009,Conference and Workshop Papers,closed,"Legal &quot;Neutral Dialogue&quot;, Implementing the Work of Bruce Ackerman in the Field of Law",Antoni Abad-Ninet,10.1007/978-3-642-16524-5_14,https://doi.org/10.1007/978-3-642-16524-5_14,217-228,conf/jurix/Abad-Ninet09,https://dblp.org/rec/conf/jurix/Abad-Ninet09
JURIX,2009,Conference and Workshop Papers,closed,When a FrameNet-Style Knowledge Description Meets an Ontological Characterization of Fundamental Legal Concepts,Tommaso Agnoloni; Meritxell Fernández Barrera; Maria-Teresa Sagri; Daniela Tiscornia; Giulia Venturi,10.1007/978-3-642-16524-5_7,https://doi.org/10.1007/978-3-642-16524-5_7,93-112,conf/jurix/AgnoloniBSTV09,https://dblp.org/rec/conf/jurix/AgnoloniBSTV09
JURIX,2009,Conference and Workshop Papers,closed,Sailing the Semantic Seas by Structural Vessels: Problems and Perspectives for the Identification of Implicit Knowledge in the Legal Domain,Gianmaria Ajani; Piercarlo Rossi,10.1007/978-3-642-16524-5_3,https://doi.org/10.1007/978-3-642-16524-5_3,27-38,conf/jurix/AjaniR09,https://dblp.org/rec/conf/jurix/AjaniR09
JURIX,2009,Conference and Workshop Papers,closed,Prescriptive and Descriptive Obligations in Dynamic Epistemic Deontic Logic,Guillaume Aucher; Guido Boella; Leendert W. N. van der Torre,10.1007/978-3-642-16524-5_10,https://doi.org/10.1007/978-3-642-16524-5_10,150-161,conf/jurix/AucherBT09,https://dblp.org/rec/conf/jurix/AucherBT09
JURIX,2009,Conference and Workshop Papers,closed,Application of an Ontology-Based Model to a Selected Fraudulent Disbursement Economic Crime,Jaroslaw Bak; Czeslaw Jedrzejek,10.1007/978-3-642-16524-5_8,https://doi.org/10.1007/978-3-642-16524-5_8,113-132,conf/jurix/BakJ09,https://dblp.org/rec/conf/jurix/BakJ09
JURIX,2009,Conference and Workshop Papers,closed,Multi-layer Markup and Ontological Structures in Akoma Ntoso,Gioele Barabucci; Luca Cervone; Monica Palmirani; Silvio Peroni; Fabio Vitali,10.1007/978-3-642-16524-5_9,https://doi.org/10.1007/978-3-642-16524-5_9,133-149,conf/jurix/BarabucciCPPV09,https://dblp.org/rec/conf/jurix/BarabucciCPPV09
JURIX,2009,Conference and Workshop Papers,closed,XDTD as a Simple Validation Language for XML-based Legal Documents,Gioele Barabucci; Fabio Vitali,10.3233/978-1-60750-082-7-1,https://doi.org/10.3233/978-1-60750-082-7-1,1-10,conf/jurix/BarabucciV09,https://dblp.org/rec/conf/jurix/BarabucciV09
JURIX,2009,Conference and Workshop Papers,closed,A case study of hypothetical and value-based reasoning in US Supreme-Court cases,Trevor J. M. Bench-Capon; Henry Prakken,10.3233/978-1-60750-082-7-11,https://doi.org/10.3233/978-1-60750-082-7-11,11-20,conf/jurix/Bench-CaponP09,https://dblp.org/rec/conf/jurix/Bench-CaponP09
JURIX,2009,Conference and Workshop Papers,closed,"Lex Minus Dixit Quam Voluit, Lex Magis Dixit Quam Voluit: A Formal Study on Legal Compliance and Interpretation",Guido Boella; Guido Governatori; Antonino Rotolo; Leendert W. N. van der Torre,10.1007/978-3-642-16524-5_11,https://doi.org/10.1007/978-3-642-16524-5_11,162-183,conf/jurix/BoellaGRT09,https://dblp.org/rec/conf/jurix/BoellaGRT09
JURIX,2009,Conference and Workshop Papers,closed,Five Guidelines for Normative Multiagent Systems,Guido Boella; Gabriella Pigozzi; Leendert W. N. van der Torre,10.3233/978-1-60750-082-7-21,https://doi.org/10.3233/978-1-60750-082-7-21,21-30,conf/jurix/BoellaPT09,https://dblp.org/rec/conf/jurix/BoellaPT09
JURIX,2009,Conference and Workshop Papers,closed,MetaLex Naming Conventions and the Semantic Web,Alexander Boer,10.3233/978-1-60750-082-7-31,https://doi.org/10.3233/978-1-60750-082-7-31,31-36,conf/jurix/Boer09,https://dblp.org/rec/conf/jurix/Boer09
JURIX,2009,Conference and Workshop Papers,closed,Traceability and Change in Legal Requirements Engineering,Alexander Boer; Tom M. van Engers; Radboud Winkels,10.1007/978-3-642-16524-5_6,https://doi.org/10.1007/978-3-642-16524-5_6,74-92,conf/jurix/BoerEW09,https://dblp.org/rec/conf/jurix/BoerEW09
JURIX,2009,Conference and Workshop Papers,closed,Network Analysis of the French Environmental Code,Romain Boulet; Pierre Mazzega; Danièle Bourcier,10.1007/978-3-642-16524-5_4,https://doi.org/10.1007/978-3-642-16524-5_4,39-53,conf/jurix/BouletMB09,https://dblp.org/rec/conf/jurix/BouletMB09
JURIX,2009,Conference and Workshop Papers,closed,Rule-based versus Principle-based Regulatory Compliance,Brigitte Burgemeestre; Joris Hulstijn; Yao-Hua Tan,10.3233/978-1-60750-082-7-37,https://doi.org/10.3233/978-1-60750-082-7-37,37-46,conf/jurix/BurgemeestreHT09,https://dblp.org/rec/conf/jurix/BurgemeestreHT09
JURIX,2009,Conference and Workshop Papers,closed,The Legal Precedent in Online Dispute Resolution,Davide Carneiro; Paulo Novais; Francisco Andrade; John Zeleznikow; José Neves,10.3233/978-1-60750-082-7-47,https://doi.org/10.3233/978-1-60750-082-7-47,47-52,conf/jurix/CarneiroNAZN09,https://dblp.org/rec/conf/jurix/CarneiroNAZN09
JURIX,2009,Conference and Workshop Papers,closed,"Legal Electronic Institutions and ONTOMEDIA: Dialogue, Inventio, and Relational Justice Scenarios",Pompeu Casanovas,10.1007/978-3-642-16524-5_12,https://doi.org/10.1007/978-3-642-16524-5_12,184-204,conf/jurix/Casanovas09,https://dblp.org/rec/conf/jurix/Casanovas09
JURIX,2009,Conference and Workshop Papers,closed,Introduction: Complex Systems and Six Challenges for the Development of Law and the Semantic Web,Pompeu Casanovas; Ugo Pagallo; Giovanni Sartor; Gianmaria Ajani,10.1007/978-3-642-16524-5_1,https://doi.org/10.1007/978-3-642-16524-5_1,1-11,conf/jurix/CasanovasPSA09,https://dblp.org/rec/conf/jurix/CasanovasPSA09
JURIX,2009,Conference and Workshop Papers,closed,Emerald: Legal Knowledge Engineering Using OWL and Rules,András Förhécz; Gábor Korösi; András Millinghoffer; György Strausz,10.3233/978-1-60750-082-7-53,https://doi.org/10.3233/978-1-60750-082-7-53,53-58,conf/jurix/ForheczKMS09,https://dblp.org/rec/conf/jurix/ForheczKMS09
JURIX,2009,Conference and Workshop Papers,closed,An Approach to Legal Rules Modelling and Automatic Learning,Enrico Francesconi,10.3233/978-1-60750-082-7-59,https://doi.org/10.3233/978-1-60750-082-7-59,59-68,conf/jurix/Francesconi09,https://dblp.org/rec/conf/jurix/Francesconi09
JURIX,2009,Conference and Workshop Papers,closed,Legal Multimedia Management through JPEG2000 Framework,Jorge González-Conejero,10.1007/978-3-642-16524-5_15,https://doi.org/10.1007/978-3-642-16524-5_15,229-241,conf/jurix/Gonzalez-Conejero09,https://dblp.org/rec/conf/jurix/Gonzalez-Conejero09
JURIX,2009,Conference and Workshop Papers,closed,BestPortal: Lessons Learned in Lightweight Semantic Access to Court Proceedings,Rinke Hoekstra,10.3233/978-1-60750-082-7-69,https://doi.org/10.3233/978-1-60750-082-7-69,69-78,conf/jurix/Hoekstra09,https://dblp.org/rec/conf/jurix/Hoekstra09
JURIX,2009,Conference and Workshop Papers,closed,Link Analysis of Fuel Laundering Scams and Implications of Results for Scheme Understanding and Prosecutor Strategy,Czeslaw Jedrzejek; Maciej Falkowski; Maciej Smolenski,10.3233/978-1-60750-082-7-79,https://doi.org/10.3233/978-1-60750-082-7-79,79-88,conf/jurix/JedrzejekFS09,https://dblp.org/rec/conf/jurix/JedrzejekFS09
JURIX,2009,Conference and Workshop Papers,closed,Conceptions of Vagueness in Subjective Probability for Evidential Reasoning,Jeroen Keppens,10.3233/978-1-60750-082-7-89,https://doi.org/10.3233/978-1-60750-082-7-89,89-99,conf/jurix/Keppens09,https://dblp.org/rec/conf/jurix/Keppens09
JURIX,2009,Conference and Workshop Papers,closed,An Ontology for the Implementation of the EU Services Directive,Doris Liebwald,10.3233/978-1-60750-082-7-100,https://doi.org/10.3233/978-1-60750-082-7-100,100-105,conf/jurix/Liebwald09,https://dblp.org/rec/conf/jurix/Liebwald09
JURIX,2009,Conference and Workshop Papers,closed,Argument Diagramming and Diagnostic Reliability,Collin F. Lynch; Kevin D. Ashley; Niels Pinkwart; Vincent Aleven,10.3233/978-1-60750-082-7-106,https://doi.org/10.3233/978-1-60750-082-7-106,106-115,conf/jurix/LynchAPA09,https://dblp.org/rec/conf/jurix/LynchAPA09
JURIX,2009,Conference and Workshop Papers,closed,Automated Handling of Amending Documents and Resulting Consolidations,Emile de Maat; Saskia van de Ven; Radboud Winkels; Tom M. van Engers,10.3233/978-1-60750-082-7-116,https://doi.org/10.3233/978-1-60750-082-7-116,116-125,conf/jurix/MaatVWE09,https://dblp.org/rec/conf/jurix/MaatVWE09
JURIX,2009,Conference and Workshop Papers,closed,"Nice and Nasty Lawyers, is the Legal System to Blame? - Agent-based simulation insights",Eunate Mayor; Luis R. Izquierdo; Giovanni Sartor,10.3233/978-1-60750-082-7-126,https://doi.org/10.3233/978-1-60750-082-7-126,126-135,conf/jurix/MayorIS09,https://dblp.org/rec/conf/jurix/MayorIS09
JURIX,2009,Conference and Workshop Papers,closed,Exploiting Properties of Legislative Texts to Improve Classification Accuracy,Rob Opsomer; Geert De Meyer; Chris Cornelis; Greet Van Eetvelde,10.3233/978-1-60750-082-7-136,https://doi.org/10.3233/978-1-60750-082-7-136,136-145,conf/jurix/OpsomerMCE09,https://dblp.org/rec/conf/jurix/OpsomerMCE09
JURIX,2009,Conference and Workshop Papers,closed,"As Law Goes By: Topology, Ontology, Evolution",Ugo Pagallo,10.1007/978-3-642-16524-5_2,https://doi.org/10.1007/978-3-642-16524-5_2,12-26,conf/jurix/Pagallo09,https://dblp.org/rec/conf/jurix/Pagallo09
JURIX,2009,Conference and Workshop Papers,closed,Model Regularity of Legal Language in Active Modifications,Monica Palmirani; Raffaella Brighi,10.1007/978-3-642-16524-5_5,https://doi.org/10.1007/978-3-642-16524-5_5,54-73,conf/jurix/PalmiraniB09,https://dblp.org/rec/conf/jurix/PalmiraniB09
JURIX,2009,Conference and Workshop Papers,closed,Legal Change Management with a Native XML Repository,Monica Palmirani; Luca Cervone,10.3233/978-1-60750-082-7-146,https://doi.org/10.3233/978-1-60750-082-7-146,146-155,conf/jurix/PalmiraniC09,https://dblp.org/rec/conf/jurix/PalmiraniC09
JURIX,2009,Conference and Workshop Papers,closed,STIA: Experience of Semantic Annotation in Jurisprudence Domain,Maria Teresa Pazienza; Noemi Scarpato; Armando Stellato,10.3233/978-1-60750-082-7-156,https://doi.org/10.3233/978-1-60750-082-7-156,156-161,conf/jurix/PazienzaSS09,https://dblp.org/rec/conf/jurix/PazienzaSS09
JURIX,2009,Conference and Workshop Papers,closed,"Mediation, ODR, and the Web 2.0: A Case for Relational Justice",Marta Poblet; Pompeu Casanovas; José Manuel López Cobo; Alvaro Cabrerizo; Juan Antonio Prieto,10.1007/978-3-642-16524-5_13,https://doi.org/10.1007/978-3-642-16524-5_13,205-216,conf/jurix/PobletCCCP09,https://dblp.org/rec/conf/jurix/PobletCCCP09
JURIX,2009,Conference and Workshop Papers,closed,Translating the Japanese Presupposed Ultimate Fact Theory into Logic Programming,Ken Satoh; Masahiro Kubota; Yoshiaki Nishigai; Chiaki Takano,10.3233/978-1-60750-082-7-162,https://doi.org/10.3233/978-1-60750-082-7-162,162-171,conf/jurix/SatohKNT09,https://dblp.org/rec/conf/jurix/SatohKNT09
JURIX,2009,Conference and Workshop Papers,closed,Generating Cases for E-Learning,Michael Sonntag,10.3233/978-1-60750-082-7-172,https://doi.org/10.3233/978-1-60750-082-7-172,172-181,conf/jurix/Sonntag09,https://dblp.org/rec/conf/jurix/Sonntag09
JURIX,2009,Conference and Workshop Papers,closed,Dealing with Changes to Legislation in Networked Environments,Saskia van de Ven; Alexander Boer; Tom M. van Engers,10.3233/978-1-60750-082-7-182,https://doi.org/10.3233/978-1-60750-082-7-182,182-187,conf/jurix/VenBE09,https://dblp.org/rec/conf/jurix/VenBE09
JURIX,2010,Editorship,,"AI Approaches to the Complexity of Legal Systems. Complex Systems, the Semantic Web, Ontologies, Argumentation, and Dialogue - International Workshops AICOL-I/IVR-XXIV Beijing, China, September 19, 2009 and AICOL-II/JURIX 2009, Rotterdam,The Netherlands, December 16, 2009 Revised Selected Papers",Pompeu Casanovas; Ugo Pagallo; Giovanni Sartor; Gianmaria Ajani,10.1007/978-3-642-16524-5,https://doi.org/10.1007/978-3-642-16524-5,,conf/jurix/2009aicol,https://dblp.org/rec/conf/jurix/2009aicol
JURIX,2010,Editorship,unavailable,"Legal Knowledge and Information Systems - JURIX 2010: The Twenty-Third Annual Conference on Legal Knowledge and Information Systems, Liverpool, UK, 16-17 December 2010",Radboud Winkels,,,,conf/jurix/2010,https://dblp.org/rec/conf/jurix/2010
JURIX,2010,Conference and Workshop Papers,closed,Balancing of Legal Principles and Constraint Satisfaction,Michal Araszkiewicz,10.3233/978-1-60750-682-9-7,https://doi.org/10.3233/978-1-60750-682-9-7,7-16,conf/jurix/Araszkiewicz10,https://dblp.org/rec/conf/jurix/Araszkiewicz10
JURIX,2010,Conference and Workshop Papers,closed,Sharing Knowledge by Conceptual Mapping: the case of EU Thesaural Interoperability,Giacomo Bartoloni; Enrico Francesconi,10.3233/978-1-60750-682-9-17,https://doi.org/10.3233/978-1-60750-682-9-17,17-26,conf/jurix/BartoloniF10,https://dblp.org/rec/conf/jurix/BartoloniF10
JURIX,2010,Conference and Workshop Papers,closed,A Formal System for Analyzing Conveyances of Property Under the Common Law,Shawn J. Bayern,10.3233/978-1-60750-682-9-139,https://doi.org/10.3233/978-1-60750-682-9-139,139-142,conf/jurix/Bayern10,https://dblp.org/rec/conf/jurix/Bayern10
JURIX,2010,Conference and Workshop Papers,closed,A lightweight formal model of two-phase democratic deliberation,Trevor J. M. Bench-Capon; Henry Prakken,10.3233/978-1-60750-682-9-27,https://doi.org/10.3233/978-1-60750-682-9-27,27-36,conf/jurix/Bench-CaponP10,https://dblp.org/rec/conf/jurix/Bench-CaponP10
JURIX,2010,Conference and Workshop Papers,closed,Burdens and Standards of Proof for Inference to the Best Explanation,Floris Bex; Douglas Walton,10.3233/978-1-60750-682-9-37,https://doi.org/10.3233/978-1-60750-682-9-37,37-46,conf/jurix/BexW10,https://dblp.org/rec/conf/jurix/BexW10
JURIX,2010,Conference and Workshop Papers,closed,Generic Problem Solving Tasks and Agent Roles in Public Administration,Alexander Boer; Tom M. van Engers,10.3233/978-1-60750-682-9-47,https://doi.org/10.3233/978-1-60750-682-9-47,47-56,conf/jurix/BoerE10,https://dblp.org/rec/conf/jurix/BoerE10
JURIX,2010,Conference and Workshop Papers,closed,Interagency data exchange protocols as computational data protection law,William J. Buchanan; Lu Fan; Alistair Lawson; Burkhard Schafer; Russel Scott; Christoph Thuemmler; Omair Uthmani,10.3233/978-1-60750-682-9-143,https://doi.org/10.3233/978-1-60750-682-9-143,143-146,conf/jurix/BuchananFLSSTU10,https://dblp.org/rec/conf/jurix/BuchananFLSSTU10
JURIX,2010,Conference and Workshop Papers,closed,A Legal Decision Support Guide for Owners Corporation Cases,Peter Condliffe; Brooke Abrahams; John Zeleznikow,10.3233/978-1-60750-682-9-147,https://doi.org/10.3233/978-1-60750-682-9-147,147-150,conf/jurix/CondliffeAZ10,https://dblp.org/rec/conf/jurix/CondliffeAZ10
JURIX,2010,Conference and Workshop Papers,closed,Model Checking Legal Documents,Daniel Gorín; Sergio Mera; Fernando Schapachnik,10.3233/978-1-60750-682-9-151,https://doi.org/10.3233/978-1-60750-682-9-151,151-154,conf/jurix/GorinMS10,https://dblp.org/rec/conf/jurix/GorinMS10
JURIX,2010,Conference and Workshop Papers,closed,Burdens of Proof in Monological Argumentation,Guido Governatori; Giovanni Sartor,10.3233/978-1-60750-682-9-57,https://doi.org/10.3233/978-1-60750-682-9-57,57-66,conf/jurix/GovernatoriS10,https://dblp.org/rec/conf/jurix/GovernatoriS10
JURIX,2010,Conference and Workshop Papers,closed,Argumentation with Value Judgments - An Example of Hypothetical Reasoning,Matthias Grabmair; Kevin D. Ashley,10.3233/978-1-60750-682-9-67,https://doi.org/10.3233/978-1-60750-682-9-67,67-76,conf/jurix/GrabmairA10,https://dblp.org/rec/conf/jurix/GrabmairA10
JURIX,2010,Conference and Workshop Papers,closed,Intuitionistic Logic and Legal Ontologies,Edward Hermann Haeusler; Valeria de Paiva; Alexandre Rademaker,10.3233/978-1-60750-682-9-155,https://doi.org/10.3233/978-1-60750-682-9-155,155-158,conf/jurix/HaeuslerPR10,https://dblp.org/rec/conf/jurix/HaeuslerPR10
JURIX,2010,Conference and Workshop Papers,closed,Reasoning about Normative Systems,Wiebe van der Hoek,10.3233/978-1-60750-682-9-3,https://doi.org/10.3233/978-1-60750-682-9-3,3,conf/jurix/Hoek10,https://dblp.org/rec/conf/jurix/Hoek10
JURIX,2010,Conference and Workshop Papers,closed,Case Frames as Contextual Mappings to Case Law in BestPortal,Rinke Hoekstra; Arno R. Lodder; Frank van Harmelen,10.3233/978-1-60750-682-9-77,https://doi.org/10.3233/978-1-60750-682-9-77,77-86,conf/jurix/HoekstraLH10,https://dblp.org/rec/conf/jurix/HoekstraLH10
JURIX,2010,Conference and Workshop Papers,closed,Machine Learning versus Knowledge Based Classification of Legal Texts,Emile de Maat; Kai Krabben; Radboud Winkels,10.3233/978-1-60750-682-9-87,https://doi.org/10.3233/978-1-60750-682-9-87,87-96,conf/jurix/MaatKW10,https://dblp.org/rec/conf/jurix/MaatKW10
JURIX,2010,Conference and Workshop Papers,closed,Canonicalizing Complex Case Law Citations,Marc van Opijnen,10.3233/978-1-60750-682-9-97,https://doi.org/10.3233/978-1-60750-682-9-97,97-106,conf/jurix/Opijnen10,https://dblp.org/rec/conf/jurix/Opijnen10
JURIX,2010,Conference and Workshop Papers,closed,Temporal Dimensions in Rules Modelling,Monica Palmirani; Guido Governatori; Giuseppe Contissa,10.3233/978-1-60750-682-9-159,https://doi.org/10.3233/978-1-60750-682-9-159,159-162,conf/jurix/PalmiraniGC10,https://dblp.org/rec/conf/jurix/PalmiraniGC10
JURIX,2010,Conference and Workshop Papers,closed,Update Legal Documents Using Hierarchical Ranking Models and Word Clustering,Minh Quang Nhat Pham; Minh Le Nguyen; Akira Shimazu,10.3233/978-1-60750-682-9-163,https://doi.org/10.3233/978-1-60750-682-9-163,163-166,conf/jurix/PhamNS10,https://dblp.org/rec/conf/jurix/PhamNS10
JURIX,2010,Conference and Workshop Papers,closed,Towards Measuring User Query Tendency for Legal Document Retrieval,Henok Sahilu; Solomon Atnafu,10.3233/978-1-60750-682-9-167,https://doi.org/10.3233/978-1-60750-682-9-167,167-170,conf/jurix/SahiluA10,https://dblp.org/rec/conf/jurix/SahiluA10
JURIX,2010,Conference and Workshop Papers,closed,Written Laws are Like Spiders Webs,John Sheridan,10.3233/978-1-60750-682-9-4,https://doi.org/10.3233/978-1-60750-682-9-4,4,conf/jurix/Sheridan10,https://dblp.org/rec/conf/jurix/Sheridan10
JURIX,2010,Conference and Workshop Papers,closed,Representations of Time within Normative MAS,Clara Smith; Antonino Rotolo; Giovanni Sartor,10.3233/978-1-60750-682-9-107,https://doi.org/10.3233/978-1-60750-682-9-107,107-116,conf/jurix/SmithRS10,https://dblp.org/rec/conf/jurix/SmithRS10
JURIX,2010,Conference and Workshop Papers,closed,Semantic Analysis of Paragraphs Consisting of Multiple Sentences - Towards Development of a Logical Formulation System,Kenji Takano; Makoto Nakamura; Yoshiko Oyama; Akira Shimazu,10.3233/978-1-60750-682-9-117,https://doi.org/10.3233/978-1-60750-682-9-117,117-126,conf/jurix/TakanoNOS10,https://dblp.org/rec/conf/jurix/TakanoNOS10
JURIX,2010,Conference and Workshop Papers,closed,An alternative method for computerized legal text restructuring,Ermo Täks; Ahti Lohk,10.3233/978-1-60750-682-9-171,https://doi.org/10.3233/978-1-60750-682-9-171,171-174,conf/jurix/TaksL10,https://dblp.org/rec/conf/jurix/TaksL10
JURIX,2010,Conference and Workshop Papers,closed,Lexical Semantics and Expert Legal Knowledge towards the Identification of Legal Case Factors,Adam Z. Wyner; Wim Peters,10.3233/978-1-60750-682-9-127,https://doi.org/10.3233/978-1-60750-682-9-127,127-136,conf/jurix/WynerP10,https://dblp.org/rec/conf/jurix/WynerP10
JURIX,2011,Editorship,,"Legal Knowledge and Information Systems - JURIX 2011: The Twenty-Fourth Annual Conference, University of Vienna, Austria, 14th-16th December 2011",Katie Atkinson,,http://www.booksonline.iospress.nl/Content/View.aspx?piid=26386,,conf/jurix/2011,https://dblp.org/rec/conf/jurix/2011
JURIX,2011,Conference and Workshop Papers,closed,System for Detection of Illegal Drugs E-Trading,Witold Abramowicz; Piotr Stolarski; Agata Filipowska; Bartosz Perkowski; Krzysztof Wecel,10.3233/978-1-60750-981-3-163,https://doi.org/10.3233/978-1-60750-981-3-163,163-164,conf/jurix/AbramowiczSFPW11,https://dblp.org/rec/conf/jurix/AbramowiczSFPW11
JURIX,2011,Conference and Workshop Papers,closed,Two Methods for Representing Judicial Reasoning in the Framework of Coherence as Constraint Satisfaction,Michal Araszkiewicz; Jaromír Savelka,10.3233/978-1-60750-981-3-165,https://doi.org/10.3233/978-1-60750-981-3-165,165-166,conf/jurix/AraszkiewiczS11,https://dblp.org/rec/conf/jurix/AraszkiewiczS11
JURIX,2011,Conference and Workshop Papers,closed,Toward AI-enhanced Computer-supported Peer Review in Legal Education,Kevin D. Ashley; Ilya M. Goldin,10.3233/978-1-60750-981-3-3,https://doi.org/10.3233/978-1-60750-981-3-3,3-12,conf/jurix/AshleyG11,https://dblp.org/rec/conf/jurix/AshleyG11
JURIX,2011,Conference and Workshop Papers,closed,Relating Values in a Series of Supreme Court Decisions,Trevor J. M. Bench-Capon,10.3233/978-1-60750-981-3-13,https://doi.org/10.3233/978-1-60750-981-3-13,13-22,conf/jurix/Bench-Capon11,https://dblp.org/rec/conf/jurix/Bench-Capon11
JURIX,2011,Conference and Workshop Papers,closed,What Makes a Story Plausible? The Need for Precedents,Floris Bex; Trevor J. M. Bench-Capon; Bart Verheij,10.3233/978-1-60750-981-3-23,https://doi.org/10.3233/978-1-60750-981-3-23,23-32,conf/jurix/BexBV11,https://dblp.org/rec/conf/jurix/BexBV11
JURIX,2011,Conference and Workshop Papers,closed,Implementing Compliance Controls in Public Administration,Alexander Boer; Tom M. van Engers,10.3233/978-1-60750-981-3-33,https://doi.org/10.3233/978-1-60750-981-3-33,33-42,conf/jurix/BoerE11,https://dblp.org/rec/conf/jurix/BoerE11
JURIX,2011,Conference and Workshop Papers,closed,Automatic Classification of Personal Conflict Styles in Conflict Resolution,Davide Carneiro; Marco Gomes; Paulo Novais; Francisco Andrade; José Neves,10.3233/978-1-60750-981-3-43,https://doi.org/10.3233/978-1-60750-981-3-43,43-52,conf/jurix/CarneiroGNAN11,https://dblp.org/rec/conf/jurix/CarneiroGNAN11
JURIX,2011,Conference and Workshop Papers,closed,Adapting Software Metrics to Analyze the Evolution of Laws - An Italian Case Study,Aaron Ciaghi; Andrea Dalla Valle; Adolfo Villafiorita,10.3233/978-1-60750-981-3-53,https://doi.org/10.3233/978-1-60750-981-3-53,53-62,conf/jurix/CiaghiVV11,https://dblp.org/rec/conf/jurix/CiaghiVV11
JURIX,2011,Conference and Workshop Papers,closed,A Twofold Parsing Strategy for Italian Court Decisions,Enrico Francesconi; Tommaso Pratelli,10.3233/978-1-60750-981-3-125,https://doi.org/10.3233/978-1-60750-981-3-125,125-129,conf/jurix/FrancesconiP11,https://dblp.org/rec/conf/jurix/FrancesconiP11
JURIX,2011,Conference and Workshop Papers,closed,Three Concepts of Defeasible Permission,Guido Governatori; Francesco Olivieri; Antonino Rotolo; Simone Scannapieco,10.3233/978-1-60750-981-3-63,https://doi.org/10.3233/978-1-60750-981-3-63,63-72,conf/jurix/GovernatoriORS11,https://dblp.org/rec/conf/jurix/GovernatoriORS11
JURIX,2011,Conference and Workshop Papers,closed,Toward Extracting Information from Public Health Statutes using Text Classification Machine Learning,Matthias Grabmair; Kevin D. Ashley; Rebecca Hwa; Patricia M. Sweeney,10.3233/978-1-60750-981-3-73,https://doi.org/10.3233/978-1-60750-981-3-73,73-82,conf/jurix/GrabmairAHS11,https://dblp.org/rec/conf/jurix/GrabmairAHS11
JURIX,2011,Conference and Workshop Papers,closed,On the Detection and Analysis of VAT Carousel Crime,Czeslaw Jedrzejek; Jaroslaw Bak; Maciej Falkowski; Jolanta Cybulka; Maciej Nowak,10.3233/978-1-60750-981-3-130,https://doi.org/10.3233/978-1-60750-981-3-130,130-134,conf/jurix/JedrzejekBFCN11,https://dblp.org/rec/conf/jurix/JedrzejekBFCN11
JURIX,2011,Conference and Workshop Papers,closed,Legal N-Grams? A Simple Approach to Track the Evolution of Legal Language,Daniel Martin Katz; Michael J. Bommarito II; Julie Seaman; Eugene Agichtein,10.3233/978-1-60750-981-3-167,https://doi.org/10.3233/978-1-60750-981-3-167,167-168,conf/jurix/KatzBSA11,https://dblp.org/rec/conf/jurix/KatzBSA11
JURIX,2011,Conference and Workshop Papers,closed,Privacy Rule Definition Language - A Multi-stakeholder Approach to ENDORSE Privacy,Thomas Kurz; C. Ruecker; Thomas J. Lampoltshammer; Thomas Heistracher,10.3233/978-1-60750-981-3-135,https://doi.org/10.3233/978-1-60750-981-3-135,135-139,conf/jurix/KurzRLH11,https://dblp.org/rec/conf/jurix/KurzRLH11
JURIX,2011,Conference and Workshop Papers,closed,"Permissions in Contracts, a Logical Insight",Gordon J. Pace; Fernando Schapachnik,10.3233/978-1-60750-981-3-140,https://doi.org/10.3233/978-1-60750-981-3-140,140-144,conf/jurix/PaceS11,https://dblp.org/rec/conf/jurix/PaceS11
JURIX,2011,Conference and Workshop Papers,closed,Author Attribution in US Supreme Court Decisions,Craig Pfeifer,10.3233/978-1-60750-981-3-145,https://doi.org/10.3233/978-1-60750-981-3-145,145-149,conf/jurix/Pfeifer11,https://dblp.org/rec/conf/jurix/Pfeifer11
JURIX,2011,Conference and Workshop Papers,closed,On modelling burdens and standards of proof in structured argumentation,Henry Prakken; Giovanni Sartor,10.3233/978-1-60750-981-3-83,https://doi.org/10.3233/978-1-60750-981-3-83,83-92,conf/jurix/PrakkenS11,https://dblp.org/rec/conf/jurix/PrakkenS11
JURIX,2011,Conference and Workshop Papers,closed,Populating an Online Consultation Tool,Sarah Pulfrey-Taylor; Emily Henthorn; Katie Atkinson; Adam Z. Wyner; Trevor J. M. Bench-Capon,10.3233/978-1-60750-981-3-150,https://doi.org/10.3233/978-1-60750-981-3-150,150-154,conf/jurix/Pulfrey-TaylorHAWB11,https://dblp.org/rec/conf/jurix/Pulfrey-TaylorHAWB11
JURIX,2011,Conference and Workshop Papers,closed,An experiment to find the deep structure of Estonian legislation,Ermo Täks; Leo Vohandu; Ahti Lohk; Innar Liiv,10.3233/978-1-60750-981-3-93,https://doi.org/10.3233/978-1-60750-981-3-93,93-102,conf/jurix/TaksVLL11,https://dblp.org/rec/conf/jurix/TaksVLL11
JURIX,2011,Conference and Workshop Papers,closed,Determining Authority of Dutch Case Law,Radboud Winkels; Jelle de Ruyter; Henryk Kroese,10.3233/978-1-60750-981-3-103,https://doi.org/10.3233/978-1-60750-981-3-103,103-112,conf/jurix/WinkelsRK11,https://dblp.org/rec/conf/jurix/WinkelsRK11
JURIX,2011,Conference and Workshop Papers,closed,On Rule Extraction from Regulations,Adam Z. Wyner; Wim Peters,10.3233/978-1-60750-981-3-113,https://doi.org/10.3233/978-1-60750-981-3-113,113-122,conf/jurix/WynerP11,https://dblp.org/rec/conf/jurix/WynerP11
JURIX,2011,Conference and Workshop Papers,closed,Instrumental Inference in Legal Expert System,Tomasz Zurek,10.3233/978-1-60750-981-3-155,https://doi.org/10.3233/978-1-60750-981-3-155,155-159,conf/jurix/Zurek11,https://dblp.org/rec/conf/jurix/Zurek11
JURIX,2012,Editorship,,"Legal Knowledge and Information Systems - JURIX 2012: The Twenty-Fifth Annual Conference, University of Amsterdam, The Netherlands, 17-19 December 2012",Burkhard Schäfer,,http://www.booksonline.iospress.nl/Content/View.aspx?piid=32753,,conf/jurix/2012,https://dblp.org/rec/conf/jurix/2012
JURIX,2012,Conference and Workshop Papers,closed,Refined Coherence as Constraint Satisfaction Framework for Representing Judicial Reasoning,Michal Araszkiewicz; Jaromír Savelka,10.3233/978-1-61499-167-0-1,https://doi.org/10.3233/978-1-61499-167-0-1,1-10,conf/jurix/AraszkiewiczS12,https://dblp.org/rec/conf/jurix/AraszkiewiczS12
JURIX,2012,Conference and Workshop Papers,closed,What Makes a System a Legal Expert?,Trevor J. M. Bench-Capon,10.3233/978-1-61499-167-0-11,https://doi.org/10.3233/978-1-61499-167-0-11,11-20,conf/jurix/Bench-Capon12,https://dblp.org/rec/conf/jurix/Bench-Capon12
JURIX,2012,Conference and Workshop Papers,closed,Multi-label Classification of Legislative Text into EuroVoc,Guido Boella; Luigi Di Caro; Leonardo Lesmo; Daniele Rispoli; Livio Robaldo,10.3233/978-1-61499-167-0-21,https://doi.org/10.3233/978-1-61499-167-0-21,21-30,conf/jurix/BoellaCLRR12,https://dblp.org/rec/conf/jurix/BoellaCLRR12
JURIX,2012,Conference and Workshop Papers,closed,Computational data protection law: trusting each other offline and online,William J. Buchanan; Lu Fan; Alistair Lawson; Burkhard Schafer; Russel Scott; Christoph Thuemmler; Omair Uthmani,10.3233/978-1-61499-167-0-31,https://doi.org/10.3233/978-1-61499-167-0-31,31-40,conf/jurix/BuchananFLSSTU12,https://dblp.org/rec/conf/jurix/BuchananFLSSTU12
JURIX,2012,Conference and Workshop Papers,closed,Supporting Transnational Judicial Procedures between European Member States: the e-Codex Project,Enrico Francesconi,10.3233/978-1-61499-167-0-41,https://doi.org/10.3233/978-1-61499-167-0-41,41-50,conf/jurix/Francesconi12,https://dblp.org/rec/conf/jurix/Francesconi12
JURIX,2012,Conference and Workshop Papers,closed,Narrowing Legal Concepts,Guido Governatori; Francesco Olivieri; Antonino Rotolo; Simone Scannapieco,10.3233/978-1-61499-167-0-51,https://doi.org/10.3233/978-1-61499-167-0-51,51-60,conf/jurix/GovernatoriORS12,https://dblp.org/rec/conf/jurix/GovernatoriORS12
JURIX,2012,Conference and Workshop Papers,closed,Argument Analysis with Factor Annotation Tool,Shumpei Kubosawa; Youwei Lu; Shogo Okada; Katsumi Nitta,10.3233/978-1-61499-167-0-61,https://doi.org/10.3233/978-1-61499-167-0-61,61-70,conf/jurix/KubosawaLON12,https://dblp.org/rec/conf/jurix/KubosawaLON12
JURIX,2012,Conference and Workshop Papers,closed,An argumentation model of evidential reasoning with variable degrees of justification,QingYin Liang; Bin Wei,10.3233/978-1-61499-167-0-71,https://doi.org/10.3233/978-1-61499-167-0-71,71-80,conf/jurix/LiangW12,https://dblp.org/rec/conf/jurix/LiangW12
JURIX,2012,Conference and Workshop Papers,closed,Comparing Argument Diagrams,Collin F. Lynch; Kevin D. Ashley; Mohammad Hassan Falakmasir,10.3233/978-1-61499-167-0-81,https://doi.org/10.3233/978-1-61499-167-0-81,81-90,conf/jurix/LynchAF12,https://dblp.org/rec/conf/jurix/LynchAF12
JURIX,2012,Conference and Workshop Papers,closed,ThinkData: a Data Protection and Transparency Awareness Service based on Storytelling,Jean-Henry Morin; Olivier Glassey,10.3233/978-1-61499-167-0-91,https://doi.org/10.3233/978-1-61499-167-0-91,91-94,conf/jurix/MorinG12,https://dblp.org/rec/conf/jurix/MorinG12
JURIX,2012,Conference and Workshop Papers,closed,Citation Analysis and Beyond: in Search of Indicators Measuring Case Law Importance,Marc van Opijnen,10.3233/978-1-61499-167-0-95,https://doi.org/10.3233/978-1-61499-167-0-95,95-104,conf/jurix/Opijnen12,https://dblp.org/rec/conf/jurix/Opijnen12
JURIX,2012,Conference and Workshop Papers,closed,Types of Rights in Two-Party Systems: A Formal Analysis,Gordon J. Pace; Fernando Schapachnik,10.3233/978-1-61499-167-0-105,https://doi.org/10.3233/978-1-61499-167-0-105,105-114,conf/jurix/PaceS12,https://dblp.org/rec/conf/jurix/PaceS12
JURIX,2012,Conference and Workshop Papers,closed,An hybrid approach for legal information extraction,Prakash Poudyal; Paulo Quaresma,10.3233/978-1-61499-167-0-115,https://doi.org/10.3233/978-1-61499-167-0-115,115-118,conf/jurix/PoudyalQ12,https://dblp.org/rec/conf/jurix/PoudyalQ12
JURIX,2012,Conference and Workshop Papers,closed,Formalising a legal opinion on a legislative proposal in the ASPIC+ framework,Henry Prakken,10.3233/978-1-61499-167-0-119,https://doi.org/10.3233/978-1-61499-167-0-119,119-128,conf/jurix/Prakken12,https://dblp.org/rec/conf/jurix/Prakken12
JURIX,2012,Conference and Workshop Papers,closed,The FSTP Test: a novel approach for an invention&apos;s non-obviousness analysis,Shashishekar Ramakrishna; Naouel Karam; Adrian Paschke,10.3233/978-1-61499-167-0-129,https://doi.org/10.3233/978-1-61499-167-0-129,129-132,conf/jurix/RamakrishnaKP12,https://dblp.org/rec/conf/jurix/RamakrishnaKP12
JURIX,2012,Conference and Workshop Papers,closed,Compiling Regular Expressions to Extract Legal Modifications,Livio Robaldo; Leonardo Lesmo; Daniele Paolo Radicioni,10.3233/978-1-61499-167-0-133,https://doi.org/10.3233/978-1-61499-167-0-133,133-141,conf/jurix/RobaldoLR12,https://dblp.org/rec/conf/jurix/RobaldoLR12
JURIX,2012,Conference and Workshop Papers,closed,Analysis of legal narratives: a conceptual framework,Giovanni Sileno; Alexander Boer; Tom M. van Engers,10.3233/978-1-61499-167-0-143,https://doi.org/10.3233/978-1-61499-167-0-143,143-146,conf/jurix/SilenoBE12,https://dblp.org/rec/conf/jurix/SilenoBE12
JURIX,2012,Conference and Workshop Papers,closed,A Unified Change Management of Regulations and their Formal Representations based on the FRBR Framework and the Direct Method,Akos Szoke; András Förhécz; György Strausz,10.3233/978-1-61499-167-0-147,https://doi.org/10.3233/978-1-61499-167-0-147,147-156,conf/jurix/SzokeFS12,https://dblp.org/rec/conf/jurix/SzokeFS12
JURIX,2012,Conference and Workshop Papers,closed,Automatic Extraction of Legal Concepts and Definitions,Radboud Winkels; Rinke Hoekstra,10.3233/978-1-61499-167-0-157,https://doi.org/10.3233/978-1-61499-167-0-157,157-166,conf/jurix/WinkelsH12,https://dblp.org/rec/conf/jurix/WinkelsH12
JURIX,2012,Conference and Workshop Papers,closed,An Empirical Approach to the Semantic Representation of Laws,Adam Z. Wyner; Johan Bos; Valerio Basile; Paulo Quaresma,10.3233/978-1-61499-167-0-177,https://doi.org/10.3233/978-1-61499-167-0-177,177-180,conf/jurix/WynerBBQ12,https://dblp.org/rec/conf/jurix/WynerBBQ12
JURIX,2012,Conference and Workshop Papers,closed,A Model-Based Critique Tool for Policy Deliberation,Adam Z. Wyner; Maya Wardeh; Trevor J. M. Bench-Capon; Katie Atkinson,10.3233/978-1-61499-167-0-167,https://doi.org/10.3233/978-1-61499-167-0-167,167-176,conf/jurix/WynerWBA12,https://dblp.org/rec/conf/jurix/WynerWBA12
JURIX,2013,Editorship,unavailable,"Legal Knowledge and Information Systems - JURIX 2013: The Twenty-Sixth Annual Conference, December 11-13, 2013, University of Bologna, Italy",Kevin D. Ashley,,,,conf/jurix/2013,https://dblp.org/rec/conf/jurix/2013
JURIX,2013,Conference and Workshop Papers,closed,From Oral Hearing to Opinion in the U.S. Supreme Court,Latifa Al-Abdulkarim; Katie Atkinson; Trevor J. M. Bench-Capon,10.3233/978-1-61499-359-9-1,https://doi.org/10.3233/978-1-61499-359-9-1,1-10,conf/jurix/Al-AbdulkarimAB13,https://dblp.org/rec/conf/jurix/Al-AbdulkarimAB13
JURIX,2013,Conference and Workshop Papers,closed,The Légilocal project: the local law simply shared,Florence Amardeilh; Danièle Bourcier; Hacene Cherfi; Charles-Henry Dubail; Alain Garnier; Sylvie Guillemin-Lanne; Nada Mimouni; Adeline Nazarenko; Ève Paul; Sylvie Salotti; Marjorie Seizou; Sylvie Szulman; Haïfa Zargayouna,10.3233/978-1-61499-359-9-11,https://doi.org/10.3233/978-1-61499-359-9-11,11-14,conf/jurix/AmardeilhBCDGGMNPSSSZ13,https://dblp.org/rec/conf/jurix/AmardeilhBCDGGMNPSSSZ13
JURIX,2013,Conference and Workshop Papers,closed,Towards Systematic Research on Statutory Interpretation in AI and Law,Michal Araszkiewicz,10.3233/978-1-61499-359-9-15,https://doi.org/10.3233/978-1-61499-359-9-15,15-24,conf/jurix/Araszkiewicz13,https://dblp.org/rec/conf/jurix/Araszkiewicz13
JURIX,2013,Conference and Workshop Papers,closed,Ontology-driven Data Acquisition: Intelligent Support to Legal ODR Systems,Gaia Arosio; Giuliana Bagnara; Nicola Capuano; Elisabetta Fersini; Daniele Toti,10.3233/978-1-61499-359-9-25,https://doi.org/10.3233/978-1-61499-359-9-25,25-28,conf/jurix/ArosioBCFT13,https://dblp.org/rec/conf/jurix/ArosioBCFT13
JURIX,2013,Conference and Workshop Papers,closed,From Information Retrieval (IR) to Argument Retrieval (AR) for Legal Cases: Report on a Baseline Study,Kevin D. Ashley; Vern R. Walker,10.3233/978-1-61499-359-9-29,https://doi.org/10.3233/978-1-61499-359-9-29,29-38,conf/jurix/AshleyW13,https://dblp.org/rec/conf/jurix/AshleyW13
JURIX,2013,Conference and Workshop Papers,closed,Argumentation Schemes for Reasoning about Factors with Dimensions,Katie Atkinson; Trevor J. M. Bench-Capon; Henry Prakken; Adam Z. Wyner,10.3233/978-1-61499-359-9-39,https://doi.org/10.3233/978-1-61499-359-9-39,39-48,conf/jurix/AtkinsonBPW13,https://dblp.org/rec/conf/jurix/AtkinsonBPW13
JURIX,2013,Conference and Workshop Papers,closed,A Proposal for Introducing the ECLI Standard in the Italian Judicial Documentary System,Lorenzo Bacci; Enrico Francesconi; Maria-Teresa Sagri,10.3233/978-1-61499-359-9-49,https://doi.org/10.3233/978-1-61499-359-9-49,49-58,conf/jurix/BacciFS13,https://dblp.org/rec/conf/jurix/BacciFS13
JURIX,2013,Conference and Workshop Papers,closed,"Classification of Regulatory Paragraphs by Discourse Structure, Reference Structure, and Regulation Type",Alan Buabuchachart; Katherine Metcalf; Nina Charness; Leora Morgenstern,10.3233/978-1-61499-359-9-59,https://doi.org/10.3233/978-1-61499-359-9-59,59-62,conf/jurix/BuabuchachartMCM13,https://dblp.org/rec/conf/jurix/BuabuchachartMCM13
JURIX,2013,Conference and Workshop Papers,closed,LKIF in Commercial Legal Practice: Transaction Configuration from Eurobonds to Copyright,Orlando Conetta; Burkhard Schafer,10.3233/978-1-61499-359-9-63,https://doi.org/10.3233/978-1-61499-359-9-63,63-72,conf/jurix/ConettaS13,https://dblp.org/rec/conf/jurix/ConettaS13
JURIX,2013,Conference and Workshop Papers,closed,Assessing Liability with Argumentation Maps: An Application in Aviation Law,Giuseppe Contissa; Migle Laukyte; Giovanni Sartor; Hanna Schebesta,10.3233/978-1-61499-359-9-73,https://doi.org/10.3233/978-1-61499-359-9-73,73-76,conf/jurix/ContissaLSS13,https://dblp.org/rec/conf/jurix/ContissaLSS13
JURIX,2013,Conference and Workshop Papers,closed,Heuristics for Licenses Composition,Guido Governatori; Ho-Pun Lam; Antonino Rotolo; Serena Villata; Fabien Gandon,10.3233/978-1-61499-359-9-77,https://doi.org/10.3233/978-1-61499-359-9-77,77-86,conf/jurix/GovernatoriLRVG13,https://dblp.org/rec/conf/jurix/GovernatoriLRVG13
JURIX,2013,Conference and Workshop Papers,closed,Flexible Processing and Classification for eDiscovery,Daniel Krasner; Ian Langmore,10.3233/978-1-61499-359-9-87,https://doi.org/10.3233/978-1-61499-359-9-87,87-96,conf/jurix/KrasnerL13,https://dblp.org/rec/conf/jurix/KrasnerL13
JURIX,2013,Conference and Workshop Papers,closed,Unsupervised Keyword Extraction for Japanese Legal Documents,Tho Thi Ngoc Le; Minh Le Nguyen; Akira Shimazu,10.3233/978-1-61499-359-9-97,https://doi.org/10.3233/978-1-61499-359-9-97,97-106,conf/jurix/LeNS13,https://dblp.org/rec/conf/jurix/LeNS13
JURIX,2013,Conference and Workshop Papers,closed,Legal Conflict Detection in Interacting Legal Systems,Tingting Li; Tina Balke; Marina De Vos; Julian A. Padget; Ken Satoh,10.3233/978-1-61499-359-9-107,https://doi.org/10.3233/978-1-61499-359-9-107,107-116,conf/jurix/LiBVPS13,https://dblp.org/rec/conf/jurix/LiBVPS13
JURIX,2013,Conference and Workshop Papers,closed,Modeling Collections of French Local Administration Documents,Nada Mimouni; Sylvie Salotti; Ève Paul,10.3233/978-1-61499-359-9-117,https://doi.org/10.3233/978-1-61499-359-9-117,117-120,conf/jurix/MimouniSP13,https://dblp.org/rec/conf/jurix/MimouniSP13
JURIX,2013,Conference and Workshop Papers,closed,Formalising arguments about norms,Henry Prakken; Giovanni Sartor,10.3233/978-1-61499-359-9-121,https://doi.org/10.3233/978-1-61499-359-9-121,121-130,conf/jurix/PrakkenS13,https://dblp.org/rec/conf/jurix/PrakkenS13
JURIX,2013,Conference and Workshop Papers,closed,"User Centered Evaluation of EQUALS, a Rule-based Legal Decision-aid",Padmaja Sasidharan; Claire Henderson; Graeme Lockwood; Jeroen Keppens; Andrew J. I. Jones; Elaine Brohan,10.3233/978-1-61499-359-9-131,https://doi.org/10.3233/978-1-61499-359-9-131,131-134,conf/jurix/SasidharanHLKJB13,https://dblp.org/rec/conf/jurix/SasidharanHLKJB13
JURIX,2013,Conference and Workshop Papers,closed,Reflex Responsibility of Agents,Clara Smith; Antonino Rotolo; Giovanni Sartor,10.3233/978-1-61499-359-9-135,https://doi.org/10.3233/978-1-61499-359-9-135,135-144,conf/jurix/SmithRS13,https://dblp.org/rec/conf/jurix/SmithRS13
JURIX,2013,Conference and Workshop Papers,closed,Unfolding Crime Scenarios with Variations: A Method for Building a Bayesian Network for Legal Narratives,Charlotte S. Vlek; Henry Prakken; Silja Renooij; Bart Verheij,10.3233/978-1-61499-359-9-145,https://doi.org/10.3233/978-1-61499-359-9-145,145-154,conf/jurix/VlekPRV13,https://dblp.org/rec/conf/jurix/VlekPRV13
JURIX,2013,Conference and Workshop Papers,closed,Creating Context Networks in Dutch Legislation,Radboud Winkels; Alexander Boer; Ivan Plantevin,10.3233/978-1-61499-359-9-155,https://doi.org/10.3233/978-1-61499-359-9-155,155-164,conf/jurix/WinkelsBP13,https://dblp.org/rec/conf/jurix/WinkelsBP13
JURIX,2013,Conference and Workshop Papers,closed,A Case Study on Legal Case Annotation,Adam Z. Wyner; Wim Peters; Daniel Katz,10.3233/978-1-61499-359-9-165,https://doi.org/10.3233/978-1-61499-359-9-165,165-174,conf/jurix/WynerPK13,https://dblp.org/rec/conf/jurix/WynerPK13
JURIX,2013,Conference and Workshop Papers,closed,Towards Semi-Automatic Identification of Functional Requirements in Legal Texts for Public Administration,Yutaka Yoshida; Kozo Honda; Yuichi Sei; Hiroyuki Nakagawa; Yasuyuki Tahara; Akihiko Ohsuga,10.3233/978-1-61499-359-9-175,https://doi.org/10.3233/978-1-61499-359-9-175,175-184,conf/jurix/YoshidaHSNTO13,https://dblp.org/rec/conf/jurix/YoshidaHSNTO13
JURIX,2014,Editorship,unavailable,"Legal Knowledge and Information Systems - JURIX 2014: The Twenty-Seventh Annual Conference, Jagiellonian University, Krakow, Poland, 10-12 December 2014",Rinke Hoekstra,,,,conf/jurix/2014,https://dblp.org/rec/conf/jurix/2014
JURIX,2014,Conference and Workshop Papers,closed,Abstract Dialectical Frameworks for Legal Reasoning,Latifa Al-Abdulkarim; Katie Atkinson; Trevor J. M. Bench-Capon,10.3233/978-1-61499-468-8-61,https://doi.org/10.3233/978-1-61499-468-8-61,61-70,conf/jurix/Al-AbdulkarimAB14,https://dblp.org/rec/conf/jurix/Al-AbdulkarimAB14
JURIX,2014,Conference and Workshop Papers,closed,Scientia Juris: A Missing Link in the Modelling of Statutory Reasoning,Michal Araszkiewicz,10.3233/978-1-61499-468-8-1,https://doi.org/10.3233/978-1-61499-468-8-1,1-10,conf/jurix/Araszkiewic14,https://dblp.org/rec/conf/jurix/Araszkiewic14
JURIX,2014,Conference and Workshop Papers,closed,Contract Automata with Reparations,Shaun Azzopardi; Gordon J. Pace; Fernando Schapachnik,10.3233/978-1-61499-468-8-49,https://doi.org/10.3233/978-1-61499-468-8-49,49-54,conf/jurix/AzzopardiPS14,https://dblp.org/rec/conf/jurix/AzzopardiPS14
JURIX,2014,Conference and Workshop Papers,closed,Analysing Norms with Transition Systems,Trevor J. M. Bench-Capon,10.3233/978-1-61499-468-8-29,https://doi.org/10.3233/978-1-61499-468-8-29,29-38,conf/jurix/Bench-Capon14,https://dblp.org/rec/conf/jurix/Bench-Capon14
JURIX,2014,Conference and Workshop Papers,closed,"Punishments, Rewards, and the Production of Evidence",Alexander Boer,10.3233/978-1-61499-468-8-97,https://doi.org/10.3233/978-1-61499-468-8-97,97-102,conf/jurix/Boer14,https://dblp.org/rec/conf/jurix/Boer14
JURIX,2014,Conference and Workshop Papers,closed,Using Crowdsourcing Games Techniques and Similarity Metrics to Improve Legal Ontologies Expansion,Tania C. D&apos;Agostini Bueno; Karina Girardi Roggia; Hugo Cesar Hoeschl,10.3233/978-1-61499-468-8-201,https://doi.org/10.3233/978-1-61499-468-8-201,201-202,conf/jurix/BuenoRH14,https://dblp.org/rec/conf/jurix/BuenoRH14
JURIX,2014,Conference and Workshop Papers,closed,Managing Motivation at the Workplace through Negotiation,Davide Carneiro; Paulo Novais; John Zeleznikow; Francisco Andrade; José Neves,10.3233/978-1-61499-468-8-91,https://doi.org/10.3233/978-1-61499-468-8-91,91-96,conf/jurix/CarneiroNZAN14,https://dblp.org/rec/conf/jurix/CarneiroNZAN14
JURIX,2014,Conference and Workshop Papers,closed,Fighting Organized Crime Through Open Source Intelligence: Regulatory Strategies of the CAPER Project,Pompeu Casanovas; Juan Arraiza Irujo; Felipe Melero; Jorge González-Conejero; Gila Molcho; Montse Cuadros,10.3233/978-1-61499-468-8-189,https://doi.org/10.3233/978-1-61499-468-8-189,189-198,conf/jurix/CasanovasIMGMC14,https://dblp.org/rec/conf/jurix/CasanovasIMGMC14
JURIX,2014,Conference and Workshop Papers,closed,#Folksonomies &amp; #Law: from «quid juris?» to «quid jus?» to «cur jus?»,Federico Costantini,10.3233/978-1-61499-468-8-203,https://doi.org/10.3233/978-1-61499-468-8-203,203-204,conf/jurix/Costantini14,https://dblp.org/rec/conf/jurix/Costantini14
JURIX,2014,Conference and Workshop Papers,closed,Argument-Based Policy Consultation Through Crowd Sourcing,Joe Crawford; Katie Atkinson; Trevor J. M. Bench-Capon,10.3233/978-1-61499-468-8-199,https://doi.org/10.3233/978-1-61499-468-8-199,199-200,conf/jurix/CrawfordAB14,https://dblp.org/rec/conf/jurix/CrawfordAB14
JURIX,2014,Conference and Workshop Papers,closed,Facilitating Re-use of Legal Data in Applications - Finnish Law as a Linked Open Data Service,Matias Frosterus; Jouni Tuominen; Eero Hyvönen,10.3233/978-1-61499-468-8-115,https://doi.org/10.3233/978-1-61499-468-8-115,115-124,conf/jurix/FrosterusTH14,https://dblp.org/rec/conf/jurix/FrosterusTH14
JURIX,2014,Conference and Workshop Papers,closed,Two Faces of Strategic Argumentation in the Law,Guido Governatori; Francesco Olivieri; Antonino Rotolo; Simone Scannapieco; Giovanni Sartor,10.3233/978-1-61499-468-8-81,https://doi.org/10.3233/978-1-61499-468-8-81,81-90,conf/jurix/GovernatoriORSS14,https://dblp.org/rec/conf/jurix/GovernatoriORSS14
JURIX,2014,Conference and Workshop Papers,closed,Legislation as a complex network: Modelling and analysis of European Union legal sources,Marios Koniaris; Ioannis Anagnostopoulos; Yannis Vassiliou,10.3233/978-1-61499-468-8-143,https://doi.org/10.3233/978-1-61499-468-8-143,143-152,conf/jurix/KoniarisAV14,https://dblp.org/rec/conf/jurix/KoniarisAV14
JURIX,2014,Conference and Workshop Papers,closed,Application of Topic Models to Judgments from Public Procurement Domain,Michal Lopuszynski,10.3233/978-1-61499-468-8-131,https://doi.org/10.3233/978-1-61499-468-8-131,131-132,conf/jurix/Lopuszynski14,https://dblp.org/rec/conf/jurix/Lopuszynski14
JURIX,2014,Conference and Workshop Papers,closed,Towards Graph-based and Semantic Search in Legal Information Access Systems,Nada Mimouni; Adeline Nazarenko; Ève Paul; Sylvie Salotti,10.3233/978-1-61499-468-8-163,https://doi.org/10.3233/978-1-61499-468-8-163,163-168,conf/jurix/MimouniNPS14,https://dblp.org/rec/conf/jurix/MimouniNPS14
JURIX,2014,Conference and Workshop Papers,closed,Development of the eLen Regulation Database to Support Legislation of Municipalities,Makoto Nakamura; Tokuyasu Kakuta,10.3233/978-1-61499-468-8-185,https://doi.org/10.3233/978-1-61499-468-8-185,185-186,conf/jurix/NakamuraK14,https://dblp.org/rec/conf/jurix/NakamuraK14
JURIX,2014,Conference and Workshop Papers,closed,Swiss Federal Publication Workflow with Akoma Ntoso,Monica Palmirani; Fabio Vitali; Albano Bernasconi; Luca Gambazzi,10.3233/978-1-61499-468-8-179,https://doi.org/10.3233/978-1-61499-468-8-179,179-184,conf/jurix/PalmiraniVBG14,https://dblp.org/rec/conf/jurix/PalmiraniVBG14
JURIX,2014,Conference and Workshop Papers,closed,Open-Access Grant Data: Towards Meta-Research Innovation,Marta Poblet; Amir Aryani; Kate Caldecott; Timos K. Sellis; Pompeu Casanovas,10.3233/978-1-61499-468-8-125,https://doi.org/10.3233/978-1-61499-468-8-125,125-130,conf/jurix/PobletACSC14,https://dblp.org/rec/conf/jurix/PobletACSC14
JURIX,2014,Conference and Workshop Papers,closed,A model of Air Transport Passenger Incidents and Rights,Víctor Rodríguez-Doncel; Cristiana Teixeira Santos; Pompeu Casanovas,10.3233/978-1-61499-468-8-55,https://doi.org/10.3233/978-1-61499-468-8-55,55-60,conf/jurix/Rodriguez-DoncelSC14,https://dblp.org/rec/conf/jurix/Rodriguez-DoncelSC14
JURIX,2014,Conference and Workshop Papers,closed,A dataset of RDF licenses,Víctor Rodríguez-Doncel; Serena Villata; Asunción Gómez-Pérez,10.3233/978-1-61499-468-8-187,https://doi.org/10.3233/978-1-61499-468-8-187,187-188,conf/jurix/Rodriguez-DoncelVG14,https://dblp.org/rec/conf/jurix/Rodriguez-DoncelVG14
JURIX,2014,Conference and Workshop Papers,closed,Argumentation Schemes for Statutory Interpretation: A Logical Analysis,Giovanni Sartor; Doug Walton; Fabrizio Macagno; Antonino Rotolo,10.3233/978-1-61499-468-8-11,https://doi.org/10.3233/978-1-61499-468-8-11,11-20,conf/jurix/SartorWMR14,https://dblp.org/rec/conf/jurix/SartorWMR14
JURIX,2014,Conference and Workshop Papers,closed,Mining Information from Statutory Texts in Multi-Jurisdictional Settings,Jaromír Savelka; Matthias Grabmair; Kevin D. Ashley,10.3233/978-1-61499-468-8-133,https://doi.org/10.3233/978-1-61499-468-8-133,133-142,conf/jurix/SavelkaGA14,https://dblp.org/rec/conf/jurix/SavelkaGA14
JURIX,2014,Conference and Workshop Papers,closed,Using data to understand the statute book as a whole system,John Sheridan,10.3233/978-1-61499-468-8-113,https://doi.org/10.3233/978-1-61499-468-8-113,113-114,conf/jurix/Sheridan14,https://dblp.org/rec/conf/jurix/Sheridan14
JURIX,2014,Conference and Workshop Papers,closed,On the Interactional Meaning of Fundamental Legal Concepts,Giovanni Sileno; Alexander Boer; Tom M. van Engers,10.3233/978-1-61499-468-8-39,https://doi.org/10.3233/978-1-61499-468-8-39,39-48,conf/jurix/SilenoBE14,https://dblp.org/rec/conf/jurix/SilenoBE14
JURIX,2014,Conference and Workshop Papers,closed,Extracting Legal Arguments from Forensic Bayesian Networks,Sjoerd T. Timmer; John-Jules Ch. Meyer; Henry Prakken; Silja Renooij; Bart Verheij,10.3233/978-1-61499-468-8-71,https://doi.org/10.3233/978-1-61499-468-8-71,71-80,conf/jurix/TimmerMPRV14,https://dblp.org/rec/conf/jurix/TimmerMPRV14
JURIX,2014,Conference and Workshop Papers,closed,Extracting Scenarios from a Bayesian Network as Explanations for Legal Evidence,Charlotte S. Vlek; Henry Prakken; Silja Renooij; Bart Verheij,10.3233/978-1-61499-468-8-103,https://doi.org/10.3233/978-1-61499-468-8-103,103-112,conf/jurix/VlekPRV14,https://dblp.org/rec/conf/jurix/VlekPRV14
JURIX,2014,Conference and Workshop Papers,closed,Towards Measures of Complexity: Applying Structural and Linguistic Metrics to German Laws,Bernhard Waltl; Florian Matthes,10.3233/978-1-61499-468-8-153,https://doi.org/10.3233/978-1-61499-468-8-153,153-162,conf/jurix/WaltlM14,https://dblp.org/rec/conf/jurix/WaltlM14
JURIX,2014,Conference and Workshop Papers,closed,Interpretative Argumentation Schemes,Douglas Walton; Fabrizio Macagno; Giovanni Sartor,10.3233/978-1-61499-468-8-21,https://doi.org/10.3233/978-1-61499-468-8-21,21-22,conf/jurix/WaltonMS14,https://dblp.org/rec/conf/jurix/WaltonMS14
JURIX,2014,Conference and Workshop Papers,closed,Towards a Legal Recommender System,Radboud Winkels; Alexander Boer; Bart Vredebregt; Alexander van Someren,10.3233/978-1-61499-468-8-169,https://doi.org/10.3233/978-1-61499-468-8-169,169-178,conf/jurix/WinkelsBVS14,https://dblp.org/rec/conf/jurix/WinkelsBVS14
JURIX,2014,Conference and Workshop Papers,closed,Model of Argument from Social Importance,Tomasz Zurek,10.3233/978-1-61499-468-8-23,https://doi.org/10.3233/978-1-61499-468-8-23,23-28,conf/jurix/Zurek14,https://dblp.org/rec/conf/jurix/Zurek14
JURIX,2015,Editorship,unavailable,"Legal Knowledge and Information Systems - JURIX 2015: The Twenty-Eighth Annual Conference, Braga, Portugal, December 10-11, 2015",,,,,conf/jurix/2015,https://dblp.org/rec/conf/jurix/2015
JURIX,2015,Conference and Workshop Papers,closed,"The Power Laws of the Italian Constitutional Court, and Their Relevance for Legal Scholars",Tommaso Agnoloni; Ugo Pagallo,10.3233/978-1-61499-609-5-1,https://doi.org/10.3233/978-1-61499-609-5-1,1-10,conf/jurix/AgnoloniP15,https://dblp.org/rec/conf/jurix/AgnoloniP15
JURIX,2015,Conference and Workshop Papers,closed,Treaty Texts as Data - Developing New Tools for Negotiators and Litigators to Compare Bilateral Investment Treaties,Wolfgang Alschner; Dmitriy Skougarevskiy,10.3233/978-1-61499-609-5-141,https://doi.org/10.3233/978-1-61499-609-5-141,141-144,conf/jurix/AlschnerS15,https://dblp.org/rec/conf/jurix/AlschnerS15
JURIX,2015,Conference and Workshop Papers,closed,Comprehensive Framework Embracing the Complexity of Statutory Interpretation,Michal Araszkiewicz; Tomasz Zurek,10.3233/978-1-61499-609-5-145,https://doi.org/10.3233/978-1-61499-609-5-145,145-148,conf/jurix/AraszkiewiczZ15,https://dblp.org/rec/conf/jurix/AraszkiewiczZ15
JURIX,2015,Conference and Workshop Papers,closed,"Cases and Stories, Dimensions and Scripts",Trevor J. M. Bench-Capon; Floris Bex,10.3233/978-1-61499-609-5-11,https://doi.org/10.3233/978-1-61499-609-5-11,11-20,conf/jurix/Bench-CaponB15,https://dblp.org/rec/conf/jurix/Bench-CaponB15
JURIX,2015,Conference and Workshop Papers,closed,Two Tools for Prototyping Legal CBR,Trevor J. M. Bench-Capon; Thomas F. Gordon,10.3233/978-1-61499-609-5-177,https://doi.org/10.3233/978-1-61499-609-5-177,177-178,conf/jurix/Bench-CaponG15,https://dblp.org/rec/conf/jurix/Bench-CaponG15
JURIX,2015,Conference and Workshop Papers,closed,Business Process Management for Legal Domains: Supporting Execution and Management of Preliminary Injunctions,Federico Capuzzimati; Andrea Violato; Matteo Baldoni; Guido Boella,10.3233/978-1-61499-609-5-149,https://doi.org/10.3233/978-1-61499-609-5-149,149-152,conf/jurix/CapuzzimatiVBB15,https://dblp.org/rec/conf/jurix/CapuzzimatiVBB15
JURIX,2015,Conference and Workshop Papers,closed,Improvements in Information Extraction in Legal Text by Active Learning,Cristian Cardellino; Laura Alonso Alemany; Serena Villata; Elena Cabrio,10.3233/978-1-61499-609-5-21,https://doi.org/10.3233/978-1-61499-609-5-21,21-30,conf/jurix/CardellinoAVC15,https://dblp.org/rec/conf/jurix/CardellinoAVC15
JURIX,2015,Conference and Workshop Papers,closed,Modelling the Law through Argument Maps: Legal Analysis and Design,Giuseppe Contissa,10.3233/978-1-61499-609-5-153,https://doi.org/10.3233/978-1-61499-609-5-153,153-156,conf/jurix/Contissa15,https://dblp.org/rec/conf/jurix/Contissa15
JURIX,2015,Conference and Workshop Papers,closed,Passing a USA National Bar Exam - a First Experiment,Biralatei Fawei; Adam Z. Wyner; Jeff Z. Pan,10.3233/978-1-61499-609-5-179,https://doi.org/10.3233/978-1-61499-609-5-179,179-180,conf/jurix/FaweiWP15,https://dblp.org/rec/conf/jurix/FaweiWP15
JURIX,2015,Conference and Workshop Papers,closed,Burden of Compliance and Burden of Violation,Guido Governatori,10.3233/978-1-61499-609-5-31,https://doi.org/10.3233/978-1-61499-609-5-31,31-40,conf/jurix/Governatori15,https://dblp.org/rec/conf/jurix/Governatori15
JURIX,2015,Conference and Workshop Papers,closed,Permissions in Deontic Event-Calculus,Guido Governatori; Mustafa Hashmi,10.3233/978-1-61499-609-5-181,https://doi.org/10.3233/978-1-61499-609-5-181,181-182,conf/jurix/GovernatoriH15,https://dblp.org/rec/conf/jurix/GovernatoriH15
JURIX,2015,Conference and Workshop Papers,closed,Mapping Recitals to Normative Provisions in EU Legislation to Assist Legal Interpretation,Llio Humphreys; Cristiana Teixeira Santos; Luigi Di Caro; Guido Boella; Leon van der Torre; Livio Robaldo,10.3233/978-1-61499-609-5-41,https://doi.org/10.3233/978-1-61499-609-5-41,41-49,conf/jurix/HumphreysSCBTR15,https://dblp.org/rec/conf/jurix/HumphreysSCBTR15
JURIX,2015,Conference and Workshop Papers,closed,On Modeling Cognitive and Affective Factors in Legal Decision-making,Bipin Indurkhya; Joanna Misztal-Radecka,10.3233/978-1-61499-609-5-157,https://doi.org/10.3233/978-1-61499-609-5-157,157-160,conf/jurix/IndurkhyaM15,https://dblp.org/rec/conf/jurix/IndurkhyaM15
JURIX,2015,Conference and Workshop Papers,closed,Towards Meaningful Maps of Polish Case Law,Michal Jungiewicz; Michal Lopuszynski,10.3233/978-1-61499-609-5-185,https://doi.org/10.3233/978-1-61499-609-5-185,185-186,conf/jurix/JungiewiczL15,https://dblp.org/rec/conf/jurix/JungiewiczL15
JURIX,2015,Conference and Workshop Papers,closed,Annotation of a German Legal Decision Corpus for Argumentation Mining,Florian Kuhn,10.3233/978-1-61499-609-5-183,https://doi.org/10.3233/978-1-61499-609-5-183,183-184,conf/jurix/Kuhn15,https://dblp.org/rec/conf/jurix/Kuhn15
JURIX,2015,Conference and Workshop Papers,closed,Influence and Responsibility: A Logical Analysis,Emiliano Lorini; Giovanni Sartor,10.3233/978-1-61499-609-5-51,https://doi.org/10.3233/978-1-61499-609-5-51,51-60,conf/jurix/LoriniS15,https://dblp.org/rec/conf/jurix/LoriniS15
JURIX,2015,Conference and Workshop Papers,closed,No Match-making but Biconditionals: - Agents and the Role of the State in Legal Relations,Réka Markovich,10.3233/978-1-61499-609-5-161,https://doi.org/10.3233/978-1-61499-609-5-161,161-164,conf/jurix/Markovich15,https://dblp.org/rec/conf/jurix/Markovich15
JURIX,2015,Conference and Workshop Papers,closed,Search and Discovery in Legal Document Networks,Nada Mimouni; Adeline Nazarenko; Sylvie Salotti,10.3233/978-1-61499-609-5-187,https://doi.org/10.3233/978-1-61499-609-5-187,187-188,conf/jurix/MimouniNS15,https://dblp.org/rec/conf/jurix/MimouniNS15
JURIX,2015,Conference and Workshop Papers,closed,Implementation of ECLI - State of Play,Marc van Opijnen; Alexander Ivantchev,10.3233/978-1-61499-609-5-165,https://doi.org/10.3233/978-1-61499-609-5-165,165-168,conf/jurix/OpijnenI15,https://dblp.org/rec/conf/jurix/OpijnenI15
JURIX,2015,Conference and Workshop Papers,closed,Conditional Permissions in Contracts,Gordon J. Pace; Fernando Schapachnik; Gerardo Schneider,10.3233/978-1-61499-609-5-61,https://doi.org/10.3233/978-1-61499-609-5-61,61-70,conf/jurix/PaceSS15,https://dblp.org/rec/conf/jurix/PaceSS15
JURIX,2015,Conference and Workshop Papers,closed,The Force of EU Case Law: A Multi-dimensional Study of Case Citations,Yannis Panagis; Urska Sadl,10.3233/978-1-61499-609-5-71,https://doi.org/10.3233/978-1-61499-609-5-71,71-80,conf/jurix/PanagisS15,https://dblp.org/rec/conf/jurix/PanagisS15
JURIX,2015,Conference and Workshop Papers,closed,Extracting Hohfeldian Relations from Text,Wim Peters; Adam Z. Wyner,10.3233/978-1-61499-609-5-189,https://doi.org/10.3233/978-1-61499-609-5-189,189-190,conf/jurix/PetersW15,https://dblp.org/rec/conf/jurix/PetersW15
JURIX,2015,Conference and Workshop Papers,closed,Judges Predict Directors&apos; Liability,Thy Pham,10.3233/978-1-61499-609-5-81,https://doi.org/10.3233/978-1-61499-609-5-81,81-90,conf/jurix/Pham15,https://dblp.org/rec/conf/jurix/Pham15
JURIX,2015,Conference and Workshop Papers,closed,A Linked Term Bank of Copyright-Related Terms,Víctor Rodríguez-Doncel; Cristiana Teixeira Santos; Pompeu Casanovas; Asunción Gómez-Pérez,10.3233/978-1-61499-609-5-91,https://doi.org/10.3233/978-1-61499-609-5-91,91-100,conf/jurix/Rodriguez-Doncel15,https://dblp.org/rec/conf/jurix/Rodriguez-Doncel15
JURIX,2015,Conference and Workshop Papers,closed,Applying an Interactive Machine Learning Approach to Statutory Analysis,Jaromír Savelka; Gaurav Trivedi; Kevin D. Ashley,10.3233/978-1-61499-609-5-101,https://doi.org/10.3233/978-1-61499-609-5-101,101-110,conf/jurix/SavelkaTA15,https://dblp.org/rec/conf/jurix/SavelkaTA15
JURIX,2015,Conference and Workshop Papers,closed,The Role of AI &amp; Law in Legal Data Science,Erich Schweighofer,10.3233/978-1-61499-609-5-191,https://doi.org/10.3233/978-1-61499-609-5-191,191-192,conf/jurix/Schweighofer15,https://dblp.org/rec/conf/jurix/Schweighofer15
JURIX,2015,Conference and Workshop Papers,closed,"Bridging Representations of Laws, of Implementations and of Behaviours",Giovanni Sileno; Alexander Boer; Tom M. van Engers,10.3233/978-1-61499-609-5-169,https://doi.org/10.3233/978-1-61499-609-5-169,169-172,conf/jurix/SilenoBE15,https://dblp.org/rec/conf/jurix/SilenoBE15
JURIX,2015,Conference and Workshop Papers,closed,Temporal Properties of Legal Decision Networks: A Case Study from the International Criminal Court,Fabien Tarissan; Raphaëlle Nollez-Goldbach,10.3233/978-1-61499-609-5-111,https://doi.org/10.3233/978-1-61499-609-5-111,111-120,conf/jurix/TarissanN15,https://dblp.org/rec/conf/jurix/TarissanN15
JURIX,2015,Conference and Workshop Papers,closed,Explaining Legal Bayesian Networks Using Support Graphs,Sjoerd T. Timmer; John-Jules Ch. Meyer; Henry Prakken; Silja Renooij; Bart Verheij,10.3233/978-1-61499-609-5-121,https://doi.org/10.3233/978-1-61499-609-5-121,121-130,conf/jurix/TimmerMPRV15,https://dblp.org/rec/conf/jurix/TimmerMPRV15
JURIX,2015,Conference and Workshop Papers,closed,Capturing Critical Questions in Bayesian Network Fragments: - Extended abstract,Sjoerd T. Timmer; John-Jules Ch. Meyer; Henry Prakken; Silja Renooij; Bart Verheij,10.3233/978-1-61499-609-5-173,https://doi.org/10.3233/978-1-61499-609-5-173,173-176,conf/jurix/TimmerMPRV15a,https://dblp.org/rec/conf/jurix/TimmerMPRV15a
JURIX,2015,Conference and Workshop Papers,closed,Representing the Quality of Crime Scenarios in a Bayesian Network,Charlotte S. Vlek; Henry Prakken; Silja Renooij; Bart Verheij,10.3233/978-1-61499-609-5-131,https://doi.org/10.3233/978-1-61499-609-5-131,131-140,conf/jurix/VlekPRV15,https://dblp.org/rec/conf/jurix/VlekPRV15
JURIX,2015,Conference and Workshop Papers,closed,A Data Science Environment for Legal Texts,Bernhard Waltl; Marin Zec; Florian Matthes,10.3233/978-1-61499-609-5-193,https://doi.org/10.3233/978-1-61499-609-5-193,193-194,conf/jurix/WaltlZM15,https://dblp.org/rec/conf/jurix/WaltlZM15
JURIX,2016,Editorship,unavailable,Legal Knowledge and Information Systems - JURIX 2016: The Twenty-Ninth Annual Conference,Floris Bex; Serena Villata,,,,conf/jurix/2016,https://dblp.org/rec/conf/jurix/2016
JURIX,2016,Conference and Workshop Papers,closed,Neural Reasoning for Legal Text Understanding,Kolawole John Adebayo; Guido Boella; Luigi Di Caro,10.3233/978-1-61499-726-9-175,https://doi.org/10.3233/978-1-61499-726-9-175,175-178,conf/jurix/AdebayoBC16,https://dblp.org/rec/conf/jurix/AdebayoBC16
JURIX,2016,Conference and Workshop Papers,closed,Statement Types in Legal Argument,Latifa Al-Abdulkarim; Katie Atkinson; Trevor J. M. Bench-Capon,10.3233/978-1-61499-726-9-3,https://doi.org/10.3233/978-1-61499-726-9-3,3-12,conf/jurix/Al-AbdulkarimAB16,https://dblp.org/rec/conf/jurix/Al-AbdulkarimAB16
JURIX,2016,Conference and Workshop Papers,closed,ANGELIC Secrets: Bridging from Factors to Facts in US Trade Secrets,Latifa Al-Abdulkarim; Katie Atkinson; Trevor J. M. Bench-Capon,10.3233/978-1-61499-726-9-113,https://doi.org/10.3233/978-1-61499-726-9-113,113-118,conf/jurix/Al-AbdulkarimAB16a,https://dblp.org/rec/conf/jurix/Al-AbdulkarimAB16a
JURIX,2016,Conference and Workshop Papers,closed,Can Robots Write Treaties? Using Recurrent Neural Networks to Draft International Investment Agreements,Wolfgang Alschner; Dmitriy Skougarevskiy,10.3233/978-1-61499-726-9-119,https://doi.org/10.3233/978-1-61499-726-9-119,119-124,conf/jurix/AlschnerS16,https://dblp.org/rec/conf/jurix/AlschnerS16
JURIX,2016,Conference and Workshop Papers,closed,On Legal Validity,Michal Araszkiewicz; Pompeu Casanovas,10.3233/978-1-61499-726-9-125,https://doi.org/10.3233/978-1-61499-726-9-125,125-130,conf/jurix/AraszkiewiczC16,https://dblp.org/rec/conf/jurix/AraszkiewiczC16
JURIX,2016,Conference and Workshop Papers,closed,Interpreting Agents,Michal Araszkiewicz; Tomasz Zurek,10.3233/978-1-61499-726-9-13,https://doi.org/10.3233/978-1-61499-726-9-13,13-22,conf/jurix/AraszkiewiczZ16,https://dblp.org/rec/conf/jurix/AraszkiewiczZ16
JURIX,2016,Conference and Workshop Papers,closed,Reasoning About Partial Contracts,Shaun Azzopardi; Albert Gatt; Gordon J. Pace,10.3233/978-1-61499-726-9-23,https://doi.org/10.3233/978-1-61499-726-9-23,23-32,conf/jurix/AzzopardiGP16,https://dblp.org/rec/conf/jurix/AzzopardiGP16
JURIX,2016,Conference and Workshop Papers,closed,Document Ranking with Citation Information and Oversampling Sentence Classification in the LUIMA Framework,Apoorva Bansal; Zheyuan Bu; Biswajeet Mishra; Silun Wang; Kevin D. Ashley; Matthias Grabmair,10.3233/978-1-61499-726-9-33,https://doi.org/10.3233/978-1-61499-726-9-33,33-42,conf/jurix/BansalBMWAG16,https://dblp.org/rec/conf/jurix/BansalBMWAG16
JURIX,2016,Conference and Workshop Papers,closed,When and How to Violate Norms,Trevor J. M. Bench-Capon; Sanjay Modgil,10.3233/978-1-61499-726-9-43,https://doi.org/10.3233/978-1-61499-726-9-43,43-52,conf/jurix/Bench-CaponM16,https://dblp.org/rec/conf/jurix/Bench-CaponM16
JURIX,2016,Conference and Workshop Papers,closed,Making a Cold Start in Legal Recommendation: An Experiment,Alexander Boer; Radboud Winkels,10.3233/978-1-61499-726-9-131,https://doi.org/10.3233/978-1-61499-726-9-131,131-136,conf/jurix/BoerW16,https://dblp.org/rec/conf/jurix/BoerW16
JURIX,2016,Conference and Workshop Papers,closed,Practical and Accurate Insider Trading Liability Calculation,Andrew Chin,10.3233/978-1-61499-726-9-137,https://doi.org/10.3233/978-1-61499-726-9-137,137-142,conf/jurix/Chin16,https://dblp.org/rec/conf/jurix/Chin16
JURIX,2016,Conference and Workshop Papers,closed,Identification of Case Content with Quantitative Network Analysis: An Example from the ECtHR,Martin Lolle Christensen; Henrik Palmer Olsen; Fabien Tarissan,10.3233/978-1-61499-726-9-53,https://doi.org/10.3233/978-1-61499-726-9-53,53-62,conf/jurix/ChristensenOT16,https://dblp.org/rec/conf/jurix/ChristensenOT16
JURIX,2016,Conference and Workshop Papers,closed,Proposal for a Theoretical Framework in Digital Forensics,Federico Costantini,10.3233/978-1-61499-726-9-179,https://doi.org/10.3233/978-1-61499-726-9-179,179-182,conf/jurix/Costantini16,https://dblp.org/rec/conf/jurix/Costantini16
JURIX,2016,Conference and Workshop Papers,closed,Perspectives on the Formal Representation of the Interpretation of Norms,Robert van Doesburg; Tom M. van Engers,10.3233/978-1-61499-726-9-183,https://doi.org/10.3233/978-1-61499-726-9-183,183-186,conf/jurix/DoesburgE16,https://dblp.org/rec/conf/jurix/DoesburgE16
JURIX,2016,Conference and Workshop Papers,closed,"Automatic Identification, Extraction and Application of Textual Amendments in Greek Legislative Texts",John D. Garofalakis; Konstantinos Plessas; Athanasios Plessas,10.3233/978-1-61499-726-9-187,https://doi.org/10.3233/978-1-61499-726-9-187,187-190,conf/jurix/GarofalakisPP16,https://dblp.org/rec/conf/jurix/GarofalakisPP16
JURIX,2016,Conference and Workshop Papers,closed,A Pattern for the Representation of Legal Relations in a Legal Core Ontology,Cristine Griffo; João Paulo A. Almeida; Giancarlo Guizzardi,10.3233/978-1-61499-726-9-191,https://doi.org/10.3233/978-1-61499-726-9-191,191-194,conf/jurix/GriffoAG16,https://dblp.org/rec/conf/jurix/GriffoAG16
JURIX,2016,Conference and Workshop Papers,closed,Computer Assisted Legal Linguistics (CAL2),Hanjo Hamann; Friedemann Vogel; Isabelle Gauer,10.3233/978-1-61499-726-9-195,https://doi.org/10.3233/978-1-61499-726-9-195,195-198,conf/jurix/HamannVG16,https://dblp.org/rec/conf/jurix/HamannVG16
JURIX,2016,Conference and Workshop Papers,closed,Explaining Bayesian Belief Revision for Legal Applications,Jeroen Keppens,10.3233/978-1-61499-726-9-63,https://doi.org/10.3233/978-1-61499-726-9-63,63-72,conf/jurix/Keppens16,https://dblp.org/rec/conf/jurix/Keppens16
JURIX,2016,Conference and Workshop Papers,closed,Extending Full Text Search for Legal Document Collections Using Word Embeddings,Jörg Landthaler; Bernhard Waltl; Patrick Holl; Florian Matthes,10.3233/978-1-61499-726-9-73,https://doi.org/10.3233/978-1-61499-726-9-73,73-82,conf/jurix/LandthalerWHM16,https://dblp.org/rec/conf/jurix/LandthalerWHM16
JURIX,2016,Conference and Workshop Papers,closed,Interpretation Across Legal Systems,Alessandra Malerba; Antonino Rotolo; Guido Governatori,10.3233/978-1-61499-726-9-83,https://doi.org/10.3233/978-1-61499-726-9-83,83-92,conf/jurix/MalerbaRG16,https://dblp.org/rec/conf/jurix/MalerbaRG16
JURIX,2016,Conference and Workshop Papers,closed,A Text Similarity Approach for Automated Transposition Detection of European Union Directives,Rohan Nanda; Luigi Di Caro; Guido Boella,10.3233/978-1-61499-726-9-143,https://doi.org/10.3233/978-1-61499-726-9-143,143-148,conf/jurix/NandaCB16,https://dblp.org/rec/conf/jurix/NandaCB16
JURIX,2016,Conference and Workshop Papers,closed,Towards a Methodology for Formalizing Legal Texts in LegalRuleML,Adeline Nazarenko; François Lévy; Adam Z. Wyner,10.3233/978-1-61499-726-9-149,https://doi.org/10.3233/978-1-61499-726-9-149,149-154,conf/jurix/NazarenkoLW16,https://dblp.org/rec/conf/jurix/NazarenkoLW16
JURIX,2016,Conference and Workshop Papers,closed,Towards a Global Importance Indicator for Court Decisions,Marc van Opijnen,10.3233/978-1-61499-726-9-155,https://doi.org/10.3233/978-1-61499-726-9-155,155-160,conf/jurix/Opijnen16,https://dblp.org/rec/conf/jurix/Opijnen16
JURIX,2016,Conference and Workshop Papers,closed,On Top of Topics: Leveraging Topic Modeling to Study the Dynamic Case-Law of International Courts,Yannis Panagis; Martin Lolle Christensen; Urska Sadl,10.3233/978-1-61499-726-9-161,https://doi.org/10.3233/978-1-61499-726-9-161,161-166,conf/jurix/PanagisCS16,https://dblp.org/rec/conf/jurix/PanagisCS16
JURIX,2016,Conference and Workshop Papers,closed,New Zealand Legislation Network,Neda Sakhaee; Mark C. Wilson; Golbon Zakeri,10.3233/978-1-61499-726-9-199,https://doi.org/10.3233/978-1-61499-726-9-199,199-202,conf/jurix/SakhaeeWZ16,https://dblp.org/rec/conf/jurix/SakhaeeWZ16
JURIX,2016,Conference and Workshop Papers,closed,Towards Data-Driven Style Checking: An Example for Law Texts,Kyoko Sugisaki,10.3233/978-1-61499-726-9-93,https://doi.org/10.3233/978-1-61499-726-9-93,93-100,conf/jurix/Sugisaki16,https://dblp.org/rec/conf/jurix/Sugisaki16
JURIX,2016,Conference and Workshop Papers,closed,Building a Corpus of Multi-Lingual and Multi-Format International Investment Agreements,Kyoko Sugisaki; Martin Volk; Rodrigo Polanco; Wolfgang Alschner; Dmitriy Skougarevskiy,10.3233/978-1-61499-726-9-203,https://doi.org/10.3233/978-1-61499-726-9-203,203-206,conf/jurix/SugisakiVPAS16,https://dblp.org/rec/conf/jurix/SugisakiVPAS16
JURIX,2016,Conference and Workshop Papers,closed,Describing Legal Policies as Story Tropes in Normative Systems,Matthew Thompson; Julian A. Padget; Ken Satoh,10.3233/978-1-61499-726-9-207,https://doi.org/10.3233/978-1-61499-726-9-207,207-210,conf/jurix/ThompsonPS16,https://dblp.org/rec/conf/jurix/ThompsonPS16
JURIX,2016,Conference and Workshop Papers,closed,Automatic Assignment of Section Structure to Texts of Dutch Court Judgments,Maarten Trompper; Radboud Winkels,10.3233/978-1-61499-726-9-167,https://doi.org/10.3233/978-1-61499-726-9-167,167-172,conf/jurix/TrompperW16,https://dblp.org/rec/conf/jurix/TrompperW16
JURIX,2016,Conference and Workshop Papers,closed,Arguments for Ethical Systems Design,Bart Verheij,10.3233/978-1-61499-726-9-101,https://doi.org/10.3233/978-1-61499-726-9-101,101-110,conf/jurix/Verheij16,https://dblp.org/rec/conf/jurix/Verheij16
JURIX,2016,Conference and Workshop Papers,closed,Differentiation and Empirical Analysis of Reference Types in Legal Documents,Bernhard Waltl; Jörg Landthaler; Florian Matthes,10.3233/978-1-61499-726-9-211,https://doi.org/10.3233/978-1-61499-726-9-211,211-214,conf/jurix/WaltlLM16,https://dblp.org/rec/conf/jurix/WaltlLM16
JURIX,2017,Conference and Workshop Papers,open,Automated Detection of Unfair Clauses in Online Consumer Contracts,Marco Lippi; Przemyslaw Palka; Giuseppe Contissa; Francesca Lagioia; Hans-Wolfgang Micklitz; Yannis Panagis; Giovanni Sartor; Paolo Torroni,10.3233/978-1-61499-838-9-145,https://doi.org/10.3233/978-1-61499-838-9-145,145-154,conf/jurix/0001PCLMPST17,https://dblp.org/rec/conf/jurix/0001PCLMPST17
JURIX,2017,Editorship,unavailable,"Legal Knowledge and Information Systems - JURIX 2017: The Thirtieth Annual Conference, Luxembourg, 13-15 December 2017",Adam Z. Wyner; Giovanni Casini,,,,conf/jurix/2017,https://dblp.org/rec/conf/jurix/2017
JURIX,2017,Conference and Workshop Papers,open,"Linking European Case Law: BO-ECLI Parser, an Open Framework for the Automatic Extraction of Legal Links",Tommaso Agnoloni; Lorenzo Bacci; Ginevra Peruginelli; Marc van Opijnen; Jos van den Oever; Monica Palmirani; Luca Cervone; Octavian Bujor; Arantxa Arsuaga Lecuona; Alberto Boada García; Luigi Di Caro; Giovanni Siragusa,10.3233/978-1-61499-838-9-113,https://doi.org/10.3233/978-1-61499-838-9-113,113-118,conf/jurix/AgnoloniBPOOPCB17,https://dblp.org/rec/conf/jurix/AgnoloniBPOOPCB17
JURIX,2017,Conference and Workshop Papers,open,Noise Induced Hearing Loss: An Application of the Angelic Methodology,Latifa Al-Abdulkarim; Katie Atkinson; Trevor J. M. Bench-Capon; Stuart Whittle; Rob Williams; Catriona Wolfenden,10.3233/978-1-61499-838-9-79,https://doi.org/10.3233/978-1-61499-838-9-79,79-88,conf/jurix/Al-AbdulkarimAB17,https://dblp.org/rec/conf/jurix/Al-AbdulkarimAB17
JURIX,2017,Conference and Workshop Papers,open,Balancing with Thresholds,Michal Araszkiewicz; Tomasz Zurek,10.3233/978-1-61499-838-9-107,https://doi.org/10.3233/978-1-61499-838-9-107,107-112,conf/jurix/AraszkiewiczZ17,https://dblp.org/rec/conf/jurix/AraszkiewiczZ17
JURIX,2017,Conference and Workshop Papers,open,Automatic Detection of Significant Updates in Regulatory Documents,Kartik Asooja; Oscar Ó Foghlú; Breiffni Ó Domhnaill; George Marchin; Sean McGrath,10.3233/978-1-61499-838-9-165,https://doi.org/10.3233/978-1-61499-838-9-165,165-169,conf/jurix/AsoojaFDMM17,https://dblp.org/rec/conf/jurix/AsoojaFDMM17
JURIX,2017,Conference and Workshop Papers,open,Cloudy with a Chance of Concepts,Suzanne Bardelmeijer; Alexander Boer; Radboud Winkels,10.3233/978-1-61499-838-9-21,https://doi.org/10.3233/978-1-61499-838-9-21,21-26,conf/jurix/BardelmeijerBW17,https://dblp.org/rec/conf/jurix/BardelmeijerBW17
JURIX,2017,Conference and Workshop Papers,open,Dimensions and Values for Legal CBR,Trevor J. M. Bench-Capon; Katie Atkinson,10.3233/978-1-61499-838-9-27,https://doi.org/10.3233/978-1-61499-838-9-27,27-32,conf/jurix/Bench-CaponA17,https://dblp.org/rec/conf/jurix/Bench-CaponA17
JURIX,2017,Conference and Workshop Papers,open,Scoring Judicial Syllabi in Portuguese,Jean-Rémi Bourguet; Melissa Zorzanelli Costa,10.3233/978-1-61499-838-9-119,https://doi.org/10.3233/978-1-61499-838-9-119,119-124,conf/jurix/BourguetC17,https://dblp.org/rec/conf/jurix/BourguetC17
JURIX,2017,Conference and Workshop Papers,open,Timed Contract Compliance Under Event Timing Uncertainty,María-Emilia Cambronero; Luis Llana; Gordon J. Pace,10.3233/978-1-61499-838-9-33,https://doi.org/10.3233/978-1-61499-838-9-33,33-38,conf/jurix/CambroneroLP17,https://dblp.org/rec/conf/jurix/CambroneroLP17
JURIX,2017,Conference and Workshop Papers,open,A Deep Learning Approach to Contract Element Extraction,Ilias Chalkidis; Ion Androutsopoulos,10.3233/978-1-61499-838-9-155,https://doi.org/10.3233/978-1-61499-838-9-155,155-164,conf/jurix/ChalkidisA17,https://dblp.org/rec/conf/jurix/ChalkidisA17
JURIX,2017,Conference and Workshop Papers,open,Passing the Brazilian OAB Exam: Data Preparation and Some Experiments,Pedro Delfino; Bruno Cuconato; Edward Hermann Haeusler; Alexandre Rademaker,10.3233/978-1-61499-838-9-89,https://doi.org/10.3233/978-1-61499-838-9-89,89-94,conf/jurix/DelfinoCHR17,https://dblp.org/rec/conf/jurix/DelfinoCHR17
JURIX,2017,Conference and Workshop Papers,open,Utilizing Vector Space Models for Identifying Legal Factors from Text,Mohammad Hassan Falakmasir; Kevin D. Ashley,10.3233/978-1-61499-838-9-183,https://doi.org/10.3233/978-1-61499-838-9-183,183-192,conf/jurix/FalakmasirA17,https://dblp.org/rec/conf/jurix/FalakmasirA17
JURIX,2017,Conference and Workshop Papers,open,Normative Requirements as Linked Data,Fabien Gandon; Guido Governatori; Serena Villata,10.3233/978-1-61499-838-9-1,https://doi.org/10.3233/978-1-61499-838-9-1,1-10,conf/jurix/GandonGV17,https://dblp.org/rec/conf/jurix/GandonGV17
JURIX,2017,Conference and Workshop Papers,open,Toward Building a Legal Knowledge-Base of Chinese Judicial Documents for Large-Scale Analytics,Amarnath Gupta; Alice Z. Wang; Kai Lin; Haoshen Hong; Haoran Sun; Benjamin L. Liebman; Rachel E. Stern; Subhasis Dasgupta; Margaret E. Roberts,10.3233/978-1-61499-838-9-135,https://doi.org/10.3233/978-1-61499-838-9-135,135-144,conf/jurix/GuptaWLHSLSDR17,https://dblp.org/rec/conf/jurix/GuptaWLHSLSDR17
JURIX,2017,Conference and Workshop Papers,open,Toward Linking Heterogenous References in Czech Court Decisions to Content,Jakub Harasta; Jaromír Savelka,10.3233/978-1-61499-838-9-177,https://doi.org/10.3233/978-1-61499-838-9-177,177-182,conf/jurix/HarastaS17,https://dblp.org/rec/conf/jurix/HarastaS17
JURIX,2017,Conference and Workshop Papers,open,Answering Legal Research Questions About Dutch Case Law with Network Analysis and Visualization,Dafne E. van Kuppevelt; Gijs van Dijck,10.3233/978-1-61499-838-9-95,https://doi.org/10.3233/978-1-61499-838-9-95,95-100,conf/jurix/KuppeveltD17,https://dblp.org/rec/conf/jurix/KuppeveltD17
JURIX,2017,Conference and Workshop Papers,open,Concept Recognition in European and National Law,Rohan Nanda; Giovanni Siragusa; Luigi Di Caro; Martin Theobald; Guido Boella; Livio Robaldo; Francesco Costamagna,10.3233/978-1-61499-838-9-193,https://doi.org/10.3233/978-1-61499-838-9-193,193-198,conf/jurix/NandaSCTBRC17,https://dblp.org/rec/conf/jurix/NandaSCTBRC17
JURIX,2017,Conference and Workshop Papers,open,A Semi-Supervised Training Method for Semantic Search of Legal Facts in Canadian Immigration Cases,Isar Nejadgholi; Renaud Bougueng; Samuel Witherspoon,10.3233/978-1-61499-838-9-125,https://doi.org/10.3233/978-1-61499-838-9-125,125-134,conf/jurix/NejadgholiBW17,https://dblp.org/rec/conf/jurix/NejadgholiBW17
JURIX,2017,Conference and Workshop Papers,open,Giving Every Case Its (Legal) Due - The Contribution of Citation Networks and Text Similarity Techniques to Legal Studies of European Union Law,Yannis Panagis; Urska Sadl; Fabien Tarissan,10.3233/978-1-61499-838-9-59,https://doi.org/10.3233/978-1-61499-838-9-59,59-68,conf/jurix/PanagisST17,https://dblp.org/rec/conf/jurix/PanagisST17
JURIX,2017,Conference and Workshop Papers,open,Argument Schemes for Discussing Bayesian Modellings of Complex Criminal Cases,Henry Prakken,10.3233/978-1-61499-838-9-69,https://doi.org/10.3233/978-1-61499-838-9-69,69-78,conf/jurix/Prakken17,https://dblp.org/rec/conf/jurix/Prakken17
JURIX,2017,Conference and Workshop Papers,open,Detecting Agent Mentions in U.S. Court Decisions,Jaromír Savelka; Kevin D. Ashley,10.3233/978-1-61499-838-9-39,https://doi.org/10.3233/978-1-61499-838-9-39,39-48,conf/jurix/SavelkaA17,https://dblp.org/rec/conf/jurix/SavelkaA17
JURIX,2017,Conference and Workshop Papers,open,A Computational Model of Moral and Legal Responsibility via Simplicity Theory,Giovanni Sileno; Antoine Saillenfest; Jean-Louis Dessalles,10.3233/978-1-61499-838-9-171,https://doi.org/10.3233/978-1-61499-838-9-171,171-176,conf/jurix/SilenoSD17,https://dblp.org/rec/conf/jurix/SilenoSD17
JURIX,2017,Conference and Workshop Papers,open,Temporalised Belief Revision in the Law,Luciano H. Tamargo; Diego C. Martínez; Antonino Rotolo; Guido Governatori,10.3233/978-1-61499-838-9-49,https://doi.org/10.3233/978-1-61499-838-9-49,49-58,conf/jurix/TamargoMRG17,https://dblp.org/rec/conf/jurix/TamargoMRG17
JURIX,2017,Conference and Workshop Papers,open,Classifying Legal Norms with Active Machine Learning,Bernhard Waltl; Johannes Muhr; Ingo Glaser; Georg Bonczek; Elena Scepankova; Florian Matthes,10.3233/978-1-61499-838-9-11,https://doi.org/10.3233/978-1-61499-838-9-11,11-20,conf/jurix/WaltlMGBSM17,https://dblp.org/rec/conf/jurix/WaltlMGBSM17
JURIX,2017,Conference and Workshop Papers,open,On Annotation of the Textual Contents of Scottish Legal Instruments,Adam Z. Wyner; Fraser Gough; François Lévy; Matt Lynch; Adeline Nazarenko,10.3233/978-1-61499-838-9-101,https://doi.org/10.3233/978-1-61499-838-9-101,101-106,conf/jurix/WynerGLLN17,https://dblp.org/rec/conf/jurix/WynerGLLN17
JURIX,2018,Editorship,unavailable,"Legal Knowledge and Information Systems - JURIX 2018: The Thirty-first Annual Conference, Groningen, The Netherlands, 12-14 December 2018",Monica Palmirani,,,,conf/jurix/2018,https://dblp.org/rec/conf/jurix/2018
JURIX,2018,Conference and Workshop Papers,open,"Named Entity Recognition, Linking and Generation for Greek Legislation",Iosif Angelidis; Ilias Chalkidis; Manolis Koubarakis,10.3233/978-1-61499-935-5-1,https://doi.org/10.3233/978-1-61499-935-5-1,1-10,conf/jurix/AngelidisCK18,https://dblp.org/rec/conf/jurix/AngelidisCK18
JURIX,2018,Conference and Workshop Papers,open,On Observing Contracts: Deontic Contracts Meet Smart Contracts,Shaun Azzopardi; Gordon J. Pace; Fernando Schapachnik,10.3233/978-1-61499-935-5-21,https://doi.org/10.3233/978-1-61499-935-5-21,21-30,conf/jurix/AzzopardiPS18,https://dblp.org/rec/conf/jurix/AzzopardiPS18
JURIX,2018,Conference and Workshop Papers,open,Legal Representation and Reasoning in Practice: A Critical Comparison,Sotiris Batsakis; George Baryannis; Guido Governatori; Ilias Tachmazidis; Grigoris Antoniou,10.3233/978-1-61499-935-5-31,https://doi.org/10.3233/978-1-61499-935-5-31,31-40,conf/jurix/BatsakisBGTA18,https://dblp.org/rec/conf/jurix/BatsakisBGTA18
JURIX,2018,Conference and Workshop Papers,open,Lessons from Implementing Factors with Magnitude,Trevor J. M. Bench-Capon; Katie Atkinson,10.3233/978-1-61499-935-5-11,https://doi.org/10.3233/978-1-61499-935-5-11,11-20,conf/jurix/Bench-CaponA18,https://dblp.org/rec/conf/jurix/Bench-CaponA18
JURIX,2018,Conference and Workshop Papers,open,Efficient and Effective Case Reject-Accept Filtering: A Study Using Machine Learning,Robert Bevan; Alessandro Torrisi; Katie Atkinson; Danushka Bollegala; Frans Coenen,10.3233/978-1-61499-935-5-171,https://doi.org/10.3233/978-1-61499-935-5-171,171-175,conf/jurix/BevanTABC18,https://dblp.org/rec/conf/jurix/BevanTABC18
JURIX,2018,Conference and Workshop Papers,open,Dealing with Qualitative and Quantitative Features in Legal Domains,Maximiliano Celmo David Budán; Maria Laura Cobo; Diego C. Martínez; Antonino Rotolo,10.3233/978-1-61499-935-5-176,https://doi.org/10.3233/978-1-61499-935-5-176,176-180,conf/jurix/BudanCMR18,https://dblp.org/rec/conf/jurix/BudanCMR18
JURIX,2018,Conference and Workshop Papers,open,A Tool to Highlight Weaknesses and Strengthen Cases: CISpaces.org,Federico Cerutti; Timothy J. Norman; Alice Toniolo,10.3233/978-1-61499-935-5-186,https://doi.org/10.3233/978-1-61499-935-5-186,186-189,conf/jurix/CeruttiNT18,https://dblp.org/rec/conf/jurix/CeruttiNT18
JURIX,2018,Conference and Workshop Papers,open,Linguistic Legal Concept Extraction in Portuguese,Alessandra Cid; Alexandre Rademaker; Bruno Cuconato; Valeria de Paiva,10.3233/978-1-61499-935-5-181,https://doi.org/10.3233/978-1-61499-935-5-181,181-185,conf/jurix/CidRCP18,https://dblp.org/rec/conf/jurix/CidRCP18
JURIX,2018,Conference and Workshop Papers,open,A Question Answering System on Regulatory Documents,Diego Collarana; Timm Heuss; Jens Lehmann; Ioanna Lytra; Gaurav Maheshwari; Rostislav Nedelchev; Thorsten Schmidt; Priyansh Trivedi,10.3233/978-1-61499-935-5-41,https://doi.org/10.3233/978-1-61499-935-5-41,41-50,conf/jurix/CollaranaHLLMNS18,https://dblp.org/rec/conf/jurix/CollaranaHLLMNS18
JURIX,2018,Conference and Workshop Papers,open,Automated Processing of Privacy Policies Under the EU General Data Protection Regulation,Giuseppe Contissa; Koen Docter; Francesca Lagioia; Marco Lippi; Hans-Wolfgang Micklitz; Przemyslaw Palka; Giovanni Sartor; Paolo Torroni,10.3233/978-1-61499-935-5-51,https://doi.org/10.3233/978-1-61499-935-5-51,51-60,conf/jurix/ContissaDL0MPST18,https://dblp.org/rec/conf/jurix/ContissaDL0MPST18
JURIX,2018,Conference and Workshop Papers,open,Coding Suspicion,Arthur Crivella; Wesley M. Oliver; Morgan A. Gray,10.3233/978-1-61499-935-5-190,https://doi.org/10.3233/978-1-61499-935-5-190,190-194,conf/jurix/CrivellaOG18,https://dblp.org/rec/conf/jurix/CrivellaOG18
JURIX,2018,Conference and Workshop Papers,open,Classifying Semantic Types of Legal Sentences: Portability of Machine Learning Models,Ingo Glaser; Elena Scepankova; Florian Matthes,10.3233/978-1-61499-935-5-61,https://doi.org/10.3233/978-1-61499-935-5-61,61-70,conf/jurix/GlaserSM18,https://dblp.org/rec/conf/jurix/GlaserSM18
JURIX,2018,Conference and Workshop Papers,open,Is Blockchain Hashing an Effective Method for Electronic Governance?,Oleksii Konashevych; Marta Poblet,10.3233/978-1-61499-935-5-195,https://doi.org/10.3233/978-1-61499-935-5-195,195-199,conf/jurix/KonashevychP18,https://dblp.org/rec/conf/jurix/KonashevychP18
JURIX,2018,Conference and Workshop Papers,open,Towards Explainable Semantic Text Matching,Jörg Landthaler; Ingo Glaser; Florian Matthes,10.3233/978-1-61499-935-5-200,https://doi.org/10.3233/978-1-61499-935-5-200,200-204,conf/jurix/LandthalerGM18,https://dblp.org/rec/conf/jurix/LandthalerGM18
JURIX,2018,Conference and Workshop Papers,open,E-Science and the Law. Three Experimental Platforms for Legal Analytics,Nicola Lettieri; Alfonso Guarino; Delfina Malandrino,10.3233/978-1-61499-935-5-71,https://doi.org/10.3233/978-1-61499-935-5-71,71-80,conf/jurix/LettieriGM18,https://dblp.org/rec/conf/jurix/LettieriGM18
JURIX,2018,Conference and Workshop Papers,open,A Chatbot Framework for the Children&apos;s Legal Centre,Jay Paul Morgan; Adeline Paiement; Monika Seisenberger; Jane Williams; Adam Wyner,10.3233/978-1-61499-935-5-205,https://doi.org/10.3233/978-1-61499-935-5-205,205-209,conf/jurix/MorganPSWW18,https://dblp.org/rec/conf/jurix/MorganPSWW18
JURIX,2018,Conference and Workshop Papers,open,Chronicle of a Clash Foretold: Blockchains and the GDPR&apos;s Right to Erasure,Ugo Pagallo; Eleonora Bassi; Marco Crepaldi; Massimo Durante,10.3233/978-1-61499-935-5-81,https://doi.org/10.3233/978-1-61499-935-5-81,81-90,conf/jurix/PagalloBCD18,https://dblp.org/rec/conf/jurix/PagalloBCD18
JURIX,2018,Conference and Workshop Papers,open,Modelling Legal Knowledge for GDPR Compliance Checking,Monica Palmirani; Guido Governatori,10.3233/978-1-61499-935-5-101,https://doi.org/10.3233/978-1-61499-935-5-101,101-110,conf/jurix/PalmiraniG18,https://dblp.org/rec/conf/jurix/PalmiraniG18
JURIX,2018,Conference and Workshop Papers,open,Legal Ontology for Modelling GDPR Concepts and Norms,Monica Palmirani; Michele Martoni; Arianna Rossi; Cesare Bartolini; Livio Robaldo,10.3233/978-1-61499-935-5-91,https://doi.org/10.3233/978-1-61499-935-5-91,91-100,conf/jurix/PalmiraniMRBR18,https://dblp.org/rec/conf/jurix/PalmiraniMRBR18
JURIX,2018,Conference and Workshop Papers,open,Query Generation for Patent Retrieval with Keyword Extraction Based on Syntactic Features,Julien Rossi; Evangelos Kanoulas,10.3233/978-1-61499-935-5-210,https://doi.org/10.3233/978-1-61499-935-5-210,210-214,conf/jurix/RossiK18,https://dblp.org/rec/conf/jurix/RossiK18
JURIX,2018,Conference and Workshop Papers,open,Segmenting U.S. Court Decisions into Functional and Issue Specific Parts,Jaromír Savelka; Kevin D. Ashley,10.3233/978-1-61499-935-5-111,https://doi.org/10.3233/978-1-61499-935-5-111,111-120,conf/jurix/SavelkaA18,https://dblp.org/rec/conf/jurix/SavelkaA18
JURIX,2018,Conference and Workshop Papers,open,Analysing the Impact of Legal Change Through Case Classification,Roos Slingerland; Alexander Boer; Radboud Winkels,10.3233/978-1-61499-935-5-121,https://doi.org/10.3233/978-1-61499-935-5-121,121-130,conf/jurix/SlingerlandBW18,https://dblp.org/rec/conf/jurix/SlingerlandBW18
JURIX,2018,Conference and Workshop Papers,open,Towards the Assessment of Gold-Standard Alignments Between Legal Thesauri,Armando Stellato; Andrea Turbati; Manuel Fiorelli; Tiziano Lorenzetti; Peter Schmitz; Enrico Francesconi; Najeh Hajlaoui; Brahim Batouche,10.3233/978-1-61499-935-5-131,https://doi.org/10.3233/978-1-61499-935-5-131,131-140,conf/jurix/StellatoTFL0FHB18,https://dblp.org/rec/conf/jurix/StellatoTFL0FHB18
JURIX,2018,Conference and Workshop Papers,open,K-Means Clustering for Controversial Issues Merging in Chinese Legal Texts,Xin Tian; Yin Fang; Yang Weng; Yawen Luo; Huifang Cheng; Zhu Wang,10.3233/978-1-61499-935-5-215,https://doi.org/10.3233/978-1-61499-935-5-215,215-219,conf/jurix/TianFWLCW18,https://dblp.org/rec/conf/jurix/TianFWLCW18
JURIX,2018,Conference and Workshop Papers,open,Using Agreement Statements to Identify Majority Opinion in UKHL Case Law,Josef Valvoda; Oliver Ray; Ken Satoh,10.3233/978-1-61499-935-5-141,https://doi.org/10.3233/978-1-61499-935-5-141,141-150,conf/jurix/ValvodaRS18,https://dblp.org/rec/conf/jurix/ValvodaRS18
JURIX,2018,Conference and Workshop Papers,open,Exploiting Causality in Constructing Bayesian Network Graphs from Legal Arguments,Remi Wieten; Floris Bex; Henry Prakken; Silja Renooij,10.3233/978-1-61499-935-5-151,https://doi.org/10.3233/978-1-61499-935-5-151,151-160,conf/jurix/WietenBPR18,https://dblp.org/rec/conf/jurix/WietenBPR18
JURIX,2018,Conference and Workshop Papers,open,Japanese Legal Term Correction Using Random Forests,Takahiro Yamakoshi; Takahiro Komamizu; Yasuhiro Ogawa; Katsuhiko Toyama,10.3233/978-1-61499-935-5-161,https://doi.org/10.3233/978-1-61499-935-5-161,161-170,conf/jurix/YamakoshiKOT18,https://dblp.org/rec/conf/jurix/YamakoshiKOT18
JURIX,2018,Conference and Workshop Papers,open,Checking the Validity of Rule-Based Arguments Grounded in Cases: A Computational Approach,Heng Zheng; Minghui Xiong; Bart Verheij,10.3233/978-1-61499-935-5-220,https://doi.org/10.3233/978-1-61499-935-5-220,220-224,conf/jurix/ZhengXV18,https://dblp.org/rec/conf/jurix/ZhengXV18
JURIX,2019,Editorship,open,"Legal Knowledge and Information Systems - JURIX 2019: The Thirty-second Annual Conference, Madrid, Spain, December 11-13, 2019",Michal Araszkiewicz; Víctor Rodríguez-Doncel,10.3233/FAIA322,https://doi.org/10.3233/FAIA322,,conf/jurix/2019,https://dblp.org/rec/conf/jurix/2019
JURIX,2019,Conference and Workshop Papers,open,Realising ANGELIC Designs Using Logiak,Katie Atkinson; Trevor J. M. Bench-Capon; Tom Routen; Alejandro Sánchez; Stuart Whittle; Rob Williams; Catriona Wolfenden,10.3233/FAIA190317,https://doi.org/10.3233/FAIA190317,151-156,conf/jurix/AtkinsonBRSWWW19,https://dblp.org/rec/conf/jurix/AtkinsonBRSWWW19
JURIX,2019,Conference and Workshop Papers,open,Renvoi in Private International Law: A Formalization with Modal Contexts,Matteo Baldoni; Laura Giordano; Ken Satoh,10.3233/FAIA190318,https://doi.org/10.3233/FAIA190318,157-162,conf/jurix/Baldoni0S19,https://dblp.org/rec/conf/jurix/Baldoni0S19
JURIX,2019,Conference and Workshop Papers,open,A Dialogical Model of Case Law Dynamics,Trevor J. M. Bench-Capon; John Henderson,10.3233/FAIA190319,https://doi.org/10.3233/FAIA190319,163-168,conf/jurix/Bench-CaponH19,https://dblp.org/rec/conf/jurix/Bench-CaponH19
JURIX,2019,Conference and Workshop Papers,open,Identification of Rhetorical Roles of Sentences in Indian Legal Judgments,Paheli Bhattacharya; Shounak Paul; Kripabandhu Ghosh; Saptarshi Ghosh; Adam Wyner,10.3233/FAIA190301,https://doi.org/10.3233/FAIA190301,3-12,conf/jurix/BhattacharyaPG019,https://dblp.org/rec/conf/jurix/BhattacharyaPG019
JURIX,2019,Conference and Workshop Papers,open,Defeasible Systems in Legal Reasoning: A Comparative Assessment,Roberta Calegari; Giuseppe Contissa; Francesca Lagioia; Andrea Omicini; Giovanni Sartor,10.3233/FAIA190320,https://doi.org/10.3233/FAIA190320,169-174,conf/jurix/CalegariCLOS19,https://dblp.org/rec/conf/jurix/CalegariCLOS19
JURIX,2019,Conference and Workshop Papers,open,Improving the Processing of Question Answer Based Legal Documents,Saurabh Chakravarty; Maanav Mehrotra; Raja Venkata Satya Phanindra Chava; Han Liu; Matthew Krivansky; Edward A. Fox,10.3233/FAIA190302,https://doi.org/10.3233/FAIA190302,13-22,conf/jurix/ChakravartyMCLK19,https://dblp.org/rec/conf/jurix/ChakravartyMCLK19
JURIX,2019,Conference and Workshop Papers,open,Security and Privacy in Resource-constrained Devices,Pier Giorgio Chiara,,https://ceur-ws.org/Vol-2598/paper-03.pdf,,conf/jurix/Chiara19,https://dblp.org/rec/conf/jurix/Chiara19
JURIX,2019,Conference and Workshop Papers,open,Weakly Supervised One-Shot Classification Using Recurrent Neural Networks with Attention: Application to Claim Acceptance Detection,Charles Condevaux; Sébastien Harispe; Stéphane Mussard; Guillaume Zambrano,10.3233/FAIA190303,https://doi.org/10.3233/FAIA190303,23-32,conf/jurix/CondevauxHMZ19,https://dblp.org/rec/conf/jurix/CondevauxHMZ19
JURIX,2019,Conference and Workshop Papers,open,Democracy Through the Blocks: Towards the Era of Law Engineering,Biagio Distefano,,https://ceur-ws.org/Vol-2598/paper-02.pdf,,conf/jurix/Distefano19,https://dblp.org/rec/conf/jurix/Distefano19
JURIX,2019,Conference and Workshop Papers,open,Governmental Transparency in the Era of Artificial Intelligence,Tom M. van Engers; Dennis M. de Vries,10.3233/FAIA190304,https://doi.org/10.3233/FAIA190304,33-42,conf/jurix/EngersV19,https://dblp.org/rec/conf/jurix/EngersV19
JURIX,2019,Conference and Workshop Papers,open,Managing Legal Compliance in Video-interview Systems. Rules-Based Auditing,Carmen Fernández-Martínez,,https://ceur-ws.org/Vol-2598/paper-04.pdf,,conf/jurix/Fernandez-Martinez19,https://dblp.org/rec/conf/jurix/Fernandez-Martinez19
JURIX,2019,Conference and Workshop Papers,open,Legal Compliance in a Linked Open Data Framework,Enrico Francesconi; Guido Governatori,10.3233/FAIA190321,https://doi.org/10.3233/FAIA190321,175-180,conf/jurix/FrancesconiG19,https://dblp.org/rec/conf/jurix/FrancesconiG19
JURIX,2019,Conference and Workshop Papers,open,Research Proposal: Influenceable Autonomy and Predictable Freedom in the IoE,Maximilian Gartner,,https://ceur-ws.org/Vol-2598/paper-05.pdf,,conf/jurix/Gartner19,https://dblp.org/rec/conf/jurix/Gartner19
JURIX,2019,Conference and Workshop Papers,open,Deontic Closure and Conflict in Legal Reasoning,Guido Governatori; Robert Mullins,10.3233/FAIA190322,https://doi.org/10.3233/FAIA190322,181-186,conf/jurix/GovernatoriM19,https://dblp.org/rec/conf/jurix/GovernatoriM19
JURIX,2019,Conference and Workshop Papers,open,Legislative Dialogues with Incomplete Information,Guido Governatori; Antonino Rotolo,10.3233/FAIA190310,https://doi.org/10.3233/FAIA190310,93-102,conf/jurix/GovernatoriR19,https://dblp.org/rec/conf/jurix/GovernatoriR19
JURIX,2019,Conference and Workshop Papers,open,A Computational Model for Pragmatic Oddity,Guido Governatori; Antonino Rotolo,10.3233/FAIA190323,https://doi.org/10.3233/FAIA190323,187-192,conf/jurix/GovernatoriR19a,https://dblp.org/rec/conf/jurix/GovernatoriR19a
JURIX,2019,Conference and Workshop Papers,open,Privacy and Monopoly Concerns in Data-Driven Transactions,Duygu Aksit Karaçam,10.3233/FAIA190316,https://doi.org/10.3233/FAIA190316,145-150,conf/jurix/Karacam19,https://dblp.org/rec/conf/jurix/Karacam19
JURIX,2019,Conference and Workshop Papers,open,Deep Learning for Detecting and Explaining Unfairness in Consumer Contracts,Francesca Lagioia; Federico Ruggeri; Kasper Drazewski; Marco Lippi; Hans-Wolfgang Micklitz; Paolo Torroni; Giovanni Sartor,10.3233/FAIA190305,https://doi.org/10.3233/FAIA190305,43-52,conf/jurix/LagioiaRD0MTS19,https://dblp.org/rec/conf/jurix/LagioiaRD0MTS19
JURIX,2019,Conference and Workshop Papers,open,PatentTransformer: A Framework for Personalized Patent Claim Generation,Jieh-Sheng Lee,,https://ceur-ws.org/Vol-2598/paper-06.pdf,,conf/jurix/Lee19,https://dblp.org/rec/conf/jurix/Lee19
JURIX,2019,Conference and Workshop Papers,open,A Comparison of Two Hybrid Methods for Analyzing Evidential Reasoning,Ludi van Leeuwen; Bart Verheij,10.3233/FAIA190306,https://doi.org/10.3233/FAIA190306,53-62,conf/jurix/LeeuwenV19,https://dblp.org/rec/conf/jurix/LeeuwenV19
JURIX,2019,Conference and Workshop Papers,open,Frequent Use Cases Extraction from Legal Texts in the Data Protection Domain,Valentina Leone; Luigi Di Caro,10.3233/FAIA190324,https://doi.org/10.3233/FAIA190324,193-198,conf/jurix/LeoneC19,https://dblp.org/rec/conf/jurix/LeoneC19
JURIX,2019,Conference and Workshop Papers,open,The NAI Suite - Drafting and Reasoning over Legal Texts,Tomer Libal; Alexander Steen,10.3233/FAIA190333,https://doi.org/10.3233/FAIA190333,243-246,conf/jurix/LibalS19,https://dblp.org/rec/conf/jurix/LibalS19
JURIX,2019,Conference and Workshop Papers,open,On the Formal Structure of Rules in Conflict of Laws,Réka Markovich,10.3233/FAIA190325,https://doi.org/10.3233/FAIA190325,199-204,conf/jurix/Markovich19,https://dblp.org/rec/conf/jurix/Markovich19
JURIX,2019,Conference and Workshop Papers,open,Towards the Creation and Enrichment of a Terminological Knowledge Graph in the Legal Domain,Patricia Martín-Chozas,,https://ceur-ws.org/Vol-2598/paper-07.pdf,,conf/jurix/Martin-Chozas19,https://dblp.org/rec/conf/jurix/Martin-Chozas19
JURIX,2019,Conference and Workshop Papers,open,Facts2Law - Using Deep Learning to Provide a Legal Qualification to a Set of Facts,Ivan Mokanov,10.3233/FAIA190334,https://doi.org/10.3233/FAIA190334,247-250,conf/jurix/Mokanov19,https://dblp.org/rec/conf/jurix/Mokanov19
JURIX,2019,Conference and Workshop Papers,open,Similarity and Relevance of Court Decisions: A Computational Study on CJEU Cases,Kody Moodley; Pedro V. Hernandez Serrano; Gijs van Dijck; Michel Dumontier,10.3233/FAIA190307,https://doi.org/10.3233/FAIA190307,63-72,conf/jurix/MoodleySDD19,https://dblp.org/rec/conf/jurix/MoodleySDD19
JURIX,2019,Conference and Workshop Papers,open,ANOPPI: A Pseudonymization Service for Finnish Court Documents,Arttu Oksanen; Minna Tamper; Jouni Tuominen; Aki Hietanen; Eero Hyvönen,10.3233/FAIA190335,https://doi.org/10.3233/FAIA190335,251-254,conf/jurix/OksanenTTHH19,https://dblp.org/rec/conf/jurix/OksanenTTHH19
JURIX,2019,Conference and Workshop Papers,open,PrOnto Ontology Refinement Through Open Knowledge Extraction,Monica Palmirani; Giorgia Bincoletto; Valentina Leone; Salvatore Sapienza; Francesco Sovrano,10.3233/FAIA190326,https://doi.org/10.3233/FAIA190326,205-210,conf/jurix/PalmiraniBLSS19,https://dblp.org/rec/conf/jurix/PalmiraniBLSS19
JURIX,2019,Conference and Workshop Papers,open,Legal Institutions and Virtual Worlds,Radoslaw Palosz,,https://ceur-ws.org/Vol-2598/paper-09.pdf,,conf/jurix/Palosz19,https://dblp.org/rec/conf/jurix/Palosz19
JURIX,2019,Conference and Workshop Papers,open,The Internet of Money between Anonymity and Publicity: Legal Challenges of Distributed Ledger Technologies in the Crypto Financial Landscape,Nadia Pocher,,https://ceur-ws.org/Vol-2598/paper-10.pdf,,conf/jurix/Pocher19,https://dblp.org/rec/conf/jurix/Pocher19
JURIX,2019,Conference and Workshop Papers,open,Comparing Alternative Factor- and Precedent-Based Accounts of Precedential Constraint,Henry Prakken,10.3233/FAIA190308,https://doi.org/10.3233/FAIA190308,73-82,conf/jurix/Prakken19,https://dblp.org/rec/conf/jurix/Prakken19
JURIX,2019,Conference and Workshop Papers,open,Surveillance Risks in IoT Applied to Smart Cities,Isadora Neroni Rezende,,https://ceur-ws.org/Vol-2598/paper-08.pdf,,conf/jurix/Rezende19,https://dblp.org/rec/conf/jurix/Rezende19
JURIX,2019,Conference and Workshop Papers,open,Legal Search in Case Law and Statute Law,Julien Rossi; Evangelos Kanoulas,10.3233/FAIA190309,https://doi.org/10.3233/FAIA190309,83-92,conf/jurix/RossiK19,https://dblp.org/rec/conf/jurix/RossiK19
JURIX,2019,Conference and Workshop Papers,open,"Towards a Computational Theory of Action, Causation and Power for Normative Reasoning",Giovanni Sileno; Alexander Boer; Tom M. van Engers,10.3233/FAIA190327,https://doi.org/10.3233/FAIA190327,211-216,conf/jurix/SilenoBE19,https://dblp.org/rec/conf/jurix/SilenoBE19
JURIX,2019,Conference and Workshop Papers,open,Legal Text Generation from Abstract Meaning Representation,Vu Trong Sinh; Minh Le Nguyen; Ken Satoh,10.3233/FAIA190330,https://doi.org/10.3233/FAIA190330,229-234,conf/jurix/SinhNS19,https://dblp.org/rec/conf/jurix/SinhNS19
JURIX,2019,Conference and Workshop Papers,open,Application of Character-Level Language Models in the Domain of Polish Statutory Law,Aleksander Smywinski-Pohl; Krzysztof Wróbel; Karol Lasocki; Michal Jungiewicz,10.3233/FAIA190328,https://doi.org/10.3233/FAIA190328,217-222,conf/jurix/Smywinski-PohlW19,https://dblp.org/rec/conf/jurix/Smywinski-PohlW19
JURIX,2019,Conference and Workshop Papers,open,Generating Regular Expressions from Semantically and Pragmatically Analysed Text as Forensic Search Support in Evidence Mining,Abiodun Abdullahi Solanke,,https://ceur-ws.org/Vol-2598/paper-01.pdf,,conf/jurix/Solanke19,https://dblp.org/rec/conf/jurix/Solanke19
JURIX,2019,Conference and Workshop Papers,open,Verifying Meaning Equivalence in Bilingual International Treaties,Linyuan Tang; Kyo Kageura,10.3233/FAIA190311,https://doi.org/10.3233/FAIA190311,103-112,conf/jurix/TangK19,https://dblp.org/rec/conf/jurix/TangK19
JURIX,2019,Conference and Workshop Papers,open,Combining Textual and Visual Information for Typed and Handwritten Text Separation in Legal Documents,Alessandro Torrisi; Robert Bevan; Katie Atkinson; Danushka Bollegala; Frans Coenen,10.3233/FAIA190329,https://doi.org/10.3233/FAIA190329,223-228,conf/jurix/TorrisiBABC19,https://dblp.org/rec/conf/jurix/TorrisiBABC19
JURIX,2019,Conference and Workshop Papers,open,ERST: Leveraging Topic Features for Context-Aware Legal Reference Linking,Sabine Wehnert; Gabriel Campero Durand; Gunter Saake,10.3233/FAIA190312,https://doi.org/10.3233/FAIA190312,113-122,conf/jurix/WehnertDS19,https://dblp.org/rec/conf/jurix/WehnertDS19
JURIX,2019,Conference and Workshop Papers,open,Computer-Assisted Creation of Boolean Search Rules for Text Classification in the Legal Domain,Hannes Westermann; Jaromír Savelka; Vern R. Walker; Kevin D. Ashley; Karim Benyekhlef,10.3233/FAIA190313,https://doi.org/10.3233/FAIA190313,123-132,conf/jurix/WestermannSWAB19,https://dblp.org/rec/conf/jurix/WestermannSWAB19
JURIX,2019,Conference and Workshop Papers,open,On Constructing a Knowledge Base of Chinese Criminal Cases,Xiaohan Wu; Benjamin L. Liebman; Rachel E. Stern; Margaret E. Roberts; Amarnath Gupta,10.3233/FAIA190331,https://doi.org/10.3233/FAIA190331,235-240,conf/jurix/WuLSRG19,https://dblp.org/rec/conf/jurix/WuLSRG19
JURIX,2019,Conference and Workshop Papers,open,Examination of Current AI Systems within the Scope of Right to Explanation and Designing Explainable AI Systems,Orhan Gazi Yalçin,,https://ceur-ws.org/Vol-2598/paper-11.pdf,,conf/jurix/Yalcin19,https://dblp.org/rec/conf/jurix/Yalcin19
JURIX,2019,Conference and Workshop Papers,open,Neural Network Based Rhetorical Status Classification for Japanese Judgment Documents,Hiroaki Yamada; Simone Teufel; Takenobu Tokunaga,10.3233/FAIA190314,https://doi.org/10.3233/FAIA190314,133-142,conf/jurix/YamadaTT19,https://dblp.org/rec/conf/jurix/YamadaTT19
JURIX,2019,Conference and Workshop Papers,open,On the Optimized Utilization of Smart Contracts in DLTs from the Perspective of Legal Representation and Legal Reasoning,Liuwen Yu,,https://ceur-ws.org/Vol-2598/paper-12.pdf,,conf/jurix/Yu19,https://dblp.org/rec/conf/jurix/Yu19
JURIX,2019,Conference and Workshop Papers,open,Location Privacy and Inference in Online Social Networks,Mirko Zichichi,,https://ceur-ws.org/Vol-2598/paper-13.pdf,,conf/jurix/Zichichi19,https://dblp.org/rec/conf/jurix/Zichichi19
JURIX,2020,Editorship,open,"Proceedings of the Seventh JURIX 2019 Doctoral Consortium co-located with 32nd International Conference on Legal Knowledge and Information Systems, JURIX 2019 Doctoral Consortium, Madrid, Spain, December 11, 2019",Monica Palmirani,,https://ceur-ws.org/Vol-2598,,conf/jurix/2019dc,https://dblp.org/rec/conf/jurix/2019dc
JURIX,2020,Editorship,open,"Legal Knowledge and Information Systems - JURIX 2020: The Thirty-third Annual Conference, Brno, Czech Republic, December 9-11, 2020",Serena Villata; Jakub Harasta; Petr Kremen,10.3233/FAIA334,https://doi.org/10.3233/FAIA334,,conf/jurix/2020,https://dblp.org/rec/conf/jurix/2020
JURIX,2020,Conference and Workshop Papers,open,Plain Language Assessment of Statutes,Wolfgang Alschner; Daniel D&apos;Alimonte; Giovanni C. Giuga; Sophie Gadbois,10.3233/FAIA200865,https://doi.org/10.3233/FAIA200865,207-210,conf/jurix/AlschnerDGG20,https://dblp.org/rec/conf/jurix/AlschnerDGG20
JURIX,2020,Conference and Workshop Papers,open,Permissioned Blockchains: Towards Privacy Management and Data Regulation Compliance,Paulo Henrique Cardoso Alves; Isabella Zalcberg Frajhof; Fernando A. Correia; Clarisse Sieckenius de Souza; Hélio Lopes,10.3233/FAIA200866,https://doi.org/10.3233/FAIA200866,211-214,conf/jurix/AlvesFCSL20,https://dblp.org/rec/conf/jurix/AlvesFCSL20
JURIX,2020,Conference and Workshop Papers,open,Topic Modelling Brazilian Supreme Court Lawsuits,Pedro Henrique Luz de Araujo; Teófilo E. de Campos,10.3233/FAIA200855,https://doi.org/10.3233/FAIA200855,113-122,conf/jurix/AraujoC20,https://dblp.org/rec/conf/jurix/AraujoC20
JURIX,2020,Conference and Workshop Papers,open,Traffic Rules Encoding Using Defeasible Deontic Logic,Hanif Bhuiyan; Guido Governatori; Andy Bond; Sébastien Demmel; Mohammad Badiul Islam; Andry Rakotonirainy,10.3233/FAIA200844,https://doi.org/10.3233/FAIA200844,3-12,conf/jurix/BhuiyanGBDIR20,https://dblp.org/rec/conf/jurix/BhuiyanGBDIR20
JURIX,2020,Conference and Workshop Papers,open,"Judges Are from Mars, Pro Se Litigants Are from Venus: Predicting Decisions from Lay Text",Karl Branting; Carlos Balhana; Craig Pfeifer; John S. Aberdeen; Bradford Brown,10.3233/FAIA200867,https://doi.org/10.3233/FAIA200867,215-218,conf/jurix/BrantingBPAB20,https://dblp.org/rec/conf/jurix/BrantingBPAB20
JURIX,2020,Conference and Workshop Papers,open,Arg-tuProlog: A Modular Logic Argumentation Tool for PIL,Roberta Calegari; Giuseppe Contissa; Giuseppe Pisano; Galileo Sartor; Giovanni Sartor,10.3233/FAIA200880,https://doi.org/10.3233/FAIA200880,265-268,conf/jurix/CalegariCPSS20,https://dblp.org/rec/conf/jurix/CalegariCPSS20
JURIX,2020,Conference and Workshop Papers,open,A Model for the Burden of Persuasion in Argumentation,Roberta Calegari; Giovanni Sartor,10.3233/FAIA200845,https://doi.org/10.3233/FAIA200845,13-22,conf/jurix/CalegariS20,https://dblp.org/rec/conf/jurix/CalegariS20
JURIX,2020,Conference and Workshop Papers,open,A Taxonomy for the Representation of Privacy and Data Control Signals,Kartik Chawla; Joris Hulstijn,10.3233/FAIA200846,https://doi.org/10.3233/FAIA200846,23-32,conf/jurix/ChawlaH20,https://dblp.org/rec/conf/jurix/ChawlaH20
JURIX,2020,Conference and Workshop Papers,open,Evaluating the Data Privacy of Mobile Applications Through Crowdsourcing,Ioannis Chrysakis; Giorgos Flouris; George Ioannidis; Maria Makridaki; Theodore Patkos; Yannis Roussakis; Georgios Samaritakis; Alexandru Stan; Nikoleta Tsampanaki; Elias Tzortzakakis; Elisjana Ymeralli,10.3233/FAIA200868,https://doi.org/10.3233/FAIA200868,219-222,conf/jurix/ChrysakisFIMPRS20,https://dblp.org/rec/conf/jurix/ChrysakisFIMPRS20
JURIX,2020,Conference and Workshop Papers,open,CAP-A: A Suite of Tools for Data Privacy Evaluation of Mobile Applications,Ioannis Chrysakis; Giorgos Flouris; George Ioannidis; Maria Makridaki; Theodore Patkos; Yannis Roussakis; Georgios Samaritakis; Alexandru Stan; Nikoleta Tsampanaki; Elias Tzortzakakis; Elisjana Ymeralli,10.3233/FAIA200881,https://doi.org/10.3233/FAIA200881,269-272,conf/jurix/ChrysakisFIMPRS20a,https://dblp.org/rec/conf/jurix/ChrysakisFIMPRS20a
JURIX,2020,Conference and Workshop Papers,open,Events Matter: Extraction of Events from Court Decisions,Erwin Filtz; María Navas-Loro; Cristiana Teixeira Santos; Axel Polleres; Sabrina Kirrane,10.3233/FAIA200847,https://doi.org/10.3233/FAIA200847,33-42,conf/jurix/FiltzNSPK20,https://dblp.org/rec/conf/jurix/FiltzNSPK20
JURIX,2020,Conference and Workshop Papers,open,Generalizing Culprit Resolution in Legal Debugging with Background Knowledge,Wachara Fungwacharakorn; Ken Satoh,10.3233/FAIA200849,https://doi.org/10.3233/FAIA200849,52-62,conf/jurix/Fungwacharakorn20,https://dblp.org/rec/conf/jurix/Fungwacharakorn20
JURIX,2020,Conference and Workshop Papers,open,Ontology-Based Liability Decision Support in the International Maritime Law,Mirna El Ghosh; Habib Abdulrab,10.3233/FAIA200882,https://doi.org/10.3233/FAIA200882,273-276,conf/jurix/GhoshA20,https://dblp.org/rec/conf/jurix/GhoshA20
JURIX,2020,Conference and Workshop Papers,open,Retrieval of Prior Court Cases Using Witness Testimonies,Kripabandhu Ghosh; Sachin Pawar; Girish K. Palshikar; Pushpak Bhattacharyya; Vasudeva Varma,10.3233/FAIA200848,https://doi.org/10.3233/FAIA200848,43-51,conf/jurix/GhoshPPBV20,https://dblp.org/rec/conf/jurix/GhoshPPBV20
JURIX,2020,Conference and Workshop Papers,open,Automatic Removal of Identifying Information in Official EU Languages for Public Administrations: The MAPA Project,Lucie Gianola; Eriks Ajausks; Victoria Arranz; Chomicha Bendahman; Laurent Bié; Claudia Borg; Aleix Cerdà-i-Cucó; Khalid Choukri; Montse Cuadros; Ona de Gibert; Hans Degroote; Elena Edelman; Thierry Etchegoyhen; Ángela Franco Torres; Mercedes García Hernandez; Aitor García-Pablos; Albert Gatt; Cyril Grouin; Manuel Herranz; Alejandro Adolfo Kohan; Thomas Lavergne; Maite Melero; Patrick Paroubek; Mickaël Rigault; Mike Rosner; Roberts Rozis; Lonneke van der Plas; Rinalds Viksna; Pierre Zweigenbaum,10.3233/FAIA200869,https://doi.org/10.3233/FAIA200869,223-226,conf/jurix/GianolaAABBBCCC20,https://dblp.org/rec/conf/jurix/GianolaAABBBCCC20
JURIX,2020,Conference and Workshop Papers,open,Free Choice Permission in Defeasible Deontic Logic,Guido Governatori; Antonino Rotolo,10.3233/FAIA200853,https://doi.org/10.3233/FAIA200853,93-102,conf/jurix/GovernatoriR20,https://dblp.org/rec/conf/jurix/GovernatoriR20
JURIX,2020,Conference and Workshop Papers,open,Identifying the Factors of Suspicion,Morgan A. Gray; Wesley M. Oliver; Arthur Crivella,10.3233/FAIA200870,https://doi.org/10.3233/FAIA200870,227-230,conf/jurix/GrayOC20,https://dblp.org/rec/conf/jurix/GrayOC20
JURIX,2020,Conference and Workshop Papers,open,Transformers for Classifying Fourth Amendment Elements and Factors Tests,Evan Gretok; David Langerman; Wesley M. Oliver,10.3233/FAIA200850,https://doi.org/10.3233/FAIA200850,63-72,conf/jurix/GretokLO20,https://dblp.org/rec/conf/jurix/GretokLO20
JURIX,2020,Conference and Workshop Papers,open,A Genetic Approach to the Ethical Knob,Giovanni Iacca; Francesca Lagioia; Andrea Loreggia; Giovanni Sartor,10.3233/FAIA200854,https://doi.org/10.3233/FAIA200854,103-112,conf/jurix/IaccaLLS20,https://dblp.org/rec/conf/jurix/IaccaLLS20
JURIX,2020,Conference and Workshop Papers,open,The Role of Vocabulary Mediation to Discover and Represent Relevant Information in Privacy Policies,Valentina Leone; Luigi Di Caro,10.3233/FAIA200851,https://doi.org/10.3233/FAIA200851,73-82,conf/jurix/LeoneC20,https://dblp.org/rec/conf/jurix/LeoneC20
JURIX,2020,Conference and Workshop Papers,open,Digital Enforceable Contracts (DEC): Making Smart Contracts Smarter,Lu-Chi Liu; Giovanni Sileno; Tom M. van Engers,10.3233/FAIA200872,https://doi.org/10.3233/FAIA200872,235-238,conf/jurix/LiuSE20,https://dblp.org/rec/conf/jurix/LiuSE20
JURIX,2020,Conference and Workshop Papers,open,JURI SAYS: An Automatic Judgement Prediction System for the European Court of Human Rights,Masha Medvedeva; Xiao Xu; Martijn Wieling; Michel Vols,10.3233/FAIA200883,https://doi.org/10.3233/FAIA200883,277-280,conf/jurix/MedvedevaXWV20,https://dblp.org/rec/conf/jurix/MedvedevaXWV20
JURIX,2020,Conference and Workshop Papers,open,Multilingual Legal Information Retrieval System for Mapping Recitals and Normative Provisions,Rohan Nanda; Llio Humphreys; Lorenzo Grossio; Kolawole John Adebayo,10.3233/FAIA200856,https://doi.org/10.3233/FAIA200856,123-132,conf/jurix/NandaHGA20,https://dblp.org/rec/conf/jurix/NandaHGA20
JURIX,2020,Conference and Workshop Papers,open,Towards Transparent Human-in-the-Loop Classification of Fraudulent Web Shops,Daphne Odekerken; Floris Bex,10.3233/FAIA200873,https://doi.org/10.3233/FAIA200873,239-242,conf/jurix/OdekerkenB20,https://dblp.org/rec/conf/jurix/OdekerkenB20
JURIX,2020,Conference and Workshop Papers,open,A General Theory of Contract Conflicts with Environmental Constraints,Gordon J. Pace,10.3233/FAIA200852,https://doi.org/10.3233/FAIA200852,83-92,conf/jurix/Pace20,https://dblp.org/rec/conf/jurix/Pace20
JURIX,2020,Conference and Workshop Papers,open,Extracting Outcomes from Appellate Decisions in US State Courts,Alina Petrova; John Armour; Thomas Lukasiewicz,10.3233/FAIA200857,https://doi.org/10.3233/FAIA200857,133-142,conf/jurix/PetrovaAL20,https://dblp.org/rec/conf/jurix/PetrovaAL20
JURIX,2020,Conference and Workshop Papers,open,From Prescription to Description: Mapping the GDPR to a Privacy Policy Corpus Annotation Scheme,Ellen Poplavska; Thomas B. Norton; Shomir Wilson; Norman M. Sadeh,10.3233/FAIA200874,https://doi.org/10.3233/FAIA200874,243-246,conf/jurix/PoplavskaNWS20,https://dblp.org/rec/conf/jurix/PoplavskaNWS20
JURIX,2020,Conference and Workshop Papers,open,Summarisation with Majority Opinion,Oliver Ray; Amy Conroy; Rozano Imansyah,10.3233/FAIA200875,https://doi.org/10.3233/FAIA200875,247-250,conf/jurix/RayCI20,https://dblp.org/rec/conf/jurix/RayCI20
JURIX,2020,Conference and Workshop Papers,open,A Common Semantic Model of the GDPR Register of Processing Activities,Paul Ryan; Harshvardhan J. Pandit; Rob Brennan,10.3233/FAIA200876,https://doi.org/10.3233/FAIA200876,251-254,conf/jurix/RyanPB20,https://dblp.org/rec/conf/jurix/RyanPB20
JURIX,2020,Conference and Workshop Papers,open,Reasoning About Applicable Law in Private International Law in Logic Programming,Ken Satoh; Matteo Baldoni; Laura Giordano,10.3233/FAIA200884,https://doi.org/10.3233/FAIA200884,281-285,conf/jurix/SatohB020,https://dblp.org/rec/conf/jurix/SatohB020
JURIX,2020,Conference and Workshop Papers,open,Sleeping Beauties in Case Law,Pedro V. Hernandez Serrano; Kody Moodley; Gijs van Dijck; Michel Dumontier,10.3233/FAIA200871,https://doi.org/10.3233/FAIA200871,231-234,conf/jurix/SerranoMDD20,https://dblp.org/rec/conf/jurix/SerranoMDD20
JURIX,2020,Conference and Workshop Papers,open,Monitoring and Enforcement as a Second-Order Guidance Problem,Giovanni Sileno; Alexander Boer; Tom M. van Engers,10.3233/FAIA200877,https://doi.org/10.3233/FAIA200877,255-258,conf/jurix/SilenoBE20,https://dblp.org/rec/conf/jurix/SilenoBE20
JURIX,2020,Conference and Workshop Papers,open,Legal Knowledge Extraction for Knowledge Graph Based Question-Answering,Francesco Sovrano; Monica Palmirani; Fabio Vitali,10.3233/FAIA200858,https://doi.org/10.3233/FAIA200858,143-153,conf/jurix/SovranoPV20,https://dblp.org/rec/conf/jurix/SovranoPV20
JURIX,2020,Conference and Workshop Papers,open,Natural Language Processing Applications in Case-Law Text Publishing,Francesco Tarasconi; Milad Botros; Matteo Caserio; Gianpiero Sportelli; Giuseppe Giacalone; Carlotta Uttini; Luca Vignati; Fabrizio Zanetta,10.3233/FAIA200859,https://doi.org/10.3233/FAIA200859,154-163,conf/jurix/TarasconiBCSGUV20,https://dblp.org/rec/conf/jurix/TarasconiBCSGUV20
JURIX,2020,Conference and Workshop Papers,open,Sentence Embeddings and High-Speed Similarity Search for Fast Computer Assisted Annotation of Legal Documents,Hannes Westermann; Jaromír Savelka; Vern R. Walker; Kevin D. Ashley; Karim Benyekhlef,10.3233/FAIA200860,https://doi.org/10.3233/FAIA200860,164-173,conf/jurix/WestermannSWAB20,https://dblp.org/rec/conf/jurix/WestermannSWAB20
JURIX,2020,Conference and Workshop Papers,open,Integrating Domain Knowledge in AI-Assisted Criminal Sentencing of Drug Trafficking Cases,Tien-Hsuan Wu; Ben Kao; Anne S. Y. Cheung; Michael M. K. Cheung; Chen Wang; Yongxi Chen; Guowen Yuan; Reynold Cheng,10.3233/FAIA200861,https://doi.org/10.3233/FAIA200861,174-183,conf/jurix/WuKCCWCYC20,https://dblp.org/rec/conf/jurix/WuKCCWCYC20
JURIX,2020,Conference and Workshop Papers,open,Using Argument Mining for Legal Text Summarization,Huihui Xu; Jaromír Savelka; Kevin D. Ashley,10.3233/FAIA200862,https://doi.org/10.3233/FAIA200862,184-193,conf/jurix/XuSA20,https://dblp.org/rec/conf/jurix/XuSA20
JURIX,2020,Conference and Workshop Papers,open,Interpretations of Support Among Arguments,Liuwen Yu; Réka Markovich; Leendert van der Torre,10.3233/FAIA200863,https://doi.org/10.3233/FAIA200863,194-203,conf/jurix/YuMT20,https://dblp.org/rec/conf/jurix/YuMT20
JURIX,2020,Conference and Workshop Papers,open,Precedent Comparison in the Precedent Model Formalism: A Technical Note,Heng Zheng; Davide Grossi; Bart Verheij,10.3233/FAIA200878,https://doi.org/10.3233/FAIA200878,259-262,conf/jurix/ZhengGV20,https://dblp.org/rec/conf/jurix/ZhengGV20
JURIX,2021,Conference and Workshop Papers,closed,An Information Retrieval Pipeline for Legislative Documents from the Brazilian Chamber of Deputies,Ellen Souza; Douglas Vitório; Gyovana Moriyama; Luiz Santos; Lucas Martins; Mariana Souza; Márcio Fonseca F. da Silva; Nádia Félix; André C. P. L. F. de Carvalho; Hidelberg Oliveira Albuquerque; Adriano L. I. Oliveira,10.3233/FAIA210326,https://doi.org/10.3233/FAIA210326,119-126,conf/jurix/0001VMSMSSFCAO21,https://dblp.org/rec/conf/jurix/0001VMSMSSFCAO21
JURIX,2021,Editorship,,"Legal Knowledge and Information Systems - JURIX 2021: The Thirty-fourth Annual Conference, Vilnius, Lithuania, 8-10 December 2021",Erich Schweighofer,10.3233/FAIA346,https://doi.org/10.3233/FAIA346,,conf/jurix/2021,https://dblp.org/rec/conf/jurix/2021
JURIX,2021,Conference and Workshop Papers,closed,Analyze the Usage of Legal Definitions in Indonesian Regulation Using Text Mining Case Study: Treasury and Budget Law,Bakhtiar Amaludin; Fitria Ratna Wardika; Putu Jasprayana Mudana Putra; I Gede Yudi Paramartha,10.3233/FAIA210324,https://doi.org/10.3233/FAIA210324,107-112,conf/jurix/AmaludinWPP21,https://dblp.org/rec/conf/jurix/AmaludinWPP21
JURIX,2021,Conference and Workshop Papers,closed,Identification of Contradictions in Regulation,Michal Araszkiewicz; Enrico Francesconi; Tomasz Zurek,10.3233/FAIA210331,https://doi.org/10.3233/FAIA210331,151-160,conf/jurix/AraszkiewiczFZ21,https://dblp.org/rec/conf/jurix/AraszkiewiczFZ21
JURIX,2021,Conference and Workshop Papers,closed,Can Predictive Justice Improve the Predictability and Consistency of Judicial Decision-Making?,Floris Bex; Henry Prakken,10.3233/FAIA210338,https://doi.org/10.3233/FAIA210338,207-214,conf/jurix/BexP21,https://dblp.org/rec/conf/jurix/BexP21
JURIX,2021,Conference and Workshop Papers,closed,A Kelsenian Deontic Logic,Agata Ciabattoni; Xavier Parent; Giovanni Sartor,10.3233/FAIA210330,https://doi.org/10.3233/FAIA210330,141-150,conf/jurix/CiabattoniPS21,https://dblp.org/rec/conf/jurix/CiabattoniPS21
JURIX,2021,Conference and Workshop Papers,closed,The Unreasonable Effectiveness of the Baseline: Discussing SVMs in Legal Text Classification,Benjamin Clavié; Marc Alphonsus,10.3233/FAIA210317,https://doi.org/10.3233/FAIA210317,58-61,conf/jurix/ClavieA21,https://dblp.org/rec/conf/jurix/ClavieA21
JURIX,2021,Conference and Workshop Papers,closed,An Analytical Study of Algorithmic and Expert Summaries of Legal Cases,Aniket Deroy; Paheli Bhattacharya; Kripabandhu Ghosh; Saptarshi Ghosh,10.3233/FAIA210322,https://doi.org/10.3233/FAIA210322,90-99,conf/jurix/DeroyBG021,https://dblp.org/rec/conf/jurix/DeroyBG021
JURIX,2021,Conference and Workshop Papers,closed,Generation of Legal Norm Chains: Extracting the Most Relevant Norms from Court Rulings,Ingo Glaser; Sebastian Moser; Florian Matthes,10.3233/FAIA210315,https://doi.org/10.3233/FAIA210315,43-53,conf/jurix/GlaserMM21,https://dblp.org/rec/conf/jurix/GlaserMM21
JURIX,2021,Conference and Workshop Papers,closed,Computing Private International Law,Guido Governatori; Francesco Olivieri; Antonino Rotolo; Abdul Sattar; Matteo Cristani,10.3233/FAIA210334,https://doi.org/10.3233/FAIA210334,181-190,conf/jurix/GovernatoriOR0C21,https://dblp.org/rec/conf/jurix/GovernatoriOR0C21
JURIX,2021,Conference and Workshop Papers,closed,A GDPR International Transfer Compliance Framework Based on an Extended Data Privacy Vocabulary (DPV),David Hickey; Rob Brennan,10.3233/FAIA210332,https://doi.org/10.3233/FAIA210332,161-170,conf/jurix/HickeyB21,https://dblp.org/rec/conf/jurix/HickeyB21
JURIX,2021,Conference and Workshop Papers,closed,Assessing the Cross-Market Generalization Capability of the CLAUDETTE System,Agnieszka Jablonowska; Francesca Lagioia; Marco Lippi; Hans-Wolfgang Micklitz; Giovanni Sartor; Giacomo Tagiuri,10.3233/FAIA210318,https://doi.org/10.3233/FAIA210318,62-67,conf/jurix/JablonowskaL0MS21,https://dblp.org/rec/conf/jurix/JablonowskaL0MS21
JURIX,2021,Conference and Workshop Papers,closed,Timed Dyadic Deontic Logic,Karam Younes Kharraz; Martin Leucker; Gerardo Schneider,10.3233/FAIA210336,https://doi.org/10.3233/FAIA210336,197-204,conf/jurix/KharrazLS21,https://dblp.org/rec/conf/jurix/KharrazLS21
JURIX,2021,Conference and Workshop Papers,closed,Visualization of Legal Informatics,Friedrich Lachmayer; Vytautas Cyras,10.3233/FAIA210310,https://doi.org/10.3233/FAIA210310,3-10,conf/jurix/LachmayerC21,https://dblp.org/rec/conf/jurix/LachmayerC21
JURIX,2021,Conference and Workshop Papers,closed,The Ethics of Controllability as Influenceability,Emiliano Lorini; Giovanni Sartor,10.3233/FAIA210344,https://doi.org/10.3233/FAIA210344,245-254,conf/jurix/LoriniS21,https://dblp.org/rec/conf/jurix/LoriniS21
JURIX,2021,Conference and Workshop Papers,closed,Improving Legal Case Summarization Using Document-Specific Catchphrases,Arpan Mandal; Paheli Bhattacharya; Sekhar Mandal; Saptarshi Ghosh,10.3233/FAIA210320,https://doi.org/10.3233/FAIA210320,76-81,conf/jurix/MandalBM021,https://dblp.org/rec/conf/jurix/MandalBM021
JURIX,2021,Conference and Workshop Papers,closed,Cause of Action and the Right to Know. A Formal Conceptual Analysis of the Texas Senate Bill 25 Case,Réka Markovich; Olivier Roy,10.3233/FAIA210340,https://doi.org/10.3233/FAIA210340,217-224,conf/jurix/MarkovichR21,https://dblp.org/rec/conf/jurix/MarkovichR21
JURIX,2021,Conference and Workshop Papers,closed,Automatically Identifying Eviction Cases and Outcomes Within Case Law of Dutch Courts of First Instance,Masha Medvedeva; Thijmen Dam; Martijn Wieling; Michel Vols,10.3233/FAIA210312,https://doi.org/10.3233/FAIA210312,13-22,conf/jurix/MedvedevaDWV21,https://dblp.org/rec/conf/jurix/MedvedevaDWV21
JURIX,2021,Conference and Workshop Papers,closed,Explaining Factor Ascription,Jack Mumford; Katie Atkinson; Trevor J. M. Bench-Capon,10.3233/FAIA210335,https://doi.org/10.3233/FAIA210335,191-196,conf/jurix/MumfordAB21,https://dblp.org/rec/conf/jurix/MumfordAB21
JURIX,2021,Conference and Workshop Papers,closed,A Pragmatic Approach to Semantic Annotation for Search of Legal Texts - An Experiment on GDPR,Adeline Nazarenko; François Lévy; Adam Wyner,10.3233/FAIA210313,https://doi.org/10.3233/FAIA210313,23-32,conf/jurix/NazarenkoLW21,https://dblp.org/rec/conf/jurix/NazarenkoLW21
JURIX,2021,Conference and Workshop Papers,closed,Few-Shot Tuning Framework for Automated Terms of Service Generation,Ha-Thanh Nguyen; Kiyoaki Shirai; Le Minh Nguyen,10.3233/FAIA210325,https://doi.org/10.3233/FAIA210325,113-118,conf/jurix/NguyenSN21,https://dblp.org/rec/conf/jurix/NguyenSN21
JURIX,2021,Conference and Workshop Papers,closed,Human Evaluation Experiment of Legal Information Retrieval Methods,Tereza Novotná,10.3233/FAIA210328,https://doi.org/10.3233/FAIA210328,131-137,conf/jurix/Novotna21,https://dblp.org/rec/conf/jurix/Novotna21
JURIX,2021,Conference and Workshop Papers,closed,Hybrid AI Framework for Legal Analysis of the EU Legislation Corrigenda,Monica Palmirani; Francesco Sovrano; Davide Liga; Salvatore Sapienza; Fabio Vitali,10.3233/FAIA210319,https://doi.org/10.3233/FAIA210319,68-75,conf/jurix/PalmiraniSLSV21,https://dblp.org/rec/conf/jurix/PalmiraniSLSV21
JURIX,2021,Conference and Workshop Papers,closed,Towards Reducing the Pendency of Cases at Court: Automated Case Analysis of Supreme Court Judgments in India,Shubham Pandey; Ayan Chandra; Sudeshna Sarkar; Uday Shankar,10.3233/FAIA210321,https://doi.org/10.3233/FAIA210321,82-89,conf/jurix/PandeyCSS21,https://dblp.org/rec/conf/jurix/PandeyCSS21
JURIX,2021,Conference and Workshop Papers,closed,Computability of Diagrammatic Theories for Normative Positions,Matteo Pascucci; Giovanni Sileno,10.3233/FAIA210333,https://doi.org/10.3233/FAIA210333,171-180,conf/jurix/PascucciS21,https://dblp.org/rec/conf/jurix/PascucciS21
JURIX,2021,Conference and Workshop Papers,closed,A Survey on Methods and Metrics for the Assessment of Explainability Under the Proposed AI Act,Francesco Sovrano; Salvatore Sapienza; Monica Palmirani; Fabio Vitali,10.3233/FAIA210342,https://doi.org/10.3233/FAIA210342,235-242,conf/jurix/SovranoSPV21,https://dblp.org/rec/conf/jurix/SovranoSPV21
JURIX,2021,Conference and Workshop Papers,closed,Rationale Discovery and Explainable AI,Cor Steging; Silja Renooij; Bart Verheij,10.3233/FAIA210341,https://doi.org/10.3233/FAIA210341,225-234,conf/jurix/StegingRV21,https://dblp.org/rec/conf/jurix/StegingRV21
JURIX,2021,Conference and Workshop Papers,closed,Signal Phrase Extraction: A Gateway to Information Retrieval Improvement in Law Texts,Michael van der Veen; Natalia Sidorova,10.3233/FAIA210327,https://doi.org/10.3233/FAIA210327,127-130,conf/jurix/VeenS21,https://dblp.org/rec/conf/jurix/VeenS21
JURIX,2021,Conference and Workshop Papers,closed,Data-Centric Machine Learning: Improving Model Performance and Understanding Through Dataset Analysis,Hannes Westermann; Jaromír Savelka; Vern R. Walker; Kevin D. Ashley; Karim Benyekhlef,10.3233/FAIA210316,https://doi.org/10.3233/FAIA210316,54-57,conf/jurix/WestermannSWAB21,https://dblp.org/rec/conf/jurix/WestermannSWAB21
JURIX,2021,Conference and Workshop Papers,closed,Semantic Search and Summarization of Judgments Using Topic Modeling,Tien-Hsuan Wu; Ben Kao; Felix Chan; Anne S. Y. Cheung; Michael M. K. Cheung; Guowen Yuan; Yongxi Chen,10.3233/FAIA210323,https://doi.org/10.3233/FAIA210323,100-106,conf/jurix/WuKCCCYC21,https://dblp.org/rec/conf/jurix/WuKCCCYC21
JURIX,2021,Conference and Workshop Papers,closed,Accounting for Sentence Position and Legal Domain Sentence Embedding in Learning to Classify Case Sentences,Huihui Xu; Jaromír Savelka; Kevin D. Ashley,10.3233/FAIA210314,https://doi.org/10.3233/FAIA210314,33-42,conf/jurix/XuSA21,https://dblp.org/rec/conf/jurix/XuSA21
JURIX,2022,Editorship,,"Legal Knowledge and Information Systems - JURIX 2022: The Thirty-fifth Annual Conference, Saarbrücken, Germany, 14-16 December 2022",Enrico Francesconi; Georg Borges; Christoph Sorge,10.3233/FAIA362,https://doi.org/10.3233/FAIA362,,conf/jurix/2022,https://dblp.org/rec/conf/jurix/2022
JURIX,2022,Conference and Workshop Papers,closed,A Hybrid Model of Argument Concerning Preferences Between Statutory Interpretation Canons,Michal Araszkiewicz,10.3233/FAIA220443,https://doi.org/10.3233/FAIA220443,3-12,conf/jurix/Araszkiewicz22,https://dblp.org/rec/conf/jurix/Araszkiewicz22
JURIX,2022,Conference and Workshop Papers,closed,Measuring the Complexity of Dutch Legislation,Tim van den Belt; Henry Prakken,10.3233/FAIA220475,https://doi.org/10.3233/FAIA220475,249-254,conf/jurix/BeltP22,https://dblp.org/rec/conf/jurix/BeltP22
JURIX,2022,Conference and Workshop Papers,closed,Implementing a Theory of a Legal Domain,Trevor J. M. Bench-Capon; Thomas F. Gordon,10.3233/FAIA220444,https://doi.org/10.3233/FAIA220444,13-22,conf/jurix/Bench-CaponG22,https://dblp.org/rec/conf/jurix/Bench-CaponG22
JURIX,2022,Conference and Workshop Papers,closed,Unpacking Arguments,Trevor J. M. Bench-Capon; Bart Verheij,10.3233/FAIA220458,https://doi.org/10.3233/FAIA220458,145-150,conf/jurix/Bench-CaponV22,https://dblp.org/rec/conf/jurix/Bench-CaponV22
JURIX,2022,Conference and Workshop Papers,closed,The Illinois Intentional Tort Qualitative Dataset,Joseph A. Blass; Kenneth D. Forbus,10.3233/FAIA220459,https://doi.org/10.3233/FAIA220459,151-157,conf/jurix/BlassF22,https://dblp.org/rec/conf/jurix/BlassF22
JURIX,2022,Conference and Workshop Papers,closed,Precedential Constraint Derived from Inconsistent Case Bases,Ilaria Canavotto,10.3233/FAIA220445,https://doi.org/10.3233/FAIA220445,23-32,conf/jurix/Canavotto22,https://dblp.org/rec/conf/jurix/Canavotto22
JURIX,2022,Conference and Workshop Papers,closed,An Automata-Based Formalism for Normative Documents with Real-Time,Stefan Chircop; Gordon J. Pace; Gerardo Schneider,10.3233/FAIA220460,https://doi.org/10.3233/FAIA220460,158-163,conf/jurix/ChircopPS22,https://dblp.org/rec/conf/jurix/ChircopPS22
JURIX,2022,Conference and Workshop Papers,closed,Linking Appellate Judgments to Tribunal Judgments - Benchmarking Different ML Techniques,Charles Condevaux; Bruno Mathis; Sid Ali Mahmoudi; Stéphane Mussard; Guillaume Zambrano,10.3233/FAIA220446,https://doi.org/10.3233/FAIA220446,33-42,conf/jurix/CondevauxMMMZ22,https://dblp.org/rec/conf/jurix/CondevauxMMMZ22
JURIX,2022,Conference and Workshop Papers,closed,Recognising Legal Characteristics of the Judgments of the European Court of Justice: Difficult but Not Impossible,Alessandro Contini; Sebastiano Antonio Piccolo; Lucia Lopez Zurita; Urska Sadl,10.3233/FAIA220461,https://doi.org/10.3233/FAIA220461,164-169,conf/jurix/ContiniPZS22,https://dblp.org/rec/conf/jurix/ContiniPZS22
JURIX,2022,Conference and Workshop Papers,closed,On Capturing Legal Knowledge in Ontology and Process Models Combined,Melissa Zorzanelli Costa; Giancarlo Guizzardi; João Paulo A. Almeida,10.3233/FAIA220478,https://doi.org/10.3233/FAIA220478,267-272,conf/jurix/CostaGA22,https://dblp.org/rec/conf/jurix/CostaGA22
JURIX,2022,Conference and Workshop Papers,closed,Automating the Response to GDPR&apos;s Right of Access,Beatriz Esteves; Víctor Rodríguez-Doncel; Ricardo Longares,10.3233/FAIA220462,https://doi.org/10.3233/FAIA220462,170-175,conf/jurix/EstevesRL22,https://dblp.org/rec/conf/jurix/EstevesRL22
JURIX,2022,Conference and Workshop Papers,closed,A Compression and Simulation-Based Approach to Fraud Discovery,Peter Fratric; Giovanni Sileno; Tom M. van Engers; Sander Klous,10.3233/FAIA220463,https://doi.org/10.3233/FAIA220463,176-181,conf/jurix/FratricSEK22,https://dblp.org/rec/conf/jurix/FratricSEK22
JURIX,2022,Conference and Workshop Papers,closed,Fundamental Revisions on Constraint Hierarchies for Ethical Norms,Wachara Fungwacharakorn; Kanae Tsushima; Ken Satoh,10.3233/FAIA220464,https://doi.org/10.3233/FAIA220464,182-187,conf/jurix/Fungwacharakorn22,https://dblp.org/rec/conf/jurix/Fungwacharakorn22
JURIX,2022,Conference and Workshop Papers,closed,Predicting Outcomes of Italian VAT Decisions,Federico Galli; Giulia Grundler; Alessia Fidelangeli; Andrea Galassi; Francesca Lagioia; Elena Palmieri; Federico Ruggeri; Giovanni Sartor; Paolo Torroni,10.3233/FAIA220465,https://doi.org/10.3233/FAIA220465,188-193,conf/jurix/GalliGFGLPRST22,https://dblp.org/rec/conf/jurix/GalliGFGLPRST22
JURIX,2022,Conference and Workshop Papers,closed,Stable Normative Explanations,Guido Governatori; Francesco Olivieri; Antonino Rotolo; Matteo Cristani,10.3233/FAIA220447,https://doi.org/10.3233/FAIA220447,43-52,conf/jurix/GovernatoriORC22,https://dblp.org/rec/conf/jurix/GovernatoriORC22
JURIX,2022,Conference and Workshop Papers,closed,Toward Automatically Identifying Legally Relevant Factors,Morgan A. Gray; Jaromír Savelka; Wesley M. Oliver; Kevin D. Ashley,10.3233/FAIA220448,https://doi.org/10.3233/FAIA220448,53-62,conf/jurix/GraySOA22,https://dblp.org/rec/conf/jurix/GraySOA22
JURIX,2022,Conference and Workshop Papers,closed,Toward an Integrated Annotation and Inference Platform for Enhancing Justifications for Algorithmically Generated Legal Recommendations and Decisions,Yi-Tang Huang; Hong-Ren Lin; Chao-Lin Liu,10.3233/FAIA220481,https://doi.org/10.3233/FAIA220481,281-285,conf/jurix/HuangLL22,https://dblp.org/rec/conf/jurix/HuangLL22
JURIX,2022,Conference and Workshop Papers,closed,Semantic Querying of Knowledge Rich Legal Digital Libraries Using Prism,Hasan Jamil,10.3233/FAIA220449,https://doi.org/10.3233/FAIA220449,63-72,conf/jurix/Jamil22,https://dblp.org/rec/conf/jurix/Jamil22
JURIX,2022,Conference and Workshop Papers,closed,Investigating Strategies for Clause Recommendation,Sagar Joshi; Sumanth Balaji; Jerrin Thomas; Aparna Garimella; Vasudeva Varma,10.3233/FAIA220450,https://doi.org/10.3233/FAIA220450,73-82,conf/jurix/JoshiBTGV22,https://dblp.org/rec/conf/jurix/JoshiBTGV22
JURIX,2022,Conference and Workshop Papers,closed,The Effectiveness of Bidirectional Generative Patent Language Models,Jieh-Sheng Lee,10.3233/FAIA220466,https://doi.org/10.3233/FAIA220466,194-199,conf/jurix/Lee22,https://dblp.org/rec/conf/jurix/Lee22
JURIX,2022,Conference and Workshop Papers,closed,The LegAi Editor: A Tool for the Construction of Legal Knowledge Bases,Tomer Libal,10.3233/FAIA220482,https://doi.org/10.3233/FAIA220482,286-289,conf/jurix/Libal22,https://dblp.org/rec/conf/jurix/Libal22
JURIX,2022,Conference and Workshop Papers,closed,Transfer Learning for Deontic Rule Classification: The Case Study of the GDPR,Davide Liga; Monica Palmirani,10.3233/FAIA220467,https://doi.org/10.3233/FAIA220467,200-205,conf/jurix/LigaP22,https://dblp.org/rec/conf/jurix/LigaP22
JURIX,2022,Conference and Workshop Papers,closed,Functional Classification of Statements of Chinese Judgment Documents of Civil Cases,Chao-Lin Liu; Hong-Ren Lin; Wei-Zhi Liu; Chieh Yang,10.3233/FAIA220468,https://doi.org/10.3233/FAIA220468,206-212,conf/jurix/LiuLLY22,https://dblp.org/rec/conf/jurix/LiuLLY22
JURIX,2022,Conference and Workshop Papers,closed,Modelling and Explaining Legal Case-Based Reasoners Through Classifiers,Xinghan Liu; Emiliano Lorini; Antonino Rotolo; Giovanni Sartor,10.3233/FAIA220451,https://doi.org/10.3233/FAIA220451,83-92,conf/jurix/LiuLRS22,https://dblp.org/rec/conf/jurix/LiuLRS22
JURIX,2022,Conference and Workshop Papers,closed,An Argumentation and Ontology Based Legal Support System for AI Vehicle Design,Yiwei Lu; Zhe Yu; Yuhui Lin; Burkhard Schafer; Andrew Ireland; Lachlan Urquhart,10.3233/FAIA220469,https://doi.org/10.3233/FAIA220469,213-218,conf/jurix/LuYLSIU22,https://dblp.org/rec/conf/jurix/LuYLSIU22
JURIX,2022,Conference and Workshop Papers,closed,Scribe: A Specialized Collaborative Tool for Legal Judgment Annotation,Sid Ali Mahmoudi; Guillaume Zambrano; Charles Condevaux; Stéphane Mussard,10.3233/FAIA220483,https://doi.org/10.3233/FAIA220483,290-293,conf/jurix/MahmoudiZCM22,https://dblp.org/rec/conf/jurix/MahmoudiZCM22
JURIX,2022,Conference and Workshop Papers,closed,Reasoning with Legal Cases: A Hybrid ADF-ML Approach,Jack Mumford; Katie Atkinson; Trevor J. M. Bench-Capon,10.3233/FAIA220452,https://doi.org/10.3233/FAIA220452,93-102,conf/jurix/MumfordAB22,https://dblp.org/rec/conf/jurix/MumfordAB22
JURIX,2022,Conference and Workshop Papers,closed,WhenTheFact: Extracting Events from European Legal Decisions,María Navas-Loro; Víctor Rodríguez-Doncel,10.3233/FAIA220470,https://doi.org/10.3233/FAIA220470,219-224,conf/jurix/Navas-LoroR22,https://dblp.org/rec/conf/jurix/Navas-LoroR22
JURIX,2022,Conference and Workshop Papers,closed,A Multi-Step Approach in Translating Natural Language into Logical Formula,Ha-Thanh Nguyen; Wachara Fungwacharakorn; Fumihito Nishino; Ken Satoh,10.3233/FAIA220453,https://doi.org/10.3233/FAIA220453,103-112,conf/jurix/NguyenFNS22,https://dblp.org/rec/conf/jurix/NguyenFNS22
JURIX,2022,Conference and Workshop Papers,closed,An Interactive Natural Language Interface for PROLEG,Ha-Thanh Nguyen; Fumihito Nishino; Megumi Fujita; Ken Satoh,10.3233/FAIA220484,https://doi.org/10.3233/FAIA220484,294-297,conf/jurix/NguyenNFS22,https://dblp.org/rec/conf/jurix/NguyenNFS22
JURIX,2022,Conference and Workshop Papers,closed,Consumer Dispute Resolution System Based on PROLEG,Shidaka Nishioka; Yuto Mori; Ken Satoh,10.3233/FAIA220485,https://doi.org/10.3233/FAIA220485,298-301,conf/jurix/NishiokaMS22,https://dblp.org/rec/conf/jurix/NishiokaMS22
JURIX,2022,Conference and Workshop Papers,closed,Autosuggestion of Relevant Cases and Statutes,Saran Pandian; Shubham Joshi,10.3233/FAIA220471,https://doi.org/10.3233/FAIA220471,225-230,conf/jurix/PandianJ22,https://dblp.org/rec/conf/jurix/PandianJ22
JURIX,2022,Conference and Workshop Papers,closed,Extracting References from German Legal Texts Using Named Entity Recognition,Silvio Peikert; Celia Birle; Jamal Al Qundus; Le Duyen Sandra Vu; Adrian Paschke,10.3233/FAIA220472,https://doi.org/10.3233/FAIA220472,231-236,conf/jurix/PeikertBQVP22,https://dblp.org/rec/conf/jurix/PeikertBQVP22
JURIX,2022,Conference and Workshop Papers,closed,An End-to-End Pipeline from Law Text to Logical Formulas,Aarne Ranta; Inari Listenmaa; Jerrold Soh; Meng Weng Wong,10.3233/FAIA220473,https://doi.org/10.3233/FAIA220473,237-242,conf/jurix/RantaLSW22,https://dblp.org/rec/conf/jurix/RantaLSW22
JURIX,2022,Conference and Workshop Papers,closed,Why Do Tenants Sue Their Landlords? Answers from a Topic Model,Olivier Salaün; Fabrizio Gotti; Philippe Langlais; Karim Benyekhlef,10.3233/FAIA220454,https://doi.org/10.3233/FAIA220454,113-122,conf/jurix/SalaunGLB22,https://dblp.org/rec/conf/jurix/SalaunGLB22
JURIX,2022,Conference and Workshop Papers,closed,Conditional Abstractive Summarization of Court Decisions for Laymen and Insights from Human Evaluation,Olivier Salaün; Aurore Clément Troussel; Sylvain Longhais; Hannes Westermann; Philippe Langlais; Karim Benyekhlef,10.3233/FAIA220455,https://doi.org/10.3233/FAIA220455,123-132,conf/jurix/SalaunTLWLB22,https://dblp.org/rec/conf/jurix/SalaunTLWLB22
JURIX,2022,Conference and Workshop Papers,closed,Legal Text Summarization Using Argumentative Structures,Bianca Steffes; Piotr Ryszard Rataj,10.3233/FAIA220474,https://doi.org/10.3233/FAIA220474,243-248,conf/jurix/SteffesR22,https://dblp.org/rec/conf/jurix/SteffesR22
JURIX,2022,Conference and Workshop Papers,closed,Toward an Intelligent Tutoring System for Argument Mining in Legal Texts,Hannes Westermann; Jaromír Savelka; Vern R. Walker; Kevin D. Ashley; Karim Benyekhlef,10.3233/FAIA220456,https://doi.org/10.3233/FAIA220456,133-142,conf/jurix/WestermannSWAB22,https://dblp.org/rec/conf/jurix/WestermannSWAB22
JURIX,2022,Conference and Workshop Papers,closed,Judgment Tagging and Recommendation Using Pre-Trained Language Models and Legal Taxonomy,Tien-Hsuan Wu; Ben Kao; Henry W. H. Chan; Michael M. K. Cheung,10.3233/FAIA220476,https://doi.org/10.3233/FAIA220476,255-260,conf/jurix/WuKCC22,https://dblp.org/rec/conf/jurix/WuKCC22
JURIX,2022,Conference and Workshop Papers,closed,Multi-Granularity Argument Mining in Legal Texts,Huihui Xu; Kevin D. Ashley,10.3233/FAIA220477,https://doi.org/10.3233/FAIA220477,261-266,conf/jurix/XuA22,https://dblp.org/rec/conf/jurix/XuA22
JURIX,2022,Conference and Workshop Papers,closed,Can a Military Autonomous Device Follow International Humanitarian Law?,Tomasz Zurek; Mostafa Mohajeriparizi; Jonathan Kwik; Tom M. van Engers,10.3233/FAIA220479,https://doi.org/10.3233/FAIA220479,273-278,conf/jurix/ZurekMKE22,https://dblp.org/rec/conf/jurix/ZurekMKE22
JURIX,2023,Conference and Workshop Papers,closed,Arguing About Choosing a Normative System: Conflict of Laws,Kees van Berkel; Réka Markovich; Christian Straßer; Leendert van der Torre,10.3233/FAIA230947,https://doi.org/10.3233/FAIA230947,73-82,conf/jurix/0002MST23,https://dblp.org/rec/conf/jurix/0002MST23
JURIX,2023,Editorship,,"Legal Knowledge and Information Systems - JURIX 2023: The Thirty-sixth Annual Conference, Maastricht, The Netherlands, 18-20 December 2023",Giovanni Sileno; Jerry Spanakis; Gijs van Dijck,10.3233/FAIA379,https://doi.org/10.3233/FAIA379,,conf/jurix/2023,https://dblp.org/rec/conf/jurix/2023
JURIX,2023,Conference and Workshop Papers,closed,Legal Text Segmentation Through Breakpoint Detection,Roberto Abbruzzese,10.3233/FAIA230968,https://doi.org/10.3233/FAIA230968,227-236,conf/jurix/Abbruzzese23,https://dblp.org/rec/conf/jurix/Abbruzzese23
JURIX,2023,Conference and Workshop Papers,closed,REMOAC: A Retroactive Explainable Method for OCR Anomalies Correction in Legal Domain,Roberto Abbruzzese,10.3233/FAIA230985,https://doi.org/10.3233/FAIA230985,341-346,conf/jurix/Abbruzzese23a,https://dblp.org/rec/conf/jurix/Abbruzzese23a
JURIX,2023,Conference and Workshop Papers,closed,BUNDESTAG-MINE: Natural Language Processing for Extracting Key Information from Government Documents,Kevin Bönisch; Giuseppe Abrami; Sabine Wehnert; Alexander Mehler,10.3233/FAIA230996,https://doi.org/10.3233/FAIA230996,391-394,conf/jurix/AbramiWM23,https://dblp.org/rec/conf/jurix/AbramiWM23
JURIX,2023,Conference and Workshop Papers,closed,LeDA: A System for Legal Data Annotation,Subinay Adhikary; Dwaipayan Roy; Debasis Ganguly; Shouvik Kumar Guha; Kripabandhu Ghosh,10.3233/FAIA230990,https://doi.org/10.3233/FAIA230990,367-370,conf/jurix/Adhikary0GGG23,https://dblp.org/rec/conf/jurix/Adhikary0GGG23
JURIX,2023,Conference and Workshop Papers,closed,Automatic Simplification of Legal Texts in Portuguese Using Machine Learning,Alexandre Alves; Péricles B. C. Miranda; Rafael Fe Mello; André C. A. Nascimento,10.3233/FAIA230975,https://doi.org/10.3233/FAIA230975,281-286,conf/jurix/AlvesMMN23,https://dblp.org/rec/conf/jurix/AlvesMMN23
JURIX,2023,Conference and Workshop Papers,closed,Conceptual Structures in Statutory Interpretation,Michal Araszkiewicz,10.3233/FAIA230952,https://doi.org/10.3233/FAIA230952,107-112,conf/jurix/Araszkiewicz23,https://dblp.org/rec/conf/jurix/Araszkiewicz23
JURIX,2023,Conference and Workshop Papers,closed,Harnessing GPT-3.5-Turbo for Rhetorical Role Prediction in Legal Cases,Anas Belfathi; Nicolas Hernandez; Laura Monceaux,10.3233/FAIA230964,https://doi.org/10.3233/FAIA230964,187-196,conf/jurix/BelfathiHM23,https://dblp.org/rec/conf/jurix/BelfathiHM23
JURIX,2023,Conference and Workshop Papers,closed,A Note on Hierarchical Constraints,Trevor J. M. Bench-Capon,10.3233/FAIA230940,https://doi.org/10.3233/FAIA230940,3-12,conf/jurix/Bench-Capon23,https://dblp.org/rec/conf/jurix/Bench-Capon23
JURIX,2023,Conference and Workshop Papers,closed,Dimensions and Precedential Constraint: Factors Deriving from Multiple Dimensions,Trevor J. M. Bench-Capon; Katie Atkinson,10.3233/FAIA230951,https://doi.org/10.3233/FAIA230951,101-106,conf/jurix/Bench-CaponA23,https://dblp.org/rec/conf/jurix/Bench-CaponA23
JURIX,2023,Conference and Workshop Papers,closed,Benchmarking Abstractive Models for Italian Legal News Summarization,Irene Benedetto; Luca Cagliero; Francesco Tarasconi; Giuseppe Giacalone; Claudia Bernini,10.3233/FAIA230980,https://doi.org/10.3233/FAIA230980,311-316,conf/jurix/BenedettoCTGB23,https://dblp.org/rec/conf/jurix/BenedettoCTGB23
JURIX,2023,Conference and Workshop Papers,closed,The Importance of Intermediate Factors,Ilaria Canavotto; John F. Horty,10.3233/FAIA230941,https://doi.org/10.3233/FAIA230941,13-22,conf/jurix/CanavottoH23,https://dblp.org/rec/conf/jurix/CanavottoH23
JURIX,2023,Conference and Workshop Papers,closed,Insurance Portfolio Analysis as Containment Testing,Preston Carlson; Michael R. Genesereth,10.3233/FAIA230957,https://doi.org/10.3233/FAIA230957,137-142,conf/jurix/CarlsonG23,https://dblp.org/rec/conf/jurix/CarlsonG23
JURIX,2023,Conference and Workshop Papers,closed,New Horizons of Legal Judgement Predication via Multi-Task Learning and LoRA,Chia-Hui Chang; Kuo-Chun Chien,10.3233/FAIA230966,https://doi.org/10.3233/FAIA230966,207-216,conf/jurix/ChangC23,https://dblp.org/rec/conf/jurix/ChangC23
JURIX,2023,Conference and Workshop Papers,closed,Permission in a Kelsenian Perspective,Agata Ciabattoni; Xavier Parent; Giovanni Sartor,10.3233/FAIA230953,https://doi.org/10.3233/FAIA230953,113-118,conf/jurix/CiabattoniPS23,https://dblp.org/rec/conf/jurix/CiabattoniPS23
JURIX,2023,Conference and Workshop Papers,closed,OpenJustice.ai: A Global Open-Source Legal Language Model,Samuel Dahan; Rohan Bhambhoria; David Liang; Xiaodan Zhu,10.3233/FAIA230995,https://doi.org/10.3233/FAIA230995,387-390,conf/jurix/DahanBL023,https://dblp.org/rec/conf/jurix/DahanBL023
JURIX,2023,Conference and Workshop Papers,closed,Centrality Scores and Precedent Value in Legal Network Analysis,Gijs van Dijck,10.3233/FAIA230970,https://doi.org/10.3233/FAIA230970,247-256,conf/jurix/Dijck23,https://dblp.org/rec/conf/jurix/Dijck23
JURIX,2023,Conference and Workshop Papers,closed,Using Large Language Models to Support Thematic Analysis in Empirical Legal Studies,Jakub Drápal; Hannes Westermann; Jaromír Savelka,10.3233/FAIA230965,https://doi.org/10.3233/FAIA230965,197-206,conf/jurix/DrapalWS23,https://dblp.org/rec/conf/jurix/DrapalWS23
JURIX,2023,Conference and Workshop Papers,closed,Answer Set Programming for Legal Decision Support and Explanation,Daniele Theseider Dupré,10.3233/FAIA230994,https://doi.org/10.3233/FAIA230994,383-386,conf/jurix/Dupre23,https://dblp.org/rec/conf/jurix/Dupre23
JURIX,2023,Conference and Workshop Papers,closed,Inferring New Classifications in Legal Case-Based Reasoning,Cecilia Di Florio; Xinghan Liu; Emiliano Lorini; Antonino Rotolo; Giovanni Sartor,10.3233/FAIA230942,https://doi.org/10.3233/FAIA230942,23-32,conf/jurix/FlorioLLRS23,https://dblp.org/rec/conf/jurix/FlorioLLRS23
JURIX,2023,Conference and Workshop Papers,closed,Advancing Knowledge Discoveries in Criminal Investigations with Semantic Textual Similarity,Katrin Franke,10.3233/FAIA230973,https://doi.org/10.3233/FAIA230973,269-274,conf/jurix/Franke23,https://dblp.org/rec/conf/jurix/Franke23
JURIX,2023,Conference and Workshop Papers,closed,Connecting Rule-Based and Case-Based Representations of Soft-Constraint Norms,Wachara Fungwacharakorn; Kanae Tsushima; Hiroshi Hosobe; Hideaki Takeda; Ken Satoh,10.3233/FAIA230959,https://doi.org/10.3233/FAIA230959,149-154,conf/jurix/Fungwacharakorn23,https://dblp.org/rec/conf/jurix/Fungwacharakorn23
JURIX,2023,Conference and Workshop Papers,closed,Challenges in Adapting LLMs for Transparency: Complying with Art. 14 EU AI Act,Lukasz Górski; Shashishekar Ramakrishna,10.3233/FAIA230974,https://doi.org/10.3233/FAIA230974,275-280,conf/jurix/GorskiR23,https://dblp.org/rec/conf/jurix/GorskiR23
JURIX,2023,Conference and Workshop Papers,closed,Can GPT Alleviate the Burden of Annotation?,Morgan A. Gray; Jaromír Savelka; Wesley M. Oliver; Kevin D. Ashley,10.3233/FAIA230961,https://doi.org/10.3233/FAIA230961,157-166,conf/jurix/GraySOA23,https://dblp.org/rec/conf/jurix/GraySOA23
JURIX,2023,Conference and Workshop Papers,closed,Assisted Normative Reasoning with Aristotelian Diagrams,Kathrin Hanauer; Tereza Novotná; Matteo Pascucci,10.3233/FAIA230949,https://doi.org/10.3233/FAIA230949,89-94,conf/jurix/HanauerNP23,https://dblp.org/rec/conf/jurix/HanauerNP23
JURIX,2023,Conference and Workshop Papers,closed,Tough Decisions? Supporting System Classification According to the AI Act,Hilmy Hanif; Jorge Constantino; Marie-Therese Sekwenz; Michel van Eeten; Jolien Ubacht; Ben Wagner; Yury Zhauniarovich,10.3233/FAIA230987,https://doi.org/10.3233/FAIA230987,353-358,conf/jurix/HanifCSEUWZ23,https://dblp.org/rec/conf/jurix/HanifCSEUWZ23
JURIX,2023,Conference and Workshop Papers,closed,&quot;Comparative Prints Suite&quot; of the United States House of Representatives: NLP for Tracking Changes in Bills and Laws,Ari Hershowitz; Sela Mador-Haim,10.3233/FAIA230993,https://doi.org/10.3233/FAIA230993,379-382,conf/jurix/HershowitzM23,https://dblp.org/rec/conf/jurix/HershowitzM23
JURIX,2023,Conference and Workshop Papers,closed,From Text to Structure: Using Large Language Models to Support the Development of Legal Expert Systems,Samyar Janatian; Hannes Westermann; Jinzhe Tan; Jaromír Savelka; Karim Benyekhlef,10.3233/FAIA230962,https://doi.org/10.3233/FAIA230962,167-176,conf/jurix/JanatianWTSB23,https://dblp.org/rec/conf/jurix/JanatianWTSB23
JURIX,2023,Conference and Workshop Papers,closed,Towards a Purpose-Based Access Control Model Derived from the Purpose Limitation Principle,Milen G. Kebede; L. Thomas van Binsbergen; Tom M. van Engers; Dannis G. van Vuurden,10.3233/FAIA230958,https://doi.org/10.3233/FAIA230958,143-148,conf/jurix/KebedeBEV23,https://dblp.org/rec/conf/jurix/KebedeBEV23
JURIX,2023,Conference and Workshop Papers,closed,CiteCaseLAW: Citation Worthiness Detection in Caselaw for Legal Assistive Writing,Mann Khatri; Reshma Sheik; Yaman Kumar; Rajiv Ratn Shah; Ponnurangam Kumaraguru,10.3233/FAIA230971,https://doi.org/10.3233/FAIA230971,257-262,conf/jurix/KhatriS0SK23,https://dblp.org/rec/conf/jurix/KhatriS0SK23
JURIX,2023,Conference and Workshop Papers,closed,Evaluating Methods for Setting a Prior Probability of Guilt,Ludi van Leeuwen; Bart Verheij; Rineke Verbrugge; Silja Renooij,10.3233/FAIA230946,https://doi.org/10.3233/FAIA230946,63-72,conf/jurix/LeeuwenVVR23,https://dblp.org/rec/conf/jurix/LeeuwenVVR23
JURIX,2023,Conference and Workshop Papers,closed,Giving Examples Instead of Answering Questions: Introducing Legal Concept-Example Systems,Tomer Libal; Aleksander Smywinski-Pohl,10.3233/FAIA230976,https://doi.org/10.3233/FAIA230976,287-292,conf/jurix/LibalS23,https://dblp.org/rec/conf/jurix/LibalS23
JURIX,2023,Conference and Workshop Papers,closed,A Legal System to Modify Autonomous Vehicle Designs in Transnational Contexts,Yiwei Lu; Zhe Yu; Yuhui Lin; Burkhard Schafer; Andrew Ireland; Lachlan Urquhart,10.3233/FAIA230986,https://doi.org/10.3233/FAIA230986,347-352,conf/jurix/LuYL0IU23,https://dblp.org/rec/conf/jurix/LuYL0IU23
JURIX,2023,Conference and Workshop Papers,closed,Executing United States Bills into Law: A Working Application in the United States House,Sela Mador-Haim; Ari Hershowitz,10.3233/FAIA230969,https://doi.org/10.3233/FAIA230969,237-246,conf/jurix/Mador-HaimH23,https://dblp.org/rec/conf/jurix/Mador-HaimH23
JURIX,2023,Conference and Workshop Papers,closed,Assessing Ocean&apos;s Legal Protection Using AI: A New Dataset and a BERT-Based Classifier,Youssef Al Mouatamid; Jihad Zahir; Marie Bonnin; Hajar Mousannif,10.3233/FAIA230972,https://doi.org/10.3233/FAIA230972,263-268,conf/jurix/MouatamidZBM23,https://dblp.org/rec/conf/jurix/MouatamidZBM23
JURIX,2023,Conference and Workshop Papers,closed,Human Performance on the AI Legal Case Verdict Classification Task,Jack Mumford; Katie Atkinson; Trevor J. M. Bench-Capon,10.3233/FAIA230988,https://doi.org/10.3233/FAIA230988,359-364,conf/jurix/MumfordAB23,https://dblp.org/rec/conf/jurix/MumfordAB23
JURIX,2023,Conference and Workshop Papers,closed,LogiLaw Dataset Towards Reinforcement Learning from Logical Feedback (RLLF),Ha-Thanh Nguyen; Wachara Fungwacharakorn; Ken Satoh,10.3233/FAIA230967,https://doi.org/10.3233/FAIA230967,217-226,conf/jurix/NguyenFS23,https://dblp.org/rec/conf/jurix/NguyenFS23
JURIX,2023,Conference and Workshop Papers,closed,"LawGiBa - Combining GPT, Knowledge Bases, and Logic Programming in a Legal Assistance System",Ha Thanh Nguyen; Randy Goebel; Francesca Toni; Kostas Stathis; Ken Satoh,10.3233/FAIA230991,https://doi.org/10.3233/FAIA230991,371-374,conf/jurix/NguyenGTSS23,https://dblp.org/rec/conf/jurix/NguyenGTSS23
JURIX,2023,Conference and Workshop Papers,closed,Automating Business Process Compliance for the EU AI Act,Claudio Novelli; Guido Governatori; Antonino Rotolo,10.3233/FAIA230955,https://doi.org/10.3233/FAIA230955,125-130,conf/jurix/NovelliGR23,https://dblp.org/rec/conf/jurix/NovelliGR23
JURIX,2023,Conference and Workshop Papers,closed,Precedent-Based Reasoning with Incomplete Cases,Daphne Odekerken; Floris Bex; Henry Prakken,10.3233/FAIA230943,https://doi.org/10.3233/FAIA230943,33-42,conf/jurix/OdekerkenBP23,https://dblp.org/rec/conf/jurix/OdekerkenBP23
JURIX,2023,Conference and Workshop Papers,closed,Re-Framing Case Law Citation Prediction from a Paragraph Perspective,Henrik Palmer Olsen; Nicolas Garneau; Yannis Panagis; Johan Lindholm; Anders Søgaard,10.3233/FAIA230982,https://doi.org/10.3233/FAIA230982,323-328,conf/jurix/OlsenGPLS23,https://dblp.org/rec/conf/jurix/OlsenGPLS23
JURIX,2023,Conference and Workshop Papers,closed,Multilevel Hate Speech Classification Based on Multilingual Case-Law,Monica Palmirani; Chiara Catizone; Giulia Venditti; Salvatore Sapienza,10.3233/FAIA230981,https://doi.org/10.3233/FAIA230981,317-322,conf/jurix/PalmiraniCVS23,https://dblp.org/rec/conf/jurix/PalmiraniCVS23
JURIX,2023,Conference and Workshop Papers,closed,Towards a Semantic Specification for GDPR Data Breach Reporting,Harshvardhan J. Pandit; Paul Ryan; Georg Philip Krog; Martin Crane; Rob Brennan,10.3233/FAIA230956,https://doi.org/10.3233/FAIA230956,131-136,conf/jurix/PanditRKCB23,https://dblp.org/rec/conf/jurix/PanditRKCB23
JURIX,2023,Conference and Workshop Papers,closed,Learning Case Relevance in Case-Based Reasoning with Abstract Argumentation,Guilherme Paulino-Passos; Francesca Toni,10.3233/FAIA230950,https://doi.org/10.3233/FAIA230950,95-100,conf/jurix/Paulino-PassosT23,https://dblp.org/rec/conf/jurix/Paulino-PassosT23
JURIX,2023,Conference and Workshop Papers,closed,Prompt Engineering and Provision of Context in Domain Specific Use of GPT,Marton Ribary; Paul Krause; Miklos Orban; Eugenio Vaccari; Thomas Wood,10.3233/FAIA230979,https://doi.org/10.3233/FAIA230979,305-310,conf/jurix/RibaryKOVW23,https://dblp.org/rec/conf/jurix/RibaryKOVW23
JURIX,2023,Conference and Workshop Papers,closed,Nearest Neighbor Search for Summarization of Japanese Judgment Documents,Akito Shimbo; Yuta Sugawara; Hiroaki Yamada; Takenobu Tokunaga,10.3233/FAIA230984,https://doi.org/10.3233/FAIA230984,335-340,conf/jurix/ShimboS0T23,https://dblp.org/rec/conf/jurix/ShimboS0T23
JURIX,2023,Conference and Workshop Papers,closed,"Improving Rationales with Small, Inconsistent and Incomplete Data",Cor Steging; Silja Renooij; Bart Verheij,10.3233/FAIA230945,https://doi.org/10.3233/FAIA230945,53-62,conf/jurix/StegingRV23,https://dblp.org/rec/conf/jurix/StegingRV23
JURIX,2023,Conference and Workshop Papers,closed,Event Extraction and Semantic Representation from Spanish Workers&apos; Statute Using Large Language Models,Gabriela Argüelles Terrón; Patricia Martín-Chozas; Víctor Rodríguez-Doncel,10.3233/FAIA230983,https://doi.org/10.3233/FAIA230983,329-334,conf/jurix/TerronMR23,https://dblp.org/rec/conf/jurix/TerronMR23
JURIX,2023,Conference and Workshop Papers,closed,Deontics and Time in Contracts: An Executable Semantics for the L4 DSL,Seng Joe Watt; Oliver R. Goodenough; Meng Weng Wong,10.3233/FAIA230954,https://doi.org/10.3233/FAIA230954,119-124,conf/jurix/WattGW23,https://dblp.org/rec/conf/jurix/WattGW23
JURIX,2023,Conference and Workshop Papers,closed,Hierarchical a Fortiori Reasoning with Dimensions,Wijnand van Woerkom; Davide Grossi; Henry Prakken; Bart Verheij,10.3233/FAIA230944,https://doi.org/10.3233/FAIA230944,43-52,conf/jurix/WoerkomGPV23,https://dblp.org/rec/conf/jurix/WoerkomGPV23
JURIX,2023,Conference and Workshop Papers,closed,Judgment Retrieval Made Easier Through Query Analysis,Tien-Hsuan Wu; Ben Kao; Michael M. K. Cheung,10.3233/FAIA230978,https://doi.org/10.3233/FAIA230978,299-304,conf/jurix/WuKC23,https://dblp.org/rec/conf/jurix/WuKC23
JURIX,2023,Conference and Workshop Papers,closed,On Legal Teleological Reasoning,Adam Z. Wyner; Tomasz Zurek,10.3233/FAIA230948,https://doi.org/10.3233/FAIA230948,83-88,conf/jurix/WynerZ23,https://dblp.org/rec/conf/jurix/WynerZ23
JURIX,2023,Conference and Workshop Papers,closed,A Question-Answering Approach to Evaluating Legal Summaries,Huihui Xu; Kevin D. Ashley,10.3233/FAIA230977,https://doi.org/10.3233/FAIA230977,293-298,conf/jurix/XuA23,https://dblp.org/rec/conf/jurix/XuA23
JURIX,2023,Conference and Workshop Papers,closed,Information Extraction from Lengthy Legal Contracts: Leveraging Query-Based Summarization and GPT-3.5,May Myo Zin; Ha-Thanh Nguyen; Ken Satoh; Saku Sugawara; Fumihito Nishino,10.3233/FAIA230963,https://doi.org/10.3233/FAIA230963,177-186,conf/jurix/ZinNSSN23,https://dblp.org/rec/conf/jurix/ZinNSSN23
JURIX,2023,Conference and Workshop Papers,closed,Human-Centred Explanation of Rule-Based Decision-Making Systems in the Legal Domain: Demonstration,Suzan Zuurmond; AnneMarie Borg; Matthijs van Kempen; Remi Wieten,10.3233/FAIA230992,https://doi.org/10.3233/FAIA230992,375-378,conf/jurix/ZuurmondBKW23,https://dblp.org/rec/conf/jurix/ZuurmondBKW23
JURIX,2024,Editorship,,"Legal Knowledge and Information Systems - JURIX 2024: The Thirty-seventh Annual Conference, Brno, Czech Republic, 11-13 December 2024",Jaromír Savelka; Jakub Harasta; Tereza Novotná; Jakub Mísek,10.3233/FAIA395,https://doi.org/10.3233/FAIA395,,conf/jurix/2024,https://dblp.org/rec/conf/jurix/2024
JURIX,2024,Conference and Workshop Papers,closed,DIREGA - Building Decision Support for German Register Law,Axel Adrian; Osman Anil Basaran; Nathan Dykes; Stephanie Evert; Michael Gritz; Merlin Humml; Michael Kohlhase; Johannes Lindner; Andreas Maier; Stephan Prettner; Max Rapp; Lutz Schröder; Verena Stürmer,10.3233/FAIA241269,https://doi.org/10.3233/FAIA241269,360-362,conf/jurix/AdrianBDEGHKLMP24,https://dblp.org/rec/conf/jurix/AdrianBDEGHKLMP24
JURIX,2024,Conference and Workshop Papers,closed,Harmonizing AI Data Governance: Profiling ISO/IEC 5259 to Meet the Requirements of the EU AI Act,Kuruvilla George Aiyankovil; Dave Lewis,10.3233/FAIA241270,https://doi.org/10.3233/FAIA241270,363-365,conf/jurix/Aiyankovil024,https://dblp.org/rec/conf/jurix/Aiyankovil024
JURIX,2024,Conference and Workshop Papers,closed,Case Frames and Case-Based Arguments in Statutory Interpretation,Michal Araszkiewicz,10.3233/FAIA241229,https://doi.org/10.3233/FAIA241229,2-13,conf/jurix/Araszkiewicz24,https://dblp.org/rec/conf/jurix/Araszkiewicz24
JURIX,2024,Conference and Workshop Papers,closed,Conflict Analysis for Timed Contract Automata,Shaun Azzopardi; Gordon J. Pace,10.3233/FAIA241251,https://doi.org/10.3233/FAIA241251,250-255,conf/jurix/AzzopardiP24,https://dblp.org/rec/conf/jurix/AzzopardiP24
JURIX,2024,Conference and Workshop Papers,closed,Fighting the Knowledge Representation Bottleneck with Large Language Models,Marco Billi; Giuseppe Pisano; Marco Sanchi,10.3233/FAIA241230,https://doi.org/10.3233/FAIA241230,14-24,conf/jurix/BilliPS24,https://dblp.org/rec/conf/jurix/BilliPS24
JURIX,2024,Conference and Workshop Papers,closed,Decision Support in Law: From Formalizing Rules to Reasoning with Justification,Jeremy Bouche-Pillon; Nathalie Aussenac-Gilles; Yannick Chevalier; Pascale Zaraté,10.3233/FAIA241231,https://doi.org/10.3233/FAIA241231,25-36,conf/jurix/Bouche-PillonAC24,https://dblp.org/rec/conf/jurix/Bouche-PillonAC24
JURIX,2024,Conference and Workshop Papers,closed,Dispute Resolution in Legal Mediation with Quantitative Argumentation,Xiao Chi,10.3233/FAIA241252,https://doi.org/10.3233/FAIA241252,256-261,conf/jurix/Chi24,https://dblp.org/rec/conf/jurix/Chi24
JURIX,2024,Conference and Workshop Papers,closed,Prosecutorial Outcome Predication with LoRA and QLoRA,Kuo-Chun Chien; Chia-Hui Chang; Huai-Hsuan Huang; Jo-Chi Kung,10.3233/FAIA241253,https://doi.org/10.3233/FAIA241253,262-268,conf/jurix/ChienCHK24,https://dblp.org/rec/conf/jurix/ChienCHK24
JURIX,2024,Conference and Workshop Papers,closed,Automated Semantic Annotation Pipeline for Brazilian Judicial Decisions,Melissa Zorzanelli Costa; Dylan Faria Robson; Thiago Baiense Peçanha Vieira; Jean-Rémi Bourguet; Giancarlo Guizzardi; João Paulo A. Almeida,10.3233/FAIA241248,https://doi.org/10.3233/FAIA241248,226-238,conf/jurix/CostaRVBGA24,https://dblp.org/rec/conf/jurix/CostaRVBGA24
JURIX,2024,Conference and Workshop Papers,closed,Modeling Judicial Discretion with Nuanced Permissions,Josephine Dik; Réka Markovich,10.3233/FAIA241233,https://doi.org/10.3233/FAIA241233,48-59,conf/jurix/DikM24,https://dblp.org/rec/conf/jurix/DikM24
JURIX,2024,Conference and Workshop Papers,closed,Legal Question Answering Based on Logical Reasoning in Large Pretrained Language Models,Joseph Dimos; Eva Fourel,10.3233/FAIA241271,https://doi.org/10.3233/FAIA241271,366-368,conf/jurix/DimosF24,https://dblp.org/rec/conf/jurix/DimosF24
JURIX,2024,Conference and Workshop Papers,closed,How to Manage My Data? With Machine-Interpretable GDPR Rights!,Beatriz Esteves; Harshvardhan J. Pandit; Georg Philip Krog; Paul Ryan,10.3233/FAIA241254,https://doi.org/10.3233/FAIA241254,269-274,conf/jurix/EstevesPKR24,https://dblp.org/rec/conf/jurix/EstevesPKR24
JURIX,2024,Conference and Workshop Papers,closed,Legal Chunking: Evaluating Methods for Effective Legal Text Retrieval,Andrea Filippo Ferraris; Davide Audrito; Giovanni Siragusa; Alessandro Piovano,10.3233/FAIA241255,https://doi.org/10.3233/FAIA241255,275-281,conf/jurix/FerrarisASP24,https://dblp.org/rec/conf/jurix/FerrarisASP24
JURIX,2024,Conference and Workshop Papers,closed,When Precedents Clash,Cecilia Di Florio; Huimin Dong; Antonino Rotolo,10.3233/FAIA241232,https://doi.org/10.3233/FAIA241232,37-47,conf/jurix/FlorioDR24,https://dblp.org/rec/conf/jurix/FlorioDR24
JURIX,2024,Conference and Workshop Papers,closed,Structured Legal Argumentation with LLMs: A Study in Landlord-Tenant Law,Gregoire Fournier; Daniel W. Linna Jr.,10.3233/FAIA241272,https://doi.org/10.3233/FAIA241272,369-371,conf/jurix/FournierL24,https://dblp.org/rec/conf/jurix/FournierL24
JURIX,2024,Conference and Workshop Papers,closed,Combining Network and Text to Provide Legal Pincites,Nicolas Garneau; Henrik Palmer Olsen; Antoine Corduant; Fabien Tarissan,10.3233/FAIA241256,https://doi.org/10.3233/FAIA241256,282-287,conf/jurix/GarneauOCT24,https://dblp.org/rec/conf/jurix/GarneauOCT24
JURIX,2024,Conference and Workshop Papers,closed,Annotating Legal Argument Schemes: A Parametric Approach,F. J. A. Goossens; H. J. Plug; Jean H. M. Wagemans,10.3233/FAIA241257,https://doi.org/10.3233/FAIA241257,288-294,conf/jurix/GoossensPW24,https://dblp.org/rec/conf/jurix/GoossensPW24
JURIX,2024,Conference and Workshop Papers,closed,A Logical Framework for Weak Permissions in Criminal Procedure,Guido Governatori; Antonino Rotolo,10.3233/FAIA241273,https://doi.org/10.3233/FAIA241273,372-374,conf/jurix/GovernatoriR24,https://dblp.org/rec/conf/jurix/GovernatoriR24
JURIX,2024,Conference and Workshop Papers,closed,Using LLMs to Discover Legal Factors,Morgan A. Gray; Jaromír Savelka; Wesley M. Oliver; Kevin D. Ashley,10.3233/FAIA241234,https://doi.org/10.3233/FAIA241234,60-71,conf/jurix/GraySOA24,https://dblp.org/rec/conf/jurix/GraySOA24
JURIX,2024,Conference and Workshop Papers,closed,Detecting Vague Clauses in Privacy Policies: The Analysis of Data Categories Using BERT Models and LLMs,Giulia Grundler; Ruta Liepina; Mariaceleste Musicco; Francesca Lagioia; Andrea Galassi; Giovanni Sartor; Paolo Torroni,10.3233/FAIA241235,https://doi.org/10.3233/FAIA241235,72-83,conf/jurix/GrundlerLMLGST24,https://dblp.org/rec/conf/jurix/GrundlerLMLGST24
JURIX,2024,Conference and Workshop Papers,closed,Ontology-Based Approach for Mapping Concepts and Requirements from Regulations and Standards: The Case of the EU AI Act and International Standards,Julio Hernandez; Delaram Golpayegani; David Lewis,10.3233/FAIA241258,https://doi.org/10.3233/FAIA241258,295-300,conf/jurix/HernandezG024,https://dblp.org/rec/conf/jurix/HernandezG024
JURIX,2024,Conference and Workshop Papers,closed,Impacts of Continued Legal Pre-Training and IFT on LLMs&apos; Latent Representations of Human-Defined Legal Concepts,Shaun Ho,10.3233/FAIA241259,https://doi.org/10.3233/FAIA241259,301-307,conf/jurix/Ho24,https://dblp.org/rec/conf/jurix/Ho24
JURIX,2024,Conference and Workshop Papers,closed,Similar Phrases for Cause of Actions of Civil Cases,Ho-Chien Huang; Chao-Lin Liu,10.3233/FAIA241274,https://doi.org/10.3233/FAIA241274,375-377,conf/jurix/HuangL24,https://dblp.org/rec/conf/jurix/HuangL24
JURIX,2024,Conference and Workshop Papers,closed,A Legal Assistant for Accountable Decision-Making,Adam Kaczmarczyk; Tomer Libal; Aleksander Smywinski-Pohl,10.3233/FAIA241275,https://doi.org/10.3233/FAIA241275,378-380,conf/jurix/KaczmarczykLS24,https://dblp.org/rec/conf/jurix/KaczmarczykLS24
JURIX,2024,Conference and Workshop Papers,closed,On Conflicts and Satisfiability in Metric Timed Normative Logics,Karam Younes Kharraz; Gerardo Schneider; Martin Leucker,10.3233/FAIA241260,https://doi.org/10.3233/FAIA241260,308-313,conf/jurix/KharrazSL24,https://dblp.org/rec/conf/jurix/KharrazSL24
JURIX,2024,Conference and Workshop Papers,closed,A Narrative Assistant for Traffic Accidents Based on Large Language Models (LLM),Jo-Chi Kung; Chia-Hui Chang; Huai-Hsuan Huang; Kuo-Chun Chien,10.3233/FAIA241236,https://doi.org/10.3233/FAIA241236,84-94,conf/jurix/KungCHC24,https://dblp.org/rec/conf/jurix/KungCHC24
JURIX,2024,Conference and Workshop Papers,closed,Draft Better Contracts,Cosimo Laneve; Alessandro Parenti; Giovanni Sartor,10.3233/FAIA241237,https://doi.org/10.3233/FAIA241237,95-106,conf/jurix/LanevePS24,https://dblp.org/rec/conf/jurix/LanevePS24
JURIX,2024,Conference and Workshop Papers,closed,Addressing Causal Puzzles in Law Through Argumentation,Ruta Liepina; Giuseppe Pisano; Giovanni Sartor,10.3233/FAIA241276,https://doi.org/10.3233/FAIA241276,381-383,conf/jurix/LiepinaPS24,https://dblp.org/rec/conf/jurix/LiepinaPS24
JURIX,2024,Conference and Workshop Papers,closed,AI in Healthcare: Navigating Legal Risk Assessment with JusticeBot,Sébastien Meeùs; Valentina Dalla Giovanna; Samyar Janatian; Hannes Westermann; Karim Benyekhlef; Gregory Lewkowicz,10.3233/FAIA241277,https://doi.org/10.3233/FAIA241277,384-386,conf/jurix/MeeusGJWBL24,https://dblp.org/rec/conf/jurix/MeeusGJWBL24
JURIX,2024,Conference and Workshop Papers,closed,Unravelling the ECHR: Components of Legal Case Analysis,Jack Mumford; Katie Atkinson; Trevor J. M. Bench-Capon,10.3233/FAIA241238,https://doi.org/10.3233/FAIA241238,107-118,conf/jurix/MumfordAB24,https://dblp.org/rec/conf/jurix/MumfordAB24
JURIX,2024,Conference and Workshop Papers,closed,Design of a Quality Management System Based on the EU AI Act,Henryk Mustroph; Stefanie Rinderle-Ma,10.3233/FAIA241261,https://doi.org/10.3233/FAIA241261,314-320,conf/jurix/MustrophR24,https://dblp.org/rec/conf/jurix/MustrophR24
JURIX,2024,Conference and Workshop Papers,closed,Combining Rule-Based and Machine Learning Methods for Efficient Information Extraction from Enforcement Decisions,Harry Nan; Maarten Marx; Johan Wolswinkel,10.3233/FAIA241262,https://doi.org/10.3233/FAIA241262,321-326,conf/jurix/NanMW24,https://dblp.org/rec/conf/jurix/NanMW24
JURIX,2024,Conference and Workshop Papers,closed,Norm Compliance in Reinforcement Learning Agents via Restraining Bolts,Emery A. Neufeld; Agata Ciabattoni; Radu Florin Tulcan,10.3233/FAIA241239,https://doi.org/10.3233/FAIA241239,119-130,conf/jurix/NeufeldCT24,https://dblp.org/rec/conf/jurix/NeufeldCT24
JURIX,2024,Conference and Workshop Papers,closed,A Multi-Stage Prompting and RAG Approach to Generating Legal Analysis in Common Law Systems,Titus T. H. Ng; Tien-Hsuan Wu; Benjamin Minhao Chen; Yongxi Chen; Ben Kao,10.3233/FAIA241278,https://doi.org/10.3233/FAIA241278,387-388,conf/jurix/NgWCCK24,https://dblp.org/rec/conf/jurix/NgWCCK24
JURIX,2024,Conference and Workshop Papers,closed,ConsRAG: Minimize LLM Hallucinations in the Legal Domain,Ha-Thanh Nguyen; Ken Satoh,10.3233/FAIA241263,https://doi.org/10.3233/FAIA241263,327-332,conf/jurix/NguyenS24,https://dblp.org/rec/conf/jurix/NguyenS24
JURIX,2024,Conference and Workshop Papers,closed,An Application of Case-Based Reasoning to Decision-Making in Dutch Administrative Law,Joep Nouwens; AnneMarie Borg; Henry Prakken,10.3233/FAIA241240,https://doi.org/10.3233/FAIA241240,131-141,conf/jurix/NouwensBP24,https://dblp.org/rec/conf/jurix/NouwensBP24
JURIX,2024,Conference and Workshop Papers,closed,"Legal-Emotional BATNA: AI Chatbot Addressing Divorce Legalities and Emotional Complexities, and Research of Social Implementation in Japan",Kohei Oshio,10.3233/FAIA241264,https://doi.org/10.3233/FAIA241264,333-337,conf/jurix/Oshio24,https://dblp.org/rec/conf/jurix/Oshio24
JURIX,2024,Conference and Workshop Papers,closed,Citation Anchor Text for Improving Precedent Retrieval: An Experimental Study on Indian Legal Documents,Gaurang Patil; Bhoomeendra Singh Sisodiya; P. Krishna Reddy; K. V. K. Santhy,10.3233/FAIA241241,https://doi.org/10.3233/FAIA241241,142-154,conf/jurix/PatilSRS24,https://dblp.org/rec/conf/jurix/PatilSRS24
JURIX,2024,Conference and Workshop Papers,closed,Towards Hybrid Evaluation Methodologies for Large Language Models in the Legal Domain,Marco Sanchi; Tereza Novotná,10.3233/FAIA241279,https://doi.org/10.3233/FAIA241279,389-392,conf/jurix/SanchiN24,https://dblp.org/rec/conf/jurix/SanchiN24
JURIX,2024,Conference and Workshop Papers,closed,Explainable AI for Real Legal Judgments: Sentencing Model and Salience Maps for Text,Hsuan-Lei Shao; Wei-Hsin Wang; Sieh-Chuen Huang,10.3233/FAIA241280,https://doi.org/10.3233/FAIA241280,393-394,conf/jurix/ShaoWH24,https://dblp.org/rec/conf/jurix/ShaoWH24
JURIX,2024,Conference and Workshop Papers,closed,Getting in the Door: Streamlining Intake in Civil Legal Services with Large Language Models,Quinten Steenhuis; Hannes Westermann,10.3233/FAIA241242,https://doi.org/10.3233/FAIA241242,155-167,conf/jurix/SteenhuisW24,https://dblp.org/rec/conf/jurix/SteenhuisW24
JURIX,2024,Conference and Workshop Papers,closed,A Legal Visualisation Tool Using Normative Diagrams,Bianca Steffes; Diogo Sasdelli,10.3233/FAIA241281,https://doi.org/10.3233/FAIA241281,395-397,conf/jurix/SteffesS24,https://dblp.org/rec/conf/jurix/SteffesS24
JURIX,2024,Conference and Workshop Papers,closed,Optimizing Keyphrase Extraction for Court Decisions Using Legal References,Zoltán Szoplák; Peter Gurský; Dávid Varga,10.3233/FAIA241265,https://doi.org/10.3233/FAIA241265,338-343,conf/jurix/SzoplakGV24,https://dblp.org/rec/conf/jurix/SzoplakGV24
JURIX,2024,Conference and Workshop Papers,closed,Robots in the Middle: Evaluating LLMs in Dispute Resolution,Jinzhe Tan; Hannes Westermann; Nikhil Reddy Pottanigari; Jaromír Savelka; Sébastien Meeùs; Mia Godet; Karim Benyekhlef,10.3233/FAIA241243,https://doi.org/10.3233/FAIA241243,168-179,conf/jurix/TanWPSMGB24,https://dblp.org/rec/conf/jurix/TanWPSMGB24
JURIX,2024,Conference and Workshop Papers,closed,InSaAF: Incorporating Safety Through Accuracy and Fairness - Are LLMs Ready for the Indian Legal Domain?,Yogesh Tripathi; Raghav Donakanti; Sahil Girhepuje; Ishan Kavathekar; Bhaskara Hanuma Vedula; Gokul S. Krishnan; Anmol Goel; Shreya Goyal; Balaraman Ravindran; Ponnurangam Kumaraguru,10.3233/FAIA241266,https://doi.org/10.3233/FAIA241266,344-351,conf/jurix/TripathiDGKVKGG24,https://dblp.org/rec/conf/jurix/TripathiDGKVKGG24
JURIX,2024,Conference and Workshop Papers,closed,TENJI: A Textbook Entity Network and Jurisprudence Interface,Sabine Wehnert; Pramod Kumar Bontha; Kilian Lüders; Bent Stohlmann; Ernesto William De Luca,10.3233/FAIA241282,https://doi.org/10.3233/FAIA241282,398-400,conf/jurix/WehnertBLSL24,https://dblp.org/rec/conf/jurix/WehnertBLSL24
JURIX,2024,Conference and Workshop Papers,closed,Building Applications with Purpose: Bridging Human-Centered Design and Human-Centered Artificial Intelligence in Legal Tech with the Double Diamond,Sabine Wehnert; Ernesto William De Luca,10.3233/FAIA241267,https://doi.org/10.3233/FAIA241267,352-358,conf/jurix/WehnertL24,https://dblp.org/rec/conf/jurix/WehnertL24
JURIX,2024,Conference and Workshop Papers,closed,Hybrid Legal Norm Retrieval: Leveraging Knowledge Graphs and Textual Representations,Sabine Wehnert; Visakh Padmanabhan; Ernesto William De Luca,10.3233/FAIA241245,https://doi.org/10.3233/FAIA241245,191-203,conf/jurix/WehnertPL24,https://dblp.org/rec/conf/jurix/WehnertPL24
JURIX,2024,Conference and Workshop Papers,closed,LUMI: Legal Understanding and Matching Through Interactive Highlighting,Sabine Wehnert; Visakh Padmanabhan; Ernesto William De Luca,10.3233/FAIA241283,https://doi.org/10.3233/FAIA241283,401-403,conf/jurix/WehnertPL24a,https://dblp.org/rec/conf/jurix/WehnertPL24a
JURIX,2024,Conference and Workshop Papers,closed,LeReRAG: Measuring Legal Relevance in Retrieval Augmented Generation Applications,Gineke Wiggers; Christian Hartz,10.3233/FAIA241284,https://doi.org/10.3233/FAIA241284,404-406,conf/jurix/WiggersH24,https://dblp.org/rec/conf/jurix/WiggersH24
JURIX,2024,Conference and Workshop Papers,closed,A Case-Based-Reasoning Analysis of the COMPAS Dataset,Wijnand van Woerkom; Davide Grossi; Henry Prakken; Bart Verheij,10.3233/FAIA241244,https://doi.org/10.3233/FAIA241244,180-190,conf/jurix/WoerkomGPV24,https://dblp.org/rec/conf/jurix/WoerkomGPV24
JURIX,2024,Conference and Workshop Papers,closed,Automating Fundamental Right Impact Assessment: An Open Experiment,Xinyue Zhang; Vanja Skoric; Giovanni Sileno,10.3233/FAIA241246,https://doi.org/10.3233/FAIA241246,204-214,conf/jurix/ZhangSS24,https://dblp.org/rec/conf/jurix/ZhangSS24
JURIX,2024,Conference and Workshop Papers,closed,Leveraging LLM for Identification and Extraction of Normative Statements,May Myo Zin; Ken Satoh; Georg Borges,10.3233/FAIA241247,https://doi.org/10.3233/FAIA241247,215-225,conf/jurix/ZinSB24,https://dblp.org/rec/conf/jurix/ZinSB24
JURIX,2024,Conference and Workshop Papers,closed,Values and Factor Ascription Arguments,Tomasz Zurek; Adam Z. Wyner; Trevor J. M. Bench-Capon,10.3233/FAIA241249,https://doi.org/10.3233/FAIA241249,239-248,conf/jurix/ZurekWB24,https://dblp.org/rec/conf/jurix/ZurekWB24
JURIX,2025,Conference and Workshop Papers,closed,Modeling U.S. Supreme Court Briefs with Computational Argumentation,Heng Zheng; Dexter Williams; Bertram Ludäscher,10.3233/FAIA251631,https://doi.org/10.3233/FAIA251631,439-441,conf/jurix/0001WL25,https://dblp.org/rec/conf/jurix/0001WL25
JURIX,2025,Editorship,,"Legal Knowledge and Information Systems - JURIX 2025: The Thirty-eighth Annual Conference, Turin, Italy, 9-11 December 2025",Réka Markovich; Luigi Di Caro; Amon Rapp; Claudio Schifanella,10.3233/FAIA416,https://doi.org/10.3233/FAIA416,,conf/jurix/2025,https://dblp.org/rec/conf/jurix/2025
JURIX,2025,Conference and Workshop Papers,closed,A Systematic Approach to Assess Languages Proposed for Rules as Code,Sofia Ali; Giovanni Sileno; Tom M. van Engers,10.3233/FAIA251595,https://doi.org/10.3233/FAIA251595,264-269,conf/jurix/AliSE25,https://dblp.org/rec/conf/jurix/AliSE25
JURIX,2025,Conference and Workshop Papers,closed,Precedent as Interpretive Resource: A Case Frame Analysis of Statutory Reasoning,Michal Araszkiewicz,10.3233/FAIA251572,https://doi.org/10.3233/FAIA251572,2-13,conf/jurix/Araszkiewicz25,https://dblp.org/rec/conf/jurix/Araszkiewicz25
JURIX,2025,Conference and Workshop Papers,closed,Accountability as a Software Engineering Tool for Multi-Agent Systems,Matteo Baldoni; Cristina Baroglio; Roberto Micalizio; Stefano Tedeschi,10.3233/FAIA251596,https://doi.org/10.3233/FAIA251596,270-275,conf/jurix/BaldoniBM025,https://dblp.org/rec/conf/jurix/BaldoniBM025
JURIX,2025,Conference and Workshop Papers,closed,LR2: A Legal RAG for Legal Reasoning over Cases,Irene Benedetto; Luca Cagliero; Francesco Tarasconi,10.3233/FAIA251614,https://doi.org/10.3233/FAIA251614,378-381,conf/jurix/BenedettoCT25,https://dblp.org/rec/conf/jurix/BenedettoCT25
JURIX,2025,Conference and Workshop Papers,closed,Discovering the Potential of LLMs in Annotating Legal Texts for Argument Mining (Extended Abstract),Christina Berghegger; César Philippe; Karla Salas-Jimenez; Jean-Guy Mailly; Leila Moudjari; Laurent Perrussel,10.3233/FAIA251615,https://doi.org/10.3233/FAIA251615,382-384,conf/jurix/BergheggerPSMMP25,https://dblp.org/rec/conf/jurix/BergheggerPSMMP25
JURIX,2025,Conference and Workshop Papers,closed,JuriDiscovery: Automated Analysis of Legal Dispute Triggered by Public Policies Using Artificial Intelligence. A Case Study Applied to the Individual Microentrepreneur,Loreane Brandizzi; Guilherme Rodrigues,10.3233/FAIA251573,https://doi.org/10.3233/FAIA251573,14-25,conf/jurix/BrandizziR25,https://dblp.org/rec/conf/jurix/BrandizziR25
JURIX,2025,Conference and Workshop Papers,closed,Pro-Judice: Aligning LLMs with Procedural Fairness in Judicial Contexts,Qingjing Chen; Rongxin Cheng; Yan Liu; Siyuan Zheng; Antonino Rotolo; Yun Liu; Weixing Shen,10.3233/FAIA251616,https://doi.org/10.3233/FAIA251616,385-388,conf/jurix/Chen0LZRLS25,https://dblp.org/rec/conf/jurix/Chen0LZRLS25
JURIX,2025,Conference and Workshop Papers,closed,Unconstitutionality Prevention in Bills Using Hybrid AI,Michele Corazza; Pier Francesco Bresciani; Generoso Longo; Faria Ferooz; Salvatore Sapienza; Monica Palmirani,10.3233/FAIA251574,https://doi.org/10.3233/FAIA251574,26-36,conf/jurix/CorazzaBLFSP25,https://dblp.org/rec/conf/jurix/CorazzaBLFSP25
JURIX,2025,Conference and Workshop Papers,closed,Segmentation and Processing of German Court Decisions from Open Legal Data,Harshil Darji; Martin Heckelmann; Christina Kratsch; Gerard de Melo,10.3233/FAIA251597,https://doi.org/10.3233/FAIA251597,276-281,conf/jurix/DarjiHKM25,https://dblp.org/rec/conf/jurix/DarjiHKM25
JURIX,2025,Conference and Workshop Papers,closed,From Data to Equity: Predicting and Auditing Fairness in Indian Bail Decisions,Sneha Deshmukh; Prathmesh Kamble,10.3233/FAIA251599,https://doi.org/10.3233/FAIA251599,288-293,conf/jurix/DeshmukhK25,https://dblp.org/rec/conf/jurix/DeshmukhK25
JURIX,2025,Conference and Workshop Papers,closed,Explaining Discretionary Judicial Decisions Using Answer Set Programming,Josephine Dik,10.3233/FAIA251576,https://doi.org/10.3233/FAIA251576,49-60,conf/jurix/Dik25,https://dblp.org/rec/conf/jurix/Dik25
JURIX,2025,Conference and Workshop Papers,closed,Contrary-to-Duty Rights: From Hohfeld to Agreement Revision,Huimin Dong; Leendert van der Torre; Liuwen Yu,10.3233/FAIA251577,https://doi.org/10.3233/FAIA251577,61-73,conf/jurix/DongTY25,https://dblp.org/rec/conf/jurix/DongTY25
JURIX,2025,Conference and Workshop Papers,closed,A Tool for Handling Unexpected Exceptions in Legal Reasoning,Thomas Ecobichon; Mathieu Carpentier; Sylvie Doutre; Jean-Guy Mailly,10.3233/FAIA251618,https://doi.org/10.3233/FAIA251618,392-394,conf/jurix/EcobichonCDM25,https://dblp.org/rec/conf/jurix/EcobichonCDM25
JURIX,2025,Conference and Workshop Papers,closed,Normative Risk Assessment in the AI Act,Beatrice Ferrigno; Marco Billi; Yasaman Yousefi; Antonino Rotolo,10.3233/FAIA251619,https://doi.org/10.3233/FAIA251619,395-397,conf/jurix/FerrignoBYR25,https://dblp.org/rec/conf/jurix/FerrignoBYR25
JURIX,2025,Conference and Workshop Papers,closed,An Argumentative Explanation Framework for Generalized Reason Model with Inconsistent Precedents,Wachara Fungwacharakorn; Gauvain Bourgne; Ken Satoh,10.3233/FAIA251620,https://doi.org/10.3233/FAIA251620,398-399,conf/jurix/Fungwacharakorn25,https://dblp.org/rec/conf/jurix/Fungwacharakorn25
JURIX,2025,Conference and Workshop Papers,closed,Does ChatGPT Understand the Law? A Case Study on Road Homicide in Italy,Grazia Garzo; Alessandro Palumbo,10.3233/FAIA251578,https://doi.org/10.3233/FAIA251578,74-85,conf/jurix/GarzoP25,https://dblp.org/rec/conf/jurix/GarzoP25
JURIX,2025,Conference and Workshop Papers,closed,Uncovering AI Governance Themes in EU Policies Using BERTopic and Thematic Analysis,Delaram Golpayegani; Marta Lasek-Markey; Arjumand Younus; Aphra Kerr; Dave Lewis,10.3233/FAIA251621,https://doi.org/10.3233/FAIA251621,400-411,conf/jurix/GolpayeganiLYK025,https://dblp.org/rec/conf/jurix/GolpayeganiLYK025
JURIX,2025,Conference and Workshop Papers,closed,Automated Extraction of Judicial Interpretative Formulas in EU Case Law on VAT,Giulia Grundler; Piera Santin; Alessia Fidelangeli; Rachele Mignone; Federico Galli; Andrea Galassi; Giuseppe Contissa; Luigi Di Caro; Paolo Torroni,10.3233/FAIA251600,https://doi.org/10.3233/FAIA251600,294-299,conf/jurix/GrundlerSFMGGCC25,https://dblp.org/rec/conf/jurix/GrundlerSFMGGCC25
JURIX,2025,Conference and Workshop Papers,closed,A Two-Dimensional Evaluation Framework for Factual and Reasoning Assessment of LLMs in Legal Question Answering,Sinan Gultekin; Matteo Rossi Reich; Francesca Galloni; Francesca Lagioia; Elena Consiglio; Giovanni Sartor; Sara Bagnato,10.3233/FAIA251579,https://doi.org/10.3233/FAIA251579,86-97,conf/jurix/GultekinRGLCSB25,https://dblp.org/rec/conf/jurix/GultekinRGLCSB25
JURIX,2025,Conference and Workshop Papers,closed,Can LLMs Create Legally Relevant Summaries and Analyses of Videos?,Lyra Hoeben-Kuil; Gijs van Dijck; Jaromír Savelka; Johanna Gunawan; Konrad Kollnig; Marta Kolacz; Mindy Duffourc; Shashank Chakravarthy; Hannes Westermann,10.3233/FAIA251580,https://doi.org/10.3233/FAIA251580,98-109,conf/jurix/Hoeben-KuilDSGK25,https://dblp.org/rec/conf/jurix/Hoeben-KuilDSGK25
JURIX,2025,Conference and Workshop Papers,closed,A Self-Supervised Method for Legal Reference Resolution,Simon Horvát; Dávid Varga; Peter Gurský; Nicol Fedurcová; Samuel Baran; Zoltán Szoplák,10.3233/FAIA251601,https://doi.org/10.3233/FAIA251601,300-305,conf/jurix/HorvatVGFBS25,https://dblp.org/rec/conf/jurix/HorvatVGFBS25
JURIX,2025,Conference and Workshop Papers,closed,Learning from the Judicial Journey: A Predictive Model for Case Disputability,Ho-Chien Huang; Chao-Lin Liu,10.3233/FAIA251602,https://doi.org/10.3233/FAIA251602,306-311,conf/jurix/HuangL25,https://dblp.org/rec/conf/jurix/HuangL25
JURIX,2025,Conference and Workshop Papers,closed,Foundations for Territorial Disambiguation in Law: A Preliminary Study Using the Education Act 2005,Safia Kanwal; Livio Robaldo; Hafsa Dar; Davide Liga; Joseph K. Anim,10.3233/FAIA251622,https://doi.org/10.3233/FAIA251622,412-414,conf/jurix/KanwalRDLA25,https://dblp.org/rec/conf/jurix/KanwalRDLA25
JURIX,2025,Conference and Workshop Papers,closed,Extracting Unwritten Sentencing Rules from Czech Higher Courts&apos; Verdicts,Tomás Knap,10.3233/FAIA251623,https://doi.org/10.3233/FAIA251623,415-417,conf/jurix/Knap25,https://dblp.org/rec/conf/jurix/Knap25
JURIX,2025,Conference and Workshop Papers,closed,Reinforcement Learning with Argument-Structured Reward for Court Decision Abstractive Summarization,Yuntao Kong; Ye Xiong; Shuyuan Zheng; Ken Satoh,10.3233/FAIA251603,https://doi.org/10.3233/FAIA251603,312-317,conf/jurix/KongXZS25,https://dblp.org/rec/conf/jurix/KongXZS25
JURIX,2025,Conference and Workshop Papers,closed,Which Neurons Nudge Normative Stance? Causal Tests and Mechanistic Evidence via Contrastive Last-Token Steering,Davide Liga; Liuwen Yu,10.3233/FAIA251581,https://doi.org/10.3233/FAIA251581,110-120,conf/jurix/LigaY25,https://dblp.org/rec/conf/jurix/LigaY25
JURIX,2025,Conference and Workshop Papers,closed,Argumentative LLMs for Legal Information Entailment,Charlie Lindsay; Francesca Toni; Tien Dat Nguyen; Tan Minh Nguyen; Trang Pham Ngoc Anh; Quang-Huy Chu; Hoang Nhat Nguyen; Le Minh Nguyen,10.3233/FAIA251582,https://doi.org/10.3233/FAIA251582,121-132,conf/jurix/LindsayTNNACN025,https://dblp.org/rec/conf/jurix/LindsayTNNACN025
JURIX,2025,Conference and Workshop Papers,closed,A GraphRAG Approach to Enhancing the Ability of Causal Reasoning in Autonomous Driving Cases,Jia Liu; Xingtong Chen,10.3233/FAIA251625,https://doi.org/10.3233/FAIA251625,421-423,conf/jurix/LiuC25,https://dblp.org/rec/conf/jurix/LiuC25
JURIX,2025,Conference and Workshop Papers,closed,LeAK-GraphRAG: A Legal Academic Knowledge GraphRAG Framework with Hybrid Retrieval for Mitigating Hallucinations,Jia Liu; Jianhao Tang,10.3233/FAIA251624,https://doi.org/10.3233/FAIA251624,418-420,conf/jurix/LiuT25,https://dblp.org/rec/conf/jurix/LiuT25
JURIX,2025,Conference and Workshop Papers,closed,How Anonymous Is Anonymous? A Techno-Legal Exploration,Stephanie von Maltzan; Daniel Vogel; Marc Ohm; Florian Idelberger,10.3233/FAIA251589,https://doi.org/10.3233/FAIA251589,204-215,conf/jurix/Maltzan0OI25,https://dblp.org/rec/conf/jurix/Maltzan0OI25
JURIX,2025,Conference and Workshop Papers,closed,"An Ontology-Driven Graph RAG for Legal Norms: A Hierarchical, Temporal, and Deterministic Approach",Hudson de Martim,10.3233/FAIA251598,https://doi.org/10.3233/FAIA251598,282-287,conf/jurix/Martim25,https://dblp.org/rec/conf/jurix/Martim25
JURIX,2025,Conference and Workshop Papers,closed,"Automated Identification of Criminal Offences from Case Descriptions Using Ontologies, Rules and LLMs",Jelena Matkovic; Marko Markovic; Stevan Gostojic,10.3233/FAIA251626,https://doi.org/10.3233/FAIA251626,424-426,conf/jurix/MatkovicMG25,https://dblp.org/rec/conf/jurix/MatkovicMG25
JURIX,2025,Conference and Workshop Papers,closed,Principles of Law: LLMs vs RegEx,Marianna Molinari; Ilaria Angela Amantea; Marinella Quaranta; Guido Governatori,10.3233/FAIA251627,https://doi.org/10.3233/FAIA251627,427-429,conf/jurix/MolinariAQG25,https://dblp.org/rec/conf/jurix/MolinariAQG25
JURIX,2025,Conference and Workshop Papers,closed,The Result Model Under Inconsistent Knowledge: Theory and Experiments,Yoann Morello; Agata Ciabattoni; Morgan Gray,10.3233/FAIA251583,https://doi.org/10.3233/FAIA251583,133-144,conf/jurix/MorelloCG25,https://dblp.org/rec/conf/jurix/MorelloCG25
JURIX,2025,Conference and Workshop Papers,closed,"Context-Aware Citation Networks: A Human-AI Dataset, Analysis, and Tool",Jack Mumford; Francesco Florimonte; Katie Atkinson; Kanstantsin Dzehtsiarou,10.3233/FAIA251584,https://doi.org/10.3233/FAIA251584,145-155,conf/jurix/MumfordFAD25,https://dblp.org/rec/conf/jurix/MumfordFAD25
JURIX,2025,Conference and Workshop Papers,closed,A Hohfeldian Knowledge Base for LLM-Assisted Legal Information Retrieval in Marine Biodiversity Law,Rohan Nanda; Henrique Marcos; Hannes Westermann; Julia Schutz Veiga,10.3233/FAIA251604,https://doi.org/10.3233/FAIA251604,318-323,conf/jurix/NandaMWV25,https://dblp.org/rec/conf/jurix/NandaMWV25
JURIX,2025,Conference and Workshop Papers,closed,PONK: Tool for Client-Oriented Legal Writing in Czech,Tereza Novotná; Ján Cerný; Ivan Kraus; Ivana Kvapilíková; Jirí Mírovský; Arnold Stanovský; Barbora Hladká,10.3233/FAIA251606,https://doi.org/10.3233/FAIA251606,330-336,conf/jurix/NovotnaCKKMSH25,https://dblp.org/rec/conf/jurix/NovotnaCKKMSH25
JURIX,2025,Conference and Workshop Papers,closed,Comparison of Embedding Methods for Retrieval Under Noisy Institutional Labels,Tereza Novotná; Jakub Harasta,10.3233/FAIA251605,https://doi.org/10.3233/FAIA251605,324-329,conf/jurix/NovotnaH25,https://dblp.org/rec/conf/jurix/NovotnaH25
JURIX,2025,Conference and Workshop Papers,closed,EmoLawConnect: An AI-Powered Matching Engine for Professionals Supporting Family Conflict Resolution,Kohei Oshio,10.3233/FAIA251607,https://doi.org/10.3233/FAIA251607,337-343,conf/jurix/Oshio25,https://dblp.org/rec/conf/jurix/Oshio25
JURIX,2025,Conference and Workshop Papers,closed,PersonaMatrix: A Recipe for Persona-Aware Evaluation of Legal Summarization,Tsz Fung Pang; Maryam Berijanian; Thomas Orth; Breanna Shi; Charlotte S. Alexander,10.3233/FAIA251585,https://doi.org/10.3233/FAIA251585,156-167,conf/jurix/PangBOSA25,https://dblp.org/rec/conf/jurix/PangBOSA25
JURIX,2025,Conference and Workshop Papers,closed,Towards Interpretable Hierarchical Graph Neural Networks in Criminal Law,Thiago Raulino Dal Pont; Isabela Cristina Sabo; Maite Vieira; Jomi Hübner; Aires José Rover,10.3233/FAIA251617,https://doi.org/10.3233/FAIA251617,389-391,conf/jurix/PontSVHR25,https://dblp.org/rec/conf/jurix/PontSVHR25
JURIX,2025,Conference and Workshop Papers,closed,Packaging Thematic Analysis as an AI Workflow for Legal Research,Vojtech Pour,10.3233/FAIA251628,https://doi.org/10.3233/FAIA251628,430-432,conf/jurix/Pour25,https://dblp.org/rec/conf/jurix/Pour25
JURIX,2025,Conference and Workshop Papers,closed,Defending the Hierarchical Result Models of Precedential Constraint,Henry Prakken; Wijnand van Woerkom,10.3233/FAIA251608,https://doi.org/10.3233/FAIA251608,344-349,conf/jurix/PrakkenW25,https://dblp.org/rec/conf/jurix/PrakkenW25
JURIX,2025,Conference and Workshop Papers,closed,Machine Learning to Promote Self-Composition in Conflict Resolution: The Brazilian Concil-IA Project,Isabela Cristina Sabo; Thiago Raulino Dal Pont; Aires José Rover; Jomi Hübner,10.3233/FAIA251586,https://doi.org/10.3233/FAIA251586,168-179,conf/jurix/SaboPRH25,https://dblp.org/rec/conf/jurix/SaboPRH25
JURIX,2025,Conference and Workshop Papers,closed,Plans and Diversions EA,Galileo Sartor; Guido Governatori; Giuseppe Pisano; Antonino Rotolo; Adam Wyner,10.3233/FAIA251629,https://doi.org/10.3233/FAIA251629,433-435,conf/jurix/SartorGPR025,https://dblp.org/rec/conf/jurix/SartorGPR025
JURIX,2025,Conference and Workshop Papers,closed,Validity Diagrams,Diogo Sasdelli; Bianca Steffes,10.3233/FAIA251587,https://doi.org/10.3233/FAIA251587,180-191,conf/jurix/SasdelliS25,https://dblp.org/rec/conf/jurix/SasdelliS25
JURIX,2025,Conference and Workshop Papers,closed,Enhancing Automated Decision-Making in Administrative Law Through Digital Twins of Legislation. A Grounded Theory Approach,Florian Schnitzhofer; Christoph G. Schuetz,10.3233/FAIA251630,https://doi.org/10.3233/FAIA251630,436-438,conf/jurix/SchnitzhoferS25,https://dblp.org/rec/conf/jurix/SchnitzhoferS25
JURIX,2025,Conference and Workshop Papers,closed,Anomaly Detection in Legal Text - A Case Study on Cybersecurity Contracts,Pavol Sokol; Laura Bachnáková Rózenfeldová; Dávid Varga; Simona Rudohradská; Regina Hucková,10.3233/FAIA251609,https://doi.org/10.3233/FAIA251609,350-355,conf/jurix/SokolRVRH25,https://dblp.org/rec/conf/jurix/SokolRVRH25
JURIX,2025,Conference and Workshop Papers,closed,An Expert-Validated LLM Framework for Transforming Legal Procurement Texts into Actionable Data,Ivan Spada; Roberto Nai; Davide Audrito; Vittoria Margherita Sofia Trifiletti; Emilio Sulis,10.3233/FAIA251610,https://doi.org/10.3233/FAIA251610,356-363,conf/jurix/SpadaNATS25,https://dblp.org/rec/conf/jurix/SpadaNATS25
JURIX,2025,Conference and Workshop Papers,closed,That&apos;s So FETCH: Fashioning Ensemble Techniques for LLM Classification in Civil Legal Intake and Referral,Quinten Steenhuis,10.3233/FAIA251588,https://doi.org/10.3233/FAIA251588,192-203,conf/jurix/Steenhuis25,https://dblp.org/rec/conf/jurix/Steenhuis25
JURIX,2025,Conference and Workshop Papers,closed,Label Indeterminacy in AI &amp; Law,Cor Steging; Tadeusz Zbiegien,10.3233/FAIA251611,https://doi.org/10.3233/FAIA251611,364-370,conf/jurix/StegingZ25,https://dblp.org/rec/conf/jurix/StegingZ25
JURIX,2025,Conference and Workshop Papers,closed,Label-Aware Contextual Retrieval for Few-Shot Legal Argument Mining,Huihui Xu; Kevin D. Ashley,10.3233/FAIA251590,https://doi.org/10.3233/FAIA251590,216-227,conf/jurix/XuA25,https://dblp.org/rec/conf/jurix/XuA25
JURIX,2025,Conference and Workshop Papers,closed,A Multi-Agent AI Framework for Legal Aid: Real-World Interactive Dialogue in Case Consultations,Ying-Chu Yu; Sieh-Chuen Huang; Hsuan-Lei Shao,10.3233/FAIA251591,https://doi.org/10.3233/FAIA251591,228-238,conf/jurix/YuHS25,https://dblp.org/rec/conf/jurix/YuHS25
JURIX,2025,Conference and Workshop Papers,closed,Do LLMs Truly &quot;Understand&quot; when a Precedent Is Overruled?,Li Zhang; Jaromír Savelka; Kevin D. Ashley,10.3233/FAIA251592,https://doi.org/10.3233/FAIA251592,239-250,conf/jurix/ZhangSA25,https://dblp.org/rec/conf/jurix/ZhangSA25
JURIX,2025,Conference and Workshop Papers,closed,Multilingual Legislative Definitions Retrieval and Generation Using LLM and Agentic AI,Leonardo Zilli; Michele Corazza; Monica Palmirani; Salvatore Sapienza,10.3233/FAIA251593,https://doi.org/10.3233/FAIA251593,251-262,conf/jurix/ZilliCPS25,https://dblp.org/rec/conf/jurix/ZilliCPS25
JURIX,2025,Conference and Workshop Papers,closed,From Court Decisions to Guiding Principles: Advancing Complex Legal Summarization with LLMs,May Myo Zin; Ken Satoh; Georg Borges,10.3233/FAIA251612,https://doi.org/10.3233/FAIA251612,371-376,conf/jurix/ZinSB25,https://dblp.org/rec/conf/jurix/ZinSB25
JURIX,2025,Conference and Workshop Papers,closed,Automated Creation of a Legal Knowledge Graph Addressing Cases of Violence Against Women. Resource Methodology and Lessons Learned,Claudia d&apos;Amato; Giuseppe Rubini; Francesco Didio; Donato Francioso; Fatima Zahra Amara; Nicola Fanizzi,10.3233/FAIA251575,https://doi.org/10.3233/FAIA251575,37-48,conf/jurix/dAmatoRDFAF25,https://dblp.org/rec/conf/jurix/dAmatoRDFAF25
