rank,composite,venue,year,is_seed,cites_cluster,cited_by_seed,indegree,cited_by_count,lex,facets,title,authors,oa_url,key
1,31.85,ICAIL,2005,1,13,7,8,144,6,bounded-deontics|defeasible-fm,Temporalised Normative Positions in Defeasible Logic,Guido Governatori; Antonino Rotolo; Giovanni Sartor,http://espace.library.uq.edu.au/view/UQ:9579/ic05.pdf,conf/icail/GovernatoriRS05
2,28.38,ICAIL,2011,1,27,7,8,29,3,defeasible-fm,On the relationship between Carneades and Defeasible Logic,Guido Governatori,,conf/icail/Governatori11
3,27.52,ICAIL,2015,1,7,3,5,51,8,bounded-deontics|defeasible-fm,Thou shalt is not you will,Guido Governatori,https://arxiv.org/pdf/1404.1685,conf/icail/Governatori15
4,26.04,ICAIL,2007,1,5,6,10,41,4,bounded-deontics|defeasible-fm,Variants of temporal defeasible logics for modelling norm modifications,Guido Governatori; Antonino Rotolo; Régis Riveret; Monica Palmirani; Giovanni Sartor,http://espace.library.uq.edu.au/view/UQ:13611/icail.pdf,conf/icail/GovernatoriRRPS07
5,25.34,ICAIL,2015,1,16,7,8,25,0,,"Factors, issues and values: revisiting reasoning with cases",Latifa Al-Abdulkarim; Katie Atkinson; Trevor J. M. Bench-Capon,,conf/icail/Al-AbdulkarimAB15
6,25.25,ICAIL,2015,1,8,1,3,31,8,bounded-deontics|defeasible-fm|determinacy,Deontic defeasible reasoning in legal interpretation: two options for modelling interpretive arguments,Antonino Rotolo; Guido Governatori; Giovanni Sartor,,conf/icail/RotoloGS15
7,23.89,ICAIL,2011,1,11,4,4,27,2,defeasible-fm,Towards formalising argumentation about legal cases,Adam Z. Wyner; Trevor J. M. Bench-Capon; Katie Atkinson,https://zenodo.org/record/3438411,conf/icail/WynerBA11
8,23.62,JURIX,2021,1,7,6,6,8,0,,Explaining Factor Ascription,Jack Mumford; Katie Atkinson; Trevor J. M. Bench-Capon,https://ebooks.iospress.nl/pdf/doi/10.3233/FAIA210335,conf/jurix/MumfordAB21
9,23.57,ICAIL,2003,1,12,3,5,31,3,defeasible-fm,Induction of Defeasible Logic Theories in the Legal Domain,Benjamin Johnston; Guido Governatori,,conf/icail/JohnstonG03
10,23.06,JURIX,2013,1,9,3,3,16,3,defeasible-fm,Argumentation Schemes for Reasoning about Factors with Dimensions,Katie Atkinson; Trevor J. M. Bench-Capon; Henry Prakken; Adam Z. Wyner,,conf/jurix/AtkinsonBPW13
11,22.9,ICAIL,2005,1,12,3,6,63,2,defeasible-fm,Dialogues about the burden of proof,Henry Prakken; Chris Reed; Douglas Walton,https://scholar.uwindsor.ca/cgi/viewcontent.cgi?article=1009&context=crrarpub,conf/icail/PrakkenRW05
12,22.77,ICAIL,2011,1,8,3,6,40,2,defeasible-fm,Analyzing open source license compatibility issues with Carneades,Thomas F. Gordon,http://publica.fraunhofer.de/documents/N-189297.html,conf/icail/Gordon11
13,22.62,JURIX,2011,1,4,5,11,84,3,bounded-deontics|cnl|intro-executable,On Rule Extraction from Regulations,Adam Z. Wyner; Wim Peters,,conf/jurix/WynerP11
14,22.44,ICAIL,2005,1,5,8,10,159,0,,"A study of accrual of arguments, with applications to evidential reasoning",Henry Prakken,https://pure.rug.nl/ws/files/2875708/icail05hp.pdf,conf/icail/Prakken05
15,22.32,ICAIL,2021,1,8,0,0,10,9,cnl|determinacy|intro-executable,"Converting copyright legislation into machine-executable code: interpretation, coding validation and legal alignment",Alice Witt; Anna Huggins; Guido Governatori; Joshua Buckley,https://figshare.com/articles/conference_contribution/Converting_copyright_legislation_into_machine-executable_code_interpretation_coding_validation_and_legal_alignment/27593496,conf/icail/WittHGB21
16,22.04,ICAIL,2009,1,12,2,5,28,3,cnl,Isomorphism and argumentation,Trevor J. M. Bench-Capon; Thomas F. Gordon,,conf/icail/Bench-CaponG09
17,21.92,JURIX,2016,1,11,4,5,18,0,,Statement Types in Legal Argument,Latifa Al-Abdulkarim; Katie Atkinson; Trevor J. M. Bench-Capon,,conf/jurix/Al-AbdulkarimAB16
18,21.88,JURIX,2017,1,9,4,5,16,0,,Dimensions and Values for Legal CBR,Trevor J. M. Bench-Capon; Katie Atkinson,,conf/jurix/Bench-CaponA17
19,21.83,JURIX,2018,1,10,4,5,13,0,,Lessons from Implementing Factors with Magnitude,Trevor J. M. Bench-Capon; Katie Atkinson,https://doi.org/10.3233/978-1-61499-935-5-11,conf/jurix/Bench-CaponA18
20,21.81,JURIX,2020,1,10,0,0,1,8,bounded-deontics|defeasible-fm,Free Choice Permission in Defeasible Deontic Logic,Guido Governatori; Antonino Rotolo,https://ebooks.iospress.nl/pdf/doi/10.3233/FAIA200853,conf/jurix/GovernatoriR20
21,21.79,ICAIL,2009,1,11,2,2,78,3,defeasible-fm,Legal reasoning with argumentation schemes,Thomas F. Gordon; Douglas Walton,,conf/icail/GordonW09
22,21.78,ICAIL,2007,1,9,3,6,41,1,defeasible-fm,Formalising arguments about the burden of persuasion,Henry Prakken; Giovanni Sartor,https://doi.org/10.2139/ssrn.998206,conf/icail/PrakkenS07
23,21.59,JURIX,2011,1,5,7,7,21,0,,Relating Values in a Series of Supreme Court Decisions,Trevor J. M. Bench-Capon,,conf/jurix/Bench-Capon11
24,21.15,ICAIL,2017,0,8,6,7,18,0,,Reasoning with dimensions and magnitudes,John F. Horty,,conf/icail/Horty17
25,20.77,ICAIL,2001,1,7,2,3,65,3,defeasible-fm|intro-executable,A formal approach to legal negotiation,Guido Governatori; Marlon Dumas; Arthur H. M. ter Hofstede; Phillipa Oaks,http://espace.library.uq.edu.au/view/UQ:9619/governatori.pdf,conf/icail/GovernatoriDHO01
26,20.71,ICAIL,2023,1,5,1,1,8,17,bounded-deontics|defeasible-fm|determinacy,Deontic Ambiguities in Legal Reasoning,Guido Governatori; Antonino Rotolo,https://hdl.handle.net/11585/961928,conf/icail/GovernatoriR23
27,20.64,JURIX,2022,1,8,0,1,4,6,bounded-deontics|defeasible-fm,Stable Normative Explanations,Guido Governatori; Francesco Olivieri; Antonino Rotolo; Matteo Cristani,https://ebooks.iospress.nl/pdf/doi/10.3233/FAIA220447,conf/jurix/GovernatoriORC22
28,20.63,ICAIL,2011,1,6,4,5,27,1,defeasible-fm,Semantic models for policy deliberation,Katie Atkinson; Trevor J. M. Bench-Capon; Dan Cartwright; Adam Z. Wyner,http://cgi.csc.liv.ac.uk/~katie/icail11-b.pdf,conf/icail/AtkinsonBCW11
29,20.51,ICAIL,2009,1,14,3,5,25,0,,Case law in extended argumentation frameworks,Trevor J. M. Bench-Capon; Sanjay Modgil,http://www.dcs.kcl.ac.uk/staff/smodgil/ICAILcameraReady.pdf,conf/icail/Bench-CaponM09
30,20.48,ICAIL,2013,0,11,4,9,31,2,determinacy,Modeling teleological interpretation,Tomasz Zurek; Michal Araszkiewicz,http://ruj.uj.edu.pl/xmlui/handle/item/12551,conf/icail/ZurekA13
31,20.35,ICAIL,2013,1,20,3,4,24,0,,Argument schemes for reasoning with legal cases using values,Trevor J. M. Bench-Capon; Henry Prakken; Adam Z. Wyner; Katie Atkinson,,conf/icail/Bench-CaponPWA13
32,20.22,ICAIL,1993,1,7,2,7,46,2,defeasible-fm|determinacy,A Simple Computational Model for Nonmonotonic and Adversarial Legal Reasoning,Giovanni Sartor,https://dl.acm.org/doi/pdf/10.1145/158976.159001,conf/icail/Sartor93
33,20.21,ICAIL,2007,1,12,2,6,32,1,determinacy,Argumentation and standards of proof,Katie Atkinson; Trevor J. M. Bench-Capon,,conf/icail/AtkinsonB07
34,19.91,ICAIL,2013,1,18,0,0,78,5,bounded-deontics|cnl,OASIS LegalRuleML,Tara Athan; Harold Boley; Guido Governatori; Monica Palmirani; Adrian Paschke; Adam Z. Wyner,,conf/icail/AthanBGPPW13
35,19.82,ICAIL,2005,1,11,2,3,39,1,defeasible-fm,Arguing about cases as practical reasoning,Katie Atkinson; Trevor J. M. Bench-Capon; Peter McBurney,,conf/icail/AtkinsonBM05
36,19.73,JURIX,2010,1,6,3,4,11,2,defeasible-fm,Burdens of Proof in Monological Argumentation,Guido Governatori; Giovanni Sartor,,conf/jurix/GovernatoriS10
37,19.36,ICAIL,2017,0,6,7,12,39,0,,Predicting trade secret case outcomes using argument schemes and learned quantitative value effect tradeoffs,Matthias Grabmair,,conf/icail/Grabmair17
38,19.23,JURIX,2015,1,6,4,4,11,0,,"Cases and Stories, Dimensions and Scripts",Trevor J. M. Bench-Capon; Floris Bex,https://dspace.library.uu.nl/handle/1874/481187,conf/jurix/Bench-CaponB15
39,19.12,ICAIL,1987,1,1,6,22,109,1,intro-executable,Logic Programming for Large Scale Applications in Law: A Formalisation of Supplementary Benefit Legislation,Trevor J. M. Bench-Capon; G. O. Robinson; Tom Routen; Marek J. Sergot,https://dl.acm.org/doi/pdf/10.1145/41735.41757,conf/icail/Bench-CaponRRS87
40,18.91,DEON,2012,1,13,1,2,21,2,bounded-deontics|defeasible-fm,Possible World Semantics for Defeasible Deontic Logic,Guido Governatori; Antonino Rotolo; Erica Calardo,,conf/deon/GovernatoriRC12
41,18.87,ICAIL,2021,1,18,2,5,15,0,,Precedential constraint: the role of issues,Trevor J. M. Bench-Capon; Katie Atkinson,,conf/icail/Bench-CaponA21
42,18.86,ICAIL,2013,1,12,1,2,18,2,bounded-deontics|defeasible-fm,Legal contractions: a logical analysis,Guido Governatori; Antonino Rotolo; Francesco Olivieri; Simone Scannapieco,http://hdl.handle.net/10072/58750,conf/icail/GovernatoriROS13
43,18.8,ICAIL,2019,1,8,2,5,12,0,,Describing the Development of Case Law,John Henderson; Trevor J. M. Bench-Capon,,conf/icail/HendersonB19
44,18.79,ICAIL,2007,1,14,1,1,43,2,defeasible-fm,Strategic argumentation: a game theoretical investigation,Bram Roth; Régis Riveret; Antonino Rotolo; Guido Governatori,https://figshare.com/articles/journal_contribution/STRATEGIC_ARGUMENTATION/15109833,conf/icail/RothRRG07
45,18.7,ICAIL,2019,1,14,2,4,14,0,,Reasoning with Legal Cases: Analogy or Rule Application?,Katie Atkinson; Trevor J. M. Bench-Capon,,conf/icail/AtkinsonB19
46,18.63,JURIX,2016,1,7,1,3,7,3,determinacy,Interpretation Across Legal Systems,Alessandra Malerba; Antonino Rotolo; Guido Governatori,http://hdl.handle.net/11585/602591,conf/jurix/MalerbaRG16
47,18.55,ICAIL,2015,1,6,2,5,20,2,determinacy,A structure-guided approach to capturing bayesian reasoning about legal evidence in argumentation,Sjoerd T. Timmer; John-Jules Ch. Meyer; Henry Prakken; Silja Renooij; Bart Verheij,https://dspace.library.uu.nl/handle/1874/315730,conf/icail/TimmerMPRV15
48,18.5,JURIX,2014,1,2,2,3,26,7,defeasible-fm|determinacy,Argumentation Schemes for Statutory Interpretation: A Logical Analysis,Giovanni Sartor; Doug Walton; Fabrizio Macagno; Antonino Rotolo,https://scholar.uwindsor.ca/cgi/viewcontent.cgi?article=1032&context=crrarpub,conf/jurix/SartorWMR14
49,18.49,JURIX,2013,1,9,1,1,15,2,bounded-deontics|determinacy,Formalising arguments about norms,Henry Prakken; Giovanni Sartor,,conf/jurix/PrakkenS13
50,18.45,JURIX,2011,1,6,0,1,9,6,bounded-deontics|defeasible-fm,Three Concepts of Defeasible Permission,Guido Governatori; Francesco Olivieri; Antonino Rotolo; Simone Scannapieco,,conf/jurix/GovernatoriORS11
51,18.43,ICAIL,2013,0,9,0,0,15,16,bounded-deontics|defeasible-fm,Temporal deontic action logic for the verification of compliance to norms in ASP,Laura Giordano; Alberto Martelli; Daniele Theseider Dupré,,conf/icail/GiordanoMD13
52,18.41,JURIX,2014,1,8,2,2,21,0,,Abstract Dialectical Frameworks for Legal Reasoning,Latifa Al-Abdulkarim; Katie Atkinson; Trevor J. M. Bench-Capon,,conf/jurix/Al-AbdulkarimAB14
53,18.31,JURIX,2009,1,13,1,4,21,1,determinacy,"Lex Minus Dixit Quam Voluit, Lex Magis Dixit Quam Voluit: A Formal Study on Legal Compliance and Interpretation",Guido Boella; Guido Governatori; Antonino Rotolo; Leendert W. N. van der Torre,,conf/jurix/BoellaGRT09
54,18.29,JURIX,2013,1,9,0,0,9,4,bounded-deontics,Heuristics for Licenses Composition,Guido Governatori; Ho-Pun Lam; Antonino Rotolo; Serena Villata; Fabien Gandon,,conf/jurix/GovernatoriLRVG13
55,18.2,JURIX,2016,1,8,2,2,10,0,,ANGELIC Secrets: Bridging from Factors to Facts in US Trade Secrets,Latifa Al-Abdulkarim; Katie Atkinson; Trevor J. M. Bench-Capon,,conf/jurix/Al-AbdulkarimAB16a
56,18.17,ICAIL,2015,1,8,2,2,9,0,,Evaluating the use of abstract dialectical frameworks to represent case law,Latifa Al-Abdulkarim; Katie Atkinson; Trevor J. M. Bench-Capon,,conf/icail/Al-AbdulkarimAB15a
57,18.09,ICAIL,2017,0,6,1,1,15,10,bounded-deontics,The pragmatic oddity in norm-based deontic logics,Xavier Parent; Leendert W. N. van der Torre,https://zenodo.org/record/3502305,conf/icail/ParentT17
58,18.06,JURIX,2014,1,9,2,2,6,0,,Two Faces of Strategic Argumentation in the Law,Guido Governatori; Francesco Olivieri; Antonino Rotolo; Simone Scannapieco; Giovanni Sartor,,conf/jurix/GovernatoriORSS14
59,17.6,ICAIL,2025,1,10,0,0,0,4,bounded-deontics,Judicial Permission,Guido Governatori; Antonino Rotolo,https://doi.org/10.1145/3769126.3769250,conf/icail/GovernatoriR25
60,17.6,ICAIL,2025,0,23,0,0,0,8,bounded-deontics|defeasible-fm,Rule-based Deontic Case-based Reasoning,Antonino Rotolo; Cecilia Di Florio; Guido Governatori,https://dl.acm.org/doi/10.1145/3769126.3769242,conf/icail/RotoloFG25
61,17.41,JURIX,2019,1,6,0,2,2,5,bounded-deontics|defeasible-fm,Deontic Closure and Conflict in Legal Reasoning,Guido Governatori; Robert Mullins,https://doi.org/10.3233/faia190322,conf/jurix/GovernatoriM19
62,17.41,JURIX,2019,1,6,0,0,1,6,bounded-deontics|defeasible-fm,A Computational Model for Pragmatic Oddity,Guido Governatori; Antonino Rotolo,https://doi.org/10.3233/faia190323,conf/jurix/GovernatoriR19a
63,17.36,ICAIL,2007,1,4,1,3,23,5,defeasible-fm|determinacy,Constructing arguments with a computational model of an argumentation scheme for legal rules: interpreting legal rules as reasoning policies,Thomas F. Gordon,,conf/icail/Gordon07
64,17.34,JURIX,2010,1,4,1,1,4,6,bounded-deontics|defeasible-fm,Representations of Time within Normative MAS,Clara Smith; Antonino Rotolo; Giovanni Sartor,,conf/jurix/SmithRS10
65,17.32,ICAIL,2017,0,8,0,0,10,7,bounded-deontics|determinacy,Combining fuzzy logic and formal argumentation for legal interpretation,Célia da Costa Pereira; Andrea G. B. Tettamanzi; Beishui Liao; Alessandra Malerba; Antonino Rotolo; Leendert W. N. van der Torre,https://inria.hal.science/hal-01672343v1/document,conf/icail/PereiraTLMRT17
66,17.2,DEON,2004,1,5,2,2,82,2,bounded-deontics|defeasible-fm,"Defeasible Logic: Agency, Intention and Obligation",Guido Governatori; Antonino Rotolo,http://espace.library.uq.edu.au/view/UQ:9638/deon04.pdf,conf/deon/GovernatoriR04
67,17.19,JURIX,2016,1,18,1,1,5,1,defeasible-fm,When and How to Violate Norms,Trevor J. M. Bench-Capon; Sanjay Modgil,,conf/jurix/Bench-CaponM16
68,17.14,JURIX,2015,1,10,1,1,4,1,bounded-deontics,Burden of Compliance and Burden of Violation,Guido Governatori,,conf/jurix/Governatori15
69,17.05,DEON,2008,1,9,0,5,29,1,defeasible-fm,Changing Legal Systems: Abrogation and Annulment Part I: Revision of Defeasible Theories,Guido Governatori; Antonino Rotolo,http://espace.library.uq.edu.au/view/UQ:134084/part1.pdf,conf/deon/GovernatoriR08
70,17.03,ICAIL,2009,0,7,4,6,35,0,,"Ontological requirements for analogical, teleological, and hypothetical legal reasoning",Kevin D. Ashley,,conf/icail/Ashley09
71,17.02,ICAIL,2001,1,6,2,7,46,0,,Modelling reasoning about evidence in legal procedure,Henry Prakken,,conf/icail/Prakken01
72,16.98,ICAIL,1993,1,0,5,14,78,2,determinacy,Neural Networks and Open Texture,Trevor J. M. Bench-Capon,,conf/icail/Bench-Capon93
73,16.96,ICAIL,2017,0,18,1,9,29,3,intro-executable,"Formalizing arguments, rules and cases",Bart Verheij,https://research.rug.nl/en/publications/a314252a-c009-4bed-a850-f95ede78eb18,conf/icail/Verheij17
74,16.92,ICAIL,2011,0,12,3,8,34,0,,Facilitating case comparison using value judgments and intermediate legal concepts,Matthias Grabmair; Kevin D. Ashley,,conf/icail/GrabmairA11
75,16.81,ICAIL,2001,1,6,2,5,49,0,,Theory based explanation of case law domains,Trevor J. M. Bench-Capon; Giovanni Sartor,,conf/icail/Bench-CaponS01
76,16.79,JURIX,2011,1,8,1,2,14,0,,On modelling burdens and standards of proof in structured argumentation,Henry Prakken; Giovanni Sartor,,conf/jurix/PrakkenS11
77,16.45,ICAIL,2011,1,14,0,0,16,2,defeasible-fm,Modelling temporal legal rules,Monica Palmirani; Guido Governatori; Giuseppe Contissa,,conf/icail/PalmiraniGC11
78,16.4,ICAIL,2019,1,10,1,1,11,0,,Modelling Accrual of Arguments in ASPIC+,Henry Prakken,,conf/icail/Prakken19
79,16.37,DEON,2006,1,7,1,1,20,1,defeasible-fm,Addressing Moral Problems Through Practical Reasoning,Katie Atkinson; Trevor J. M. Bench-Capon,https://doi.org/10.1016/j.jal.2007.06.005,conf/deon/AtkinsonB06
80,16.37,JURIX,2013,1,9,1,1,10,0,,From Oral Hearing to Opinion in the U.S. Supreme Court,Latifa Al-Abdulkarim; Katie Atkinson; Trevor J. M. Bench-Capon,,conf/jurix/Al-AbdulkarimAB13
81,16.36,JURIX,2012,1,9,0,1,1,2,determinacy,Narrowing Legal Concepts,Guido Governatori; Francesco Olivieri; Antonino Rotolo; Simone Scannapieco,,conf/jurix/GovernatoriORS12
82,16.25,JURIX,2018,1,7,1,1,13,1,defeasible-fm,Legal Representation and Reasoning in Practice: A Critical Comparison,Sotiris Batsakis; George Baryannis; Guido Governatori; Ilias Tachmazidis; Grigoris Antoniou,https://doi.org/10.3233/978-1-61499-935-5-31,conf/jurix/BatsakisBGTA18
83,16.18,JURIX,2022,1,7,1,6,10,0,,Reasoning with Legal Cases: A Hybrid ADF-ML Approach,Jack Mumford; Katie Atkinson; Trevor J. M. Bench-Capon,https://ebooks.iospress.nl/pdf/doi/10.3233/FAIA220452,conf/jurix/MumfordAB22
84,16.02,ICAIL,2015,1,12,0,0,3,2,defeasible-fm,RuleOMS: a rule-based online management system,Mohammad Badiul Islam; Guido Governatori,,conf/icail/IslamG15
85,16.02,ICAIL,2021,1,9,0,0,3,2,bounded-deontics|defeasible-fm,Unravel legal references in defeasible deontic logic,Guido Governatori; Francesco Olivieri,http://hdl.handle.net/10072/407857,conf/icail/GovernatoriO21
86,15.98,JURIX,2022,1,11,1,1,2,0,,Implementing a Theory of a Legal Domain,Trevor J. M. Bench-Capon; Thomas F. Gordon,https://ebooks.iospress.nl/pdf/doi/10.3233/FAIA220444,conf/jurix/Bench-CaponG22
87,15.97,JURIX,2010,1,6,2,3,8,0,,Temporal Dimensions in Rules Modelling,Monica Palmirani; Guido Governatori; Giuseppe Contissa,,conf/jurix/PalmiraniGC10
88,15.96,JURIX,2023,1,8,0,2,4,1,determinacy,Inferring New Classifications in Legal Case-Based Reasoning,Cecilia Di Florio; Xinghan Liu; Emiliano Lorini; Antonino Rotolo; Giovanni Sartor,http://dx.doi.org/10.3233/faia230942,conf/jurix/FlorioLLRS23
89,15.93,ICAIL,2013,0,9,0,0,2,6,bounded-deontics,A deontic logic semantics for licenses composition in the web of data,Antonino Rotolo; Serena Villata; Fabien Gandon,https://inria.hal.science/hal-00907879/document,conf/icail/RotoloVG13
90,15.89,DEON,2014,1,8,0,2,3,1,bounded-deontics,Detecting Deontic Conflicts in Dynamic Settings,Silvano Colombo Tosatto; Guido Governatori; Pierre Kelsen,,conf/deon/TosattoGK14
91,15.86,JURIX,2023,1,9,1,1,1,0,,Dimensions and Precedential Constraint: Factors Deriving from Multiple Dimensions,Trevor J. M. Bench-Capon; Katie Atkinson,https://ebooks.iospress.nl/pdf/doi/10.3233/FAIA230951,conf/jurix/Bench-CaponA23
92,15.81,ICAIL,2003,1,3,1,5,69,4,defeasible-fm,Argumentation Schemes and Generalizations in Reasoning about Evidence,Henry Prakken; Chris Reed; Douglas Walton,,conf/icail/PrakkenRW03
93,15.81,JURIX,2023,1,3,0,0,1,10,bounded-deontics,Permission in a Kelsenian Perspective,Agata Ciabattoni; Xavier Parent; Giovanni Sartor,https://ebooks.iospress.nl/pdf/doi/10.3233/FAIA230953,conf/jurix/CiabattoniPS23
94,15.73,ICAIL,2013,1,12,0,3,29,0,,Regorous: a business process compliance checker,Guido Governatori; Sidney Shek,,conf/icail/GovernatoriS13
95,15.66,ICAIL,2017,0,6,2,2,6,4,determinacy,A logical architecture for dynamic legal interpretation,Juliano S. A. Maranhão,,conf/icail/Maranhao17
96,15.62,ICAIL,2019,1,6,2,2,5,0,,Modelling Dialogues for Optimal Legislation,Guido Governatori; Antonino Rotolo; Régis Riveret; Serena Villata,https://hal.science/hal-02381105/document,conf/icail/GovernatoriRRV19
97,15.55,ICAIL,2023,1,4,3,6,9,0,,Hierarchical Precedential Constraint,Wijnand van Woerkom; Davide Grossi; Henry Prakken; Bart Verheij,https://research.rug.nl/en/publications/86dafc73-aa1a-4508-89ff-a20acebcae97,conf/icail/WoerkomGPV23
98,15.5,ICAIL,1989,1,1,3,9,23,3,defeasible-fm|determinacy,Issue Spotting in a System for Searching Interpretation Spaces,Thomas F. Gordon,https://dl.acm.org/doi/pdf/10.1145/74014.74035,conf/icail/Gordon89
99,15.31,JURIX,2010,1,4,3,4,10,0,,A lightweight formal model of two-phase democratic deliberation,Trevor J. M. Bench-Capon; Henry Prakken,,conf/jurix/Bench-CaponP10
100,15.28,ICAIL,2003,0,1,2,7,111,14,bounded-deontics,Permissions and Obligations in Hierarchical Normative Systems,Guido Boella; Leendert W. N. van der Torre,,conf/icail/BoelleT03
101,15.18,ICAIL,2019,1,9,0,0,6,1,bounded-deontics,Norms and Extended Argumentation Frameworks,Trevor J. M. Bench-Capon; Sanjay Modgil,,conf/icail/Bench-CaponM19
102,15.1,ICAIL,2023,1,12,0,2,7,0,,ANGELIC II: An Improved Methodology for Representing Legal Domain Knowledge,Katie Atkinson; Trevor J. M. Bench-Capon,,conf/icail/AtkinsonB23
103,15.06,ICAIL,2017,0,13,2,2,6,1,bounded-deontics,Changes to temporary norms,Matteo Cristani; Francesco Olivieri; Antonino Rotolo,http://hdl.handle.net/11585/626954,conf/icail/CristaniOR17
104,15.04,DEON,2014,1,7,1,1,6,0,,A Preference-Based Semantics for CTD Reasoning,Erica Calardo; Guido Governatori; Antonino Rotolo,,conf/deon/CalardoGR14
105,14.93,ICAIL,2007,1,3,3,8,35,0,,Formalising argumentative story-based analysis of evidence,Floris J. Bex; Henry Prakken; Bart Verheij,https://pure.rug.nl/ws/files/15095375/icail2007bexf.pdf,conf/icail/BexPV07
106,14.93,ICAIL,2023,1,8,0,0,2,1,defeasible-fm,A Formal Framework for Combining Legal Reasoning Methods,Henry Prakken; Giovanni Sartor,https://dl.acm.org/doi/pdf/10.1145/3594536.3595129,conf/icail/PrakkenS23
107,14.83,ICAIL,1991,1,1,2,6,35,4,bounded-deontics|defeasible-fm,The Structure of Norm Conditions and Nonmonotonic Reasoning in Law,Giovanni Sartor,,conf/icail/Sartor91
108,14.82,ICAIL,1993,1,2,3,7,65,1,intro-executable,The Pleadings Game: Formalizing Procedural Justice,Thomas F. Gordon,,conf/icail/Gordon93
109,14.81,ICAIL,2023,1,9,0,0,1,1,defeasible-fm,Whatever Happened to Hypotheticals?,Trevor J. M. Bench-Capon,,conf/icail/Bench-Capon23
110,14.73,ICAIL,1991,0,0,9,20,73,2,determinacy,Reasoning with Portions of Precedents,L. Karl Brenting,,conf/icail/Brenting91
111,14.73,ICAIL,2003,1,3,3,5,53,0,,Towards a Computational Account of Persuasion in Law,Katie Greenwood; Trevor J. M. Bench-Capon; Peter McBurney,,conf/icail/GreenwoodBM03
112,14.7,JURIX,2010,1,3,3,7,22,0,,Lexical Semantics and Expert Legal Knowledge towards the Identification of Legal Case Factors,Adam Z. Wyner; Wim Peters,,conf/jurix/WynerP10
113,14.66,ICAIL,2023,1,6,1,3,16,0,,Combining a Legal Knowledge Model with Machine Learning for Reasoning with Legal Cases,Jack Mumford; Katie Atkinson; Trevor J. M. Bench-Capon,https://dl.acm.org/doi/pdf/10.1145/3594536.3595158,conf/icail/MumfordAB23
114,14.61,JURIX,2015,1,2,0,0,1,11,bounded-deontics|defeasible-fm,Permissions in Deontic Event-Calculus,Guido Governatori; Mustafa Hashmi,,conf/jurix/GovernatoriH15
115,14.59,ICAIL,2017,1,5,2,3,4,0,,Angelic environment: demonstration,Latifa Al-Abdulkarim; Katie Atkinson; Sam Atkinson; Trevor J. M. Bench-Capon,,conf/icail/Al-AbdulkarimAA17
116,14.54,ICAIL,2011,1,6,1,2,24,0,,Argument schemes for two-phase democratic deliberation,Trevor J. M. Bench-Capon; Henry Prakken; Wietske Visser,http://resolver.tudelft.nl/uuid:60c233e2-a279-4099-967f-a9ac2a80aabe,conf/icail/Bench-CaponPV11
117,14.46,ICAIL,2003,0,1,21,32,128,0,,Predicting Outcomes of Case-Based Legal Arguments,Stefanie Brüninghaus; Kevin D. Ashley,,conf/icail/BruninghausA03
118,14.4,ICAIL,2009,0,8,1,11,79,0,,LKIF Core: Principled Ontology Development for the Legal Domain,Rinke Hoekstra; Joost Breuker; Marcello Di Bello; Alexander Boer,,conf/icail/HoekstraBBB09
119,14.36,JURIX,2023,1,13,0,1,1,0,,A Note on Hierarchical Constraints,Trevor J. M. Bench-Capon,https://ebooks.iospress.nl/pdf/doi/10.3233/FAIA230940,conf/jurix/Bench-Capon23
120,14.3,JURIX,2012,1,6,1,2,10,0,,What Makes a System a Legal Expert?,Trevor J. M. Bench-Capon,,conf/jurix/Bench-Capon12
121,14.28,JURIX,2020,0,34,1,1,7,2,bounded-deontics,JURI SAYS: An Automatic Judgement Prediction System for the European Court of Human Rights,Masha Medvedeva; Xiao Xu; Martijn Wieling; Michel Vols,https://ebooks.iospress.nl/pdf/doi/10.3233/FAIA200883,conf/jurix/MedvedevaXWV20
122,14.28,JURIX,2021,1,7,0,1,2,1,bounded-deontics,Computing Private International Law,Guido Governatori; Francesco Olivieri; Antonino Rotolo; Abdul Sattar; Matteo Cristani,https://ebooks.iospress.nl/pdf/doi/10.3233/FAIA210334,conf/jurix/GovernatoriOR0C21
123,14.26,ICAIL,2021,1,8,0,0,8,0,,The burden of persuasion in structured argumentation,Roberta Calegari; Régis Riveret; Giovanni Sartor,https://dl.acm.org/doi/abs/10.1145/3462757.3466078,conf/icail/CalegariRS21
124,14.18,DEON,2010,1,8,0,0,6,0,,A Logical Model of Private International Law,Phan Minh Dung; Giovanni Sartor,,conf/deon/DungS10
125,14.13,ICAIL,2023,1,3,3,4,11,0,,"Justification, stability and relevance for case-based reasoning with incomplete focus cases",Daphne Odekerken; Floris Bex; Henry Prakken,https://research.rug.nl/en/publications/a4978468-a79a-4dac-ae8e-d650f520978b,conf/icail/OdekerkenBP23
126,14.01,ICAIL,2019,0,4,0,2,2,8,bounded-deontics|intro-executable,Automated reasoning in normative detachment structures with ideal conditions,Tomer Libal; Matteo Pascucci,https://arxiv.org/pdf/1810.09993,conf/icail/LibalP19
127,13.9,JURIX,2022,1,4,2,4,14,0,,Modelling and Explaining Legal Case-Based Reasoners Through Classifiers,Xinghan Liu; Emiliano Lorini; Antonino Rotolo; Giovanni Sartor,https://ebooks.iospress.nl/pdf/doi/10.3233/FAIA220451,conf/jurix/LiuLRS22
128,13.87,ICAIL,2021,1,4,1,2,9,2,bounded-deontics,A dynamic model for balancing values,Juliano Maranhão; Edelcio Gonçalves de Souza; Giovanni Sartor,,conf/icail/MaranhaoSS21
129,13.81,ICAIL,2011,1,9,0,0,1,0,,Temporal accommodation of legal argumentation,Régis Riveret; Antonino Rotolo; Giuseppe Contissa; Giovanni Sartor; Wamberto Weber Vasconcelos,,conf/icail/RiveretRCSV11
130,13.74,JURIX,2020,1,6,1,1,4,0,,A Model for the Burden of Persuasion in Argumentation,Roberta Calegari; Giovanni Sartor,https://ebooks.iospress.nl/pdf/doi/10.3233/FAIA200845,conf/jurix/CalegariS20
131,13.71,ICAIL,1997,0,8,1,5,49,0,,Some Arguments About Legal Arguments,L. Thorne McCarty,,conf/icail/McCarty97
132,13.71,ICAIL,2007,0,6,2,9,263,0,,Automatic detection of arguments in legal texts,Marie-Francine Moens; Erik Boiy; Raquel Mochales Palau; Chris Reed,,conf/icail/MoensBPR07
133,13.7,DEON,2010,0,9,1,2,10,1,defeasible-fm,Retroactive Legal Changes and Revision Theory in Defeasible Logic,Antonino Rotolo,,conf/deon/Rotolo10
134,13.58,ICAIL,1987,0,0,12,43,177,0,,A Case-Based System for Trade Secrets Law,Edwina L. Rissland; Kevin D. Ashley,https://dl.acm.org/doi/pdf/10.1145/41735.41743,conf/icail/RisslandA87
135,13.46,JURIX,2017,1,0,1,3,16,6,bounded-deontics|cnl|intro-executable,Normative Requirements as Linked Data,Fabien Gandon; Guido Governatori; Serena Villata,https://doi.org/10.3233/978-1-61499-838-9-1,conf/jurix/GandonGV17
136,13.34,JURIX,2021,1,4,0,2,8,3,determinacy|intro-executable,A Pragmatic Approach to Semantic Annotation for Search of Legal Texts - An Experiment on GDPR,Adeline Nazarenko; François Lévy; Adam Wyner,https://ebooks.iospress.nl/pdf/doi/10.3233/FAIA210313,conf/jurix/NazarenkoLW21
137,13.29,ICAIL,1993,0,0,18,33,135,0,,Representing Teleological Structure in Case-based Legal Reasoning: The Missing Link,Donald H. Berman; Carole D. Hafner,https://dl.acm.org/doi/pdf/10.1145/158976.158982,conf/icail/BermanH93
138,13.22,ICAIL,2023,1,4,0,2,5,3,bounded-deontics|defeasible-fm,Argumentation Schemes for Legal Presumption of Causality,Ruta Liepina; Adam Z. Wyner; Giovanni Sartor; Francesca Lagioia,https://dl.acm.org/doi/pdf/10.1145/3594536.3595130?download=true,conf/icail/LiepinaWSL23
139,13.17,ICAIL,1997,1,3,2,4,70,0,,Ontologies in Legal Information Systems: The Need for Explicit Specifications of Domain Conceptualisations,Trevor J. M. Bench-Capon; Pepijn R. S. Visser,,conf/icail/Bench-CaponV97
140,13.14,ICAIL,1993,0,6,2,8,51,0,,"A Design for Reasoning with Policies, Precedents, and Rationales",Ronald Prescott Loui; Jeff Norman; Jon Olson; Andrew Merrill,https://dl.acm.org/doi/pdf/10.1145/158976.159002,conf/icail/LouiNOM93
141,13.08,ICAIL,1993,1,4,1,5,87,0,,A Logical Framework for Modelling Legal Argument,Henry Prakken,https://dl.acm.org/doi/pdf/10.1145/158976.158977,conf/icail/Prakken93
142,13.04,ICAIL,2021,0,8,1,3,15,0,,Discovering the rationale of decisions: towards a method for aligning learning and reasoning,Cor Steging; Silja Renooij; Bart Verheij,https://dl.acm.org/doi/pdf/10.1145/3462757.3466059,conf/icail/StegingRV21
143,13.04,JURIX,2020,1,3,0,1,18,4,bounded-deontics|defeasible-fm,Traffic Rules Encoding Using Defeasible Deontic Logic,Hanif Bhuiyan; Guido Governatori; Andy Bond; Sébastien Demmel; Mohammad Badiul Islam; Andry Rakotonirainy,https://ebooks.iospress.nl/pdf/doi/10.3233/FAIA200844,conf/jurix/BhuiyanGBDIR20
144,12.98,JURIX,2012,1,7,0,0,6,0,,A Model-Based Critique Tool for Policy Deliberation,Adam Z. Wyner; Maya Wardeh; Trevor J. M. Bench-Capon; Katie Atkinson,,conf/jurix/WynerWBA12
145,12.96,JURIX,2017,1,5,1,2,6,0,,Noise Induced Hearing Loss: An Application of the Angelic Methodology,Latifa Al-Abdulkarim; Katie Atkinson; Trevor J. M. Bench-Capon; Stuart Whittle; Rob Williams; Catriona Wolfenden,,conf/jurix/Al-AbdulkarimAB17
146,12.95,ICAIL,2013,1,5,1,1,19,0,,Introducing the Carneades web application,Thomas F. Gordon,http://publica.fraunhofer.de/documents/N-259400.html,conf/icail/Gordon13
147,12.89,ICAIL,1987,1,0,3,5,23,2,defeasible-fm,Oblog-2: A Hybrid Knowledge Representation System for Defeasible Reasoning,Thomas F. Gordon,,conf/icail/Gordon87
148,12.82,JURIX,2008,1,7,0,0,3,0,,Argument Based Moderation of Benefit Assessment,Maya Wardeh; Trevor J. M. Bench-Capon; Frans Coenen,,conf/jurix/WardehBC08
149,12.8,ICAIL,2005,1,6,0,2,10,0,,AGATHA: Automated Construction of Case Law Theories Through Heuristic Search,Alison Chorley; Trevor J. M. Bench-Capon,,conf/icail/ChorleyB05
150,12.78,ICAIL,2009,1,4,0,3,17,2,bounded-deontics,Coherence-driven argumentation to norm consensus,Sindhu Joseph; Henry Prakken,https://pure.rug.nl/ws/files/14457733/icail09.pdf,conf/icail/JosephP09
151,12.75,ICAIL,1995,1,4,1,4,47,0,,"On the Relation Between Legal Language and Legal Argument: Assumptions, Applicability and Dynamic Priorities",Henry Prakken; Giovanni Sartor,https://dl.acm.org/doi/pdf/10.1145/222092.222096,conf/icail/PrakkenS95
152,12.73,DEON,2012,1,7,0,0,2,0,,Norms and Learning in Probabilistic Logic-Based Agents,Régis Riveret; Antonino Rotolo; Giovanni Sartor,,conf/deon/RiveretRS12
153,12.67,ICAIL,1997,1,6,0,1,20,0,,Reasoning with Precedents in a Dialogue Game,Henry Prakken; Giovanni Sartor,https://dl.acm.org/doi/pdf/10.1145/261618.261621,conf/icail/PrakkenS97
154,12.6,ICAIL,2025,0,9,0,0,0,3,defeasible-fm,Modelling Cause-in-Fact in Legal Cases through Defeasible Argumentation,Giuseppe Pisano; Henry Prakken; Giovanni Sartor; Ruta Liepina,https://doi.org/10.1145/3769126.3769228,conf/icail/PisanoPSL25
155,12.54,ICAIL,1989,0,0,9,18,51,0,,Dimension-Based Analysis of Hypotheticals from Supreme Court Oral Argument,Edwina L. Rissland,,conf/icail/Rissland89
156,12.52,ICAIL,1995,0,0,1,8,66,11,bounded-deontics|determinacy,Obligations Directed from Bearers to Counterparts,Henning Herrestad; Christen Krogh,https://dl.acm.org/doi/pdf/10.1145/222092.222243,conf/icail/HerrestadK95
157,12.45,JURIX,2008,1,6,0,1,9,0,,More on Presumptions and Burdens of Proof,Henry Prakken; Giovanni Sartor,https://cadmus.eui.eu/bitstream/1814/9850/1/LAW_2008_30.pdf,conf/jurix/PrakkenS08
158,12.4,ICAIL,2001,0,5,3,3,13,0,,Burden of proof in dialogue games and Dutch civil procedure,Ronald Leenes,https://ris.utwente.nl/ws/files/5474635/p109-leenes.pdf,conf/icail/Leenes01
159,12.4,ICAIL,2025,1,7,0,0,0,0,,Tipping the Scales: Balancing Principles,Michal Araszkiewicz; Tomasz Zurek; Adam Z. Wyner; Tom M. van Engers,https://doi.org/10.1145/3769126.3769208,conf/icail/AraszkiewiczZWE25
160,12.32,JURIX,2008,0,5,2,9,135,0,,About the logical relations between cases and rules,Bart Verheij,,conf/jurix/Verheij08
161,12.19,JURIX,2008,0,3,4,7,21,0,,A Process Model of Legal Argument with Hypotheticals,Kevin D. Ashley; Collin F. Lynch; Niels Pinkwart; Vincent Aleven,,conf/jurix/AshleyLPA08
162,12.08,JURIX,2014,0,6,2,3,12,0,,Extracting Legal Arguments from Forensic Bayesian Networks,Sjoerd T. Timmer; John-Jules Ch. Meyer; Henry Prakken; Silja Renooij; Bart Verheij,,conf/jurix/TimmerMPRV14
163,12.0,ICAIL,2025,1,5,0,0,0,2,determinacy|intro-executable,"You Take the High Road, and I&apos;ll Take the Low Road: Large Language Models Logical English and the Highway Code",Thiago Raulino Dal Pont; Galileo Sartor; Adam Z. Wyner; Giovanni Sartor,https://doi.org/10.1145/3769126.3769254,conf/icail/PontSWS25
164,11.99,JURIX,2013,1,4,1,2,14,0,,A Case Study on Legal Case Annotation,Adam Z. Wyner; Wim Peters; Daniel Katz,,conf/jurix/WynerPK13
165,11.97,JURIX,2023,1,5,0,1,3,1,determinacy,Hierarchical a Fortiori Reasoning with Dimensions,Wijnand van Woerkom; Davide Grossi; Henry Prakken; Bart Verheij,https://ebooks.iospress.nl/pdf/doi/10.3233/FAIA230944,conf/jurix/WoerkomGPV23
166,11.81,JURIX,2008,1,4,1,1,23,0,,An Algorithm for Business Process Compliance,Guido Governatori; Antonino Rotolo,,conf/jurix/GovernatoriR08
167,11.78,ICAIL,2017,0,3,0,1,7,7,determinacy,Compliance patterns: harnessing value modeling and legal interpretation to manage regulatory conversations,Robert Muthuri; Guido Boella; Joris Hulstijn; Sara Capecchi; Llio Humphreys,http://hdl.handle.net/2318/1650088,conf/icail/MuthuriBHCH17
168,11.74,ICAIL,1995,1,2,2,4,32,0,,PLAID: Proactive Legal Assistance,Trevor J. M. Bench-Capon; Geof Staniford,,conf/icail/Bench-CaponS95
169,11.72,ICAIL,2013,1,4,1,1,17,0,,Argumentation based tools for policy-making,Maya Wardeh; Adam Z. Wyner; Katie Atkinson; Trevor J. M. Bench-Capon,http://cgi.csc.liv.ac.uk/~tbc/publications/WardehW-A-BCICAILDemo2013Final.pdf,conf/icail/WardehWAB13
170,11.7,ICAIL,2023,1,2,2,6,11,0,,Model- and data-agnostic justifications with A Fortiori Case-Based Argumentation,Joeri G. T. Peters; Floris J. Bex; Henry Prakken,https://research.tilburguniversity.edu/en/publications/043d1fb0-4d5e-4fe9-9d56-0a540d40558c,conf/icail/PetersBP23
171,11.62,ICAIL,2003,1,4,1,1,12,0,,Developing Legal Knowledge Based Systems Through Theory Construction,Alison Chorley; Trevor J. M. Bench-Capon,,conf/icail/ChorleyB03
172,11.6,JURIX,2022,0,13,0,0,0,2,determinacy,A Hybrid Model of Argument Concerning Preferences Between Statutory Interpretation Canons,Michal Araszkiewicz,https://ebooks.iospress.nl/pdf/doi/10.3233/FAIA220443,conf/jurix/Araszkiewicz22
173,11.57,JURIX,2023,0,3,0,1,3,7,bounded-deontics|determinacy|intro-executable,Deontics and Time in Contracts: An Executable Semantics for the L4 DSL,Seng Joe Watt; Oliver R. Goodenough; Meng Weng Wong,https://ebooks.iospress.nl/pdf/doi/10.3233/FAIA230954,conf/jurix/WattGW23
174,11.55,ICAIL,1989,1,2,0,10,60,2,bounded-deontics,"Deep Models, Normative Reasoning and Legal Expert Systems",Trevor J. M. Bench-Capon,,conf/icail/Bench-Capon89
175,11.54,JURIX,2016,1,0,1,1,4,5,cnl|intro-executable,Towards a Methodology for Formalizing Legal Texts in LegalRuleML,Adeline Nazarenko; François Lévy; Adam Z. Wyner,,conf/jurix/NazarenkoLW16
176,11.51,ICAIL,2005,1,4,1,1,8,0,,Application of Argument Based Machine Learning to Law,Martin Mozina; Jure Zabkar; Trevor J. M. Bench-Capon; Ivan Bratko,,conf/icail/MozinaZBB05
177,11.47,JURIX,2021,1,0,1,1,3,5,bounded-deontics,A Kelsenian Deontic Logic,Agata Ciabattoni; Xavier Parent; Giovanni Sartor,https://ebooks.iospress.nl/pdf/doi/10.3233/FAIA210330,conf/jurix/CiabattoniPS21
178,11.42,ICAIL,2017,0,1,0,3,39,15,bounded-deontics|determinacy,"Classifying sentential modality in legal language: a use case in financial regulations, acts and directives",James O&apos;Neill; Paul Buitelaar; Cécile Robin; Leona O&apos;Brien,,conf/icail/ONeillBRO17
179,11.28,JURIX,2019,1,4,0,0,4,2,bounded-deontics,Legal Compliance in a Linked Open Data Framework,Enrico Francesconi; Guido Governatori,https://doi.org/10.3233/faia190321,conf/jurix/FrancesconiG19
180,11.27,JURIX,2019,1,4,1,1,3,0,,Realising ANGELIC Designs Using Logiak,Katie Atkinson; Trevor J. M. Bench-Capon; Tom Routen; Alejandro Sánchez; Stuart Whittle; Rob Williams; Catriona Wolfenden,https://doi.org/10.3233/faia190317,conf/jurix/AtkinsonBRSWWW19
181,11.26,JURIX,2017,1,3,0,0,8,3,cnl,On Annotation of the Textual Contents of Scottish Legal Instruments,Adam Z. Wyner; Fraser Gough; François Lévy; Matt Lynch; Adeline Nazarenko,https://doi.org/10.3233/978-1-61499-838-9-101,conf/jurix/WynerGLLN17
182,11.18,JURIX,2019,1,4,1,1,2,0,,Legislative Dialogues with Incomplete Information,Guido Governatori; Antonino Rotolo,https://doi.org/10.3233/faia190310,conf/jurix/GovernatoriR19
183,11.17,JURIX,2018,0,2,0,0,12,16,bounded-deontics|intro-executable,On Observing Contracts: Deontic Contracts Meet Smart Contracts,Shaun Azzopardi; Gordon J. Pace; Fernando Schapachnik,https://doi.org/10.3233/978-1-61499-935-5-21,conf/jurix/AzzopardiPS18
184,11.14,ICAIL,2009,1,5,0,1,6,0,,Why lawyers are nice (or nasty): a game-theoretical argumentation exercise,Giovanni Sartor; Michel Rudnianski; Antonino Rotolo; Régis Riveret; Eunate Mayor,,conf/icail/SartorRRRM09
185,11.05,ICAIL,2005,0,0,2,23,151,4,bounded-deontics,Automatic semantics extraction in law documents,Carlo Biagioli; Enrico Francesconi; Andrea Passerini; Simonetta Montemagni; Claudia Soria,,conf/icail/BiagioliFPMS05
186,11.04,DEON,2006,1,2,1,1,6,2,bounded-deontics,"Sequences, Obligations, and the Contrary-to-Duty Paradox",Adam Zachary Wyner,,conf/deon/Wyner06
187,11.02,ICAIL,1991,1,1,2,8,33,0,,A Tool in Modelling Disagreement in Law: Preferring the Most Specific Argument,Henry Prakken,https://dl.acm.org/doi/pdf/10.1145/112646.112666,conf/icail/Prakken91
188,11.01,ICAIL,2025,0,4,0,0,1,6,bounded-deontics|defeasible-fm|cnl,Legal Explanation in Defeasible Deontic Logic via LegalRuleML,Guido Governatori; Monica Palmirani,https://doi.org/10.1145/3769126.3769257,conf/icail/GovernatoriP25
189,10.92,JURIX,2021,0,8,0,1,12,0,,Rationale Discovery and Explainable AI,Cor Steging; Silja Renooij; Bart Verheij,https://ebooks.iospress.nl/pdf/doi/10.3233/FAIA210341,conf/jurix/StegingRV21
190,10.84,ICAIL,2019,1,1,1,1,6,3,bounded-deontics|determinacy,Value assessment and revision in legal interpretation,Juliano Maranhão; Giovanni Sartor,,conf/icail/MaranhaoS19
191,10.69,JURIX,2022,0,5,2,3,6,0,,Precedential Constraint Derived from Inconsistent Case Bases,Ilaria Canavotto,https://ebooks.iospress.nl/pdf/doi/10.3233/FAIA220445,conf/jurix/Canavotto22
192,10.66,ICAIL,1995,0,3,3,4,69,0,,Burden of Proof in Legal Argumentation,Arthur M. Farley; Kathleen Freeman,,conf/icail/FarleyF95
193,10.62,JURIX,2010,0,6,1,3,14,0,,Balancing of Legal Principles and Constraint Satisfaction,Michal Araszkiewicz,,conf/jurix/Araszkiewicz10
194,10.54,JURIX,2014,1,0,0,0,5,6,defeasible-fm|determinacy,Interpretative Argumentation Schemes,Douglas Walton; Fabrizio Macagno; Giovanni Sartor,,conf/jurix/WaltonMS14
195,10.48,ICAIL,2015,0,11,0,1,2,0,,Modelling dialogues in court using a gradual argumentation model: a case study,Bin Wei; Jinhua Huang,,conf/icail/WeiH15
196,10.48,JURIX,2023,1,5,0,0,4,0,,Automating Business Process Compliance for the EU AI Act,Claudio Novelli; Guido Governatori; Antonino Rotolo,https://ebooks.iospress.nl/pdf/doi/10.3233/FAIA230955,conf/jurix/NovelliGR23
197,10.48,JURIX,2023,1,5,0,0,4,0,,On Legal Teleological Reasoning,Adam Z. Wyner; Tomasz Zurek,https://ebooks.iospress.nl/pdf/doi/10.3233/FAIA230948,conf/jurix/WynerZ23
198,10.43,ICAIL,2021,1,1,2,4,22,0,,On the relevance of algorithmic decision predictors for judicial decision making,Floris Bex; Henry Prakken,https://research.rug.nl/en/publications/6e64c461-bc6c-486b-b9ed-f91dd1c037c2,conf/icail/BexP21
199,10.42,JURIX,2014,1,5,0,0,3,0,,Argument-Based Policy Consultation Through Crowd Sourcing,Joe Crawford; Katie Atkinson; Trevor J. M. Bench-Capon,,conf/jurix/CrawfordAB14
200,10.41,JURIX,2019,1,3,0,8,32,0,,Identification of Rhetorical Roles of Sentences in Indian Legal Judgments,Paheli Bhattacharya; Shounak Paul; Kripabandhu Ghosh; Saptarshi Ghosh; Adam Wyner,https://doi.org/10.3233/faia190301,conf/jurix/BhattacharyaPG019
201,10.38,ICAIL,1995,0,1,4,10,66,0,,An Implementation of Eisner v. Macomber,L. Thorne McCarty,,conf/icail/McCarty95
202,10.38,JURIX,2008,1,4,0,0,6,1,defeasible-fm,Did He Jump or Was He Pushed? Abductive Practical Reasoning,Floris Bex; Trevor J. M. Bench-Capon; Katie Atkinson,,conf/jurix/BexBA08
203,10.36,DEON,2004,1,0,2,2,4,2,bounded-deontics,Maintaining Obligations on Stative Expressions in a Deontic Action Logic,Adam Zachary Wyner,,conf/deon/Wyner04
204,10.34,ICAIL,2007,1,4,0,0,5,1,bounded-deontics,An implementation of norm-based agent negotiation,Pieter Dijkstra; Henry Prakken; Kees de Vey Mestdagh,https://research.rug.nl/en/publications/fe3cf791-1488-41d2-97da-f53d766a1089,conf/icail/DijkstraPM07
205,10.32,ICAIL,2001,1,2,1,1,17,1,determinacy,Dynamic arguments in a case law domain,John Henderson; Trevor J. M. Bench-Capon,http://cgi.csc.liv.ac.uk/~tbc/-henderson.pdf,conf/icail/HendersonB01
206,10.32,ICAIL,2013,1,2,1,4,43,0,,Modeling crime scenarios in a Bayesian network,Charlotte S. Vlek; Henry Prakken; Silja Renooij; Bart Verheij,https://pure.rug.nl/ws/files/20100906/DEF_Vlek_ModelingCrimeScenariosinaBN.pdf,conf/icail/VlekPRV13
207,10.29,ICAIL,2011,0,8,0,0,9,0,,Legal shifts in the process of proof,Floris Bex; Bart Verheij,http://www.florisbex.com/papers/icail11.pdf,conf/icail/BexV11
208,10.28,JURIX,2011,1,3,1,1,7,0,,Populating an Online Consultation Tool,Sarah Pulfrey-Taylor; Emily Henthorn; Katie Atkinson; Adam Z. Wyner; Trevor J. M. Bench-Capon,,conf/jurix/Pulfrey-TaylorHAWB11
209,10.22,ICAIL,2009,0,16,0,0,7,0,,Modular argumentation for modelling legal doctrines of performance relief,Phan Minh Dung; Phan Minh Thang; Nguyen Duy Hung,,conf/icail/DungTH09
210,10.21,ICAIL,2011,0,5,0,0,1,4,defeasible-fm|intro-executable,Towards a dynamic metalogic implementation of legal argumentation,Jenny Eriksson Lundström; Giacomo Aceto; Andreas Hamfelt,,conf/icail/LundstromAH11
211,10.13,ICAIL,2023,0,4,0,0,2,5,bounded-deontics|determinacy,Identification of Legislative Errors,Michal Araszkiewicz; Enrico Francesconi; Tomasz Zurek,https://ruj.uj.edu.pl/xmlui/handle/item/324349,conf/icail/AraszkiewiczFZ23
212,10.0,DEON,2010,0,6,1,1,11,0,,Value-Based Argumentation for Justifying Compliance,Brigitte Burgemeestre; Joris Hulstijn; Yao-Hua Tan,,conf/deon/BurgemeestreHT10
213,10.0,ICAIL,1995,1,2,1,2,58,0,,From Logic to Dialectics in Legal Argument,Henry Prakken,https://dl.acm.org/doi/pdf/10.1145/222092.222230,conf/icail/Prakken95
214,9.97,ICAIL,2017,0,5,0,1,3,3,defeasible-fm,Performance improvement on legal model checking,Carlos Faciano; Sergio Mera; Fernando Schapachnik; Ana Haydée Di Iorio; Bibiana Luz Clara; Verónica Uriarte; María Fernanda Giaccaglia; María Belén Ruffa; Cristian Marcos,,conf/icail/FacianoMSICUGRM17
215,9.95,DEON,1996,1,3,0,1,13,1,bounded-deontics,Towards a Computational Treatment of Deontic Defeasibility,Alberto Artosi; Guido Governatori; Giovanni Sartor,https://espace.library.uq.edu.au/view/UQ:9610/DEON96.pdf,conf/deon/ArtosiGS96
216,9.94,ICAIL,2021,1,2,1,1,4,1,intro-executable,Practical tools from formal models: the ECHR as a case study,Katie Atkinson; Joe Collenette; Trevor J. M. Bench-Capon; Kanstantsin Dzehtsiarou,,conf/icail/AtkinsonCBD21
217,9.93,ICAIL,2005,0,8,0,0,2,0,,Additive Consolidation for Dialogue Game,Yoshitaka Suzuki; Satoshi Tojo,,conf/icail/SuzukiT05
218,9.93,ICAIL,2011,0,8,0,0,2,0,,Modeling authority commitments in two search and seizure cases,Matthew Carey,,conf/icail/Carey11
219,9.93,ICAIL,2013,0,10,0,0,2,0,,Using event progression to enhance purposive argumentation in the value judgment formalism,Matthias Grabmair; Kevin D. Ashley,,conf/icail/GrabmairA13
220,9.9,ICAIL,1993,0,5,0,3,13,2,determinacy,Legal Interpretation in Expert Systems,Daniel Poulin; Paul Bratley; Jacques Frémont; Ejan Mackaay,https://dl.acm.org/doi/pdf/10.1145/158976.158988,conf/icail/PoulinBFM93
221,9.88,ICAIL,1997,1,3,0,4,26,0,,A Method for the Development of Legal Knowledge Systems,Pepijn R. S. Visser; Robert W. van Kralingen; Trevor J. M. Bench-Capon,https://dl.acm.org/doi/pdf/10.1145/261618.261648,conf/icail/VisserKB97
222,9.81,JURIX,2009,0,4,0,3,19,3,determinacy|intro-executable,Translating the Japanese Presupposed Ultimate Fact Theory into Logic Programming,Ken Satoh; Masahiro Kubota; Yoshiaki Nishigai; Chiaki Takano,,conf/jurix/SatohKNT09
223,9.74,ICAIL,2015,1,1,1,1,4,2,determinacy,Demonstration of a structure-guided approach to capturing bayesian reasoning about legal evidence in argumentation,Sjoerd T. Timmer; John-Jules Ch. Meyer; Henry Prakken; Silja Renooij; Bart Verheij,,conf/icail/TimmerMPRV15a
224,9.73,ICAIL,1989,0,2,3,9,26,0,,Hierarchically Organised Formalisations,Tom Routen,,conf/icail/Routen89
225,9.68,ICAIL,2021,0,6,0,0,4,2,determinacy,On semantics-based minimal revision for legal reasoning,Wachara Fungwacharakorn; Kanae Tsushima; Ken Satoh,,conf/icail/Fungwacharakorn21
226,9.65,ICAIL,2013,0,4,2,3,11,0,,Factor-based parent plan support system,Michal Araszkiewicz; Agata Lopatkiewicz; Adam Zienkiewicz,http://ruj.uj.edu.pl/xmlui/handle/item/12550,conf/icail/AraszkiewiczLZ13
227,9.62,ICAIL,1989,0,1,3,19,157,0,,A Language for Legal Discourse I: Basic Features,L. Thorne McCarty,https://dl.acm.org/doi/pdf/10.1145/74014.74037,conf/icail/McCarty89
228,9.61,ICAIL,2013,1,2,0,0,1,3,bounded-deontics|intro-executable,Vicarious reinforcement and ex ante law enforcement: a study in norm-governed learning agents,Régis Riveret; Giuseppe Contissa; Dídac Busquets; Antonino Rotolo; Jeremy Pitt; Giovanni Sartor,,conf/icail/RiveretCBRPS13
229,9.61,ICAIL,2017,1,2,0,0,1,3,determinacy,Interpreting contracts using english common law rules as stated by Lord Hoffmann,John Henderson; Trevor J. M. Bench-Capon,,conf/icail/HendersonB17
230,9.61,ICAIL,2025,0,2,0,0,1,7,bounded-deontics,"&quot;Lost in EU Regulation? Don&apos;t Worry, AI Found the Obligation&quot;: Extracting and Representing Legal Obligations in the GDPR the DSA and the AI Act",Thiago Raulino Dal Pont; Federico Galli; Galileo Sartor; Giuseppe Contissa,https://doi.org/10.1145/3769126.3769260,conf/icail/PontGSC25
231,9.6,ICAIL,1993,1,3,0,0,0,2,determinacy,Representing Visual Conditions in a Legal knowledge Based System,Frans Coenen; Trevor J. M. Bench-Capon; Peter Smeaton,,conf/icail/CoenenBS93
232,9.6,JURIX,2009,0,9,0,0,0,0,,"Legal &quot;Neutral Dialogue&quot;, Implementing the Work of Bruce Ackerman in the Field of Law",Antoni Abad-Ninet,,conf/jurix/Abad-Ninet09
233,9.57,JURIX,2008,0,4,1,3,47,1,intro-executable,Study on the Structure of Argumentation in Case Law,Raquel Mochales Palau; Marie-Francine Moens,https://lirias.kuleuven.be/bitstream/123456789/203100/1/jurix-08-MochalesMoens.pdf,conf/jurix/PalauM08
234,9.42,ICAIL,2019,1,4,0,0,7,0,,Supporting Discussions About Forensic Bayesian Networks Using Argumentation,Remi Wieten; Floris Bex; Henry Prakken; Silja Renooij,https://dspace.library.uu.nl/handle/1874/386079,conf/icail/WietenBPR19
235,9.4,JURIX,2020,0,1,4,5,12,0,,Towards Transparent Human-in-the-Loop Classification of Fraudulent Web Shops,Daphne Odekerken; Floris Bex,https://ebooks.iospress.nl/pdf/doi/10.3233/FAIA200873,conf/jurix/OdekerkenB20
236,9.38,ICAIL,2023,1,4,0,0,6,0,,Argumentation Structure Prediction in CJEU Decisions on Fiscal State Aid,Piera Santin; Giulia Grundler; Andrea Galassi; Federico Galli; Francesca Lagioia; Elena Palmieri; Federico Ruggeri; Giovanni Sartor; Paolo Torroni,https://dl.acm.org/doi/pdf/10.1145/3594536.3595174,conf/icail/SantinGGGLPRST23
237,9.31,JURIX,2018,1,0,1,7,45,1,bounded-deontics,Modelling Legal Knowledge for GDPR Compliance Checking,Monica Palmirani; Guido Governatori,https://doi.org/10.3233/978-1-61499-935-5-101,conf/jurix/PalmiraniG18
238,9.28,ICAIL,1995,0,3,2,6,41,0,,Understanding Precedents in a Temporal Context of Evolving Legal Doctrine,Donald H. Berman; Carole D. Hafner,https://dl.acm.org/doi/pdf/10.1145/222092.222116,conf/icail/BermanH95
239,9.27,JURIX,2012,1,2,1,1,14,0,,An Empirical Approach to the Semantic Representation of Laws,Adam Z. Wyner; Johan Bos; Valerio Basile; Paulo Quaresma,http://hdl.handle.net/2318/1698231,conf/jurix/WynerBBQ12
240,9.27,JURIX,2017,1,2,1,1,14,0,,Automated Detection of Unfair Clauses in Online Consumer Contracts,Marco Lippi; Przemyslaw Palka; Giuseppe Contissa; Francesca Lagioia; Hans-Wolfgang Micklitz; Yannis Panagis; Giovanni Sartor; Paolo Torroni,https://doi.org/10.3233/978-1-61499-838-9-145,conf/jurix/0001PCLMPST17
241,9.21,ICAIL,2013,0,3,0,1,33,4,determinacy,Managing legal interpretation in regulatory compliance,Guido Boella; Marijn Janssen; Joris Hulstijn; Llio Humphreys; Leendert W. N. van der Torre,,conf/icail/BoellaJHHT13
242,9.21,JURIX,2024,0,0,0,2,2,11,bounded-deontics|determinacy|intro-executable,Modeling Judicial Discretion with Nuanced Permissions,Josephine Dik; Réka Markovich,https://ebooks.iospress.nl/pdf/doi/10.3233/FAIA241233,conf/jurix/DikM24
243,9.2,ICAIL,2025,0,1,0,0,0,12,bounded-deontics|determinacy,Judicial Discretion as Normative Reasoning: Deontic Characterization of Judicial Decision Making with Answer Set Programming,Josephine Dik; Réka Markovich,,conf/icail/DikM25
244,9.2,ICAIL,2025,1,1,0,0,0,4,defeasible-fm|determinacy,A Causal Model Checker for Legal Cases,Ruta Liepina; Tiago de Lima; Emiliano Lorini; Giuseppe Pisano; Giovanni Sartor,https://doi.org/10.1145/3769126.3769207,conf/icail/LiepinaLLPS25
245,9.19,JURIX,2015,1,2,1,2,3,0,,Two Tools for Prototyping Legal CBR,Trevor J. M. Bench-Capon; Thomas F. Gordon,,conf/jurix/Bench-CaponG15
246,9.16,JURIX,2022,0,2,0,1,1,6,bounded-deontics,An Automata-Based Formalism for Normative Documents with Real-Time,Stefan Chircop; Gordon J. Pace; Gerardo Schneider,https://ebooks.iospress.nl/pdf/doi/10.3233/FAIA220460,conf/jurix/ChircopPS22
247,9.14,ICAIL,2003,0,3,2,5,39,0,,A Model Based Reasoning Approach for Generating Plausible Crime Scenarios from Evidence,Jeroen Keppens; John Zeleznikow,,conf/icail/KeppensZ03
248,9.13,ICAIL,2007,0,0,2,10,55,3,determinacy,Deep semantic interpretations of legal texts,L. Thorne McCarty,,conf/icail/McCarty07
249,9.09,JURIX,2019,0,4,0,2,3,3,intro-executable,Renvoi in Private International Law: A Formalization with Modal Contexts,Matteo Baldoni; Laura Giordano; Ken Satoh,https://doi.org/10.3233/faia190318,conf/jurix/Baldoni0S19
250,9.06,ICAIL,2011,0,7,0,0,8,0,,"Analogy, similarity and factors",Michal Araszkiewicz,,conf/icail/Araszkiewicz11
251,9.01,JURIX,2008,1,4,0,0,1,0,,A Compliance Model of Trust,Guido Governatori; Subhasis Thakur; Duy Hoang Pham,,conf/jurix/GovernatoriTP08
252,8.95,DEON,2004,0,0,3,12,104,1,bounded-deontics,Designing a Deontic Logic of Deadlines,Jan M. Broersen; Frank Dignum; Virginia Dignum; John-Jules Ch. Meyer,https://dspace.library.uu.nl/handle/1874/11502,conf/deon/BroersenDDM04
253,8.88,ICAIL,2003,0,0,0,1,2,15,bounded-deontics|intro-executable,Rational Norm Creation,Guido Boella; Leendert W. N. van der Torre,,conf/icail/BoellaT03
254,8.81,JURIX,2009,1,3,0,1,8,0,,A case study of hypothetical and value-based reasoning in US Supreme-Court cases,Trevor J. M. Bench-Capon; Henry Prakken,,conf/jurix/Bench-CaponP09
255,8.8,ICAIL,2019,1,4,0,0,0,0,,Evaluation of Causal Arguments in Law: the Case of Overdetermination,Ruta Liepina; Giovanni Sartor; Adam Wyner,,conf/icail/LiepinaSW19
256,8.8,JURIX,2023,1,4,0,0,0,0,,Human Performance on the AI Legal Case Verdict Classification Task,Jack Mumford; Katie Atkinson; Trevor J. M. Bench-Capon,https://ebooks.iospress.nl/pdf/doi/10.3233/FAIA230988,conf/jurix/MumfordAB23
257,8.72,ICAIL,2023,0,3,2,5,9,0,,Reasoning with hierarchies of open-textured predicates,Ilaria Canavotto; John F. Horty,https://dl.acm.org/doi/pdf/10.1145/3594536.3595148,conf/icail/CanavottoH23
258,8.66,JURIX,2019,1,0,0,0,8,4,defeasible-fm,Defeasible Systems in Legal Reasoning: A Comparative Assessment,Roberta Calegari; Giuseppe Contissa; Francesca Lagioia; Andrea Omicini; Giovanni Sartor,https://doi.org/10.3233/faia190320,conf/jurix/CalegariCLOS19
259,8.64,JURIX,2019,1,3,0,1,4,0,,A Dialogical Model of Case Law Dynamics,Trevor J. M. Bench-Capon; John Henderson,https://doi.org/10.3233/faia190319,conf/jurix/Bench-CaponH19
260,8.61,ICAIL,1991,0,0,2,6,33,3,determinacy,Argument Moves in a Rule-Guided Domain,David B. Skalak; Edwina L. Rissland,https://dl.acm.org/doi/pdf/10.1145/112646.112647,conf/icail/SkalakR91
261,8.61,JURIX,2021,1,2,0,0,1,2,bounded-deontics,The Ethics of Controllability as Influenceability,Emiliano Lorini; Giovanni Sartor,https://ebooks.iospress.nl/pdf/doi/10.3233/FAIA210344,conf/jurix/LoriniS21
262,8.6,JURIX,2015,0,0,0,2,10,7,bounded-deontics|determinacy,Mapping Recitals to Normative Provisions in EU Legislation to Assist Legal Interpretation,Llio Humphreys; Cristiana Teixeira Santos; Luigi Di Caro; Guido Boella; Leon van der Torre; Livio Robaldo,http://hdl.handle.net/2318/1639625,conf/jurix/HumphreysSCBTR15
263,8.6,JURIX,2017,0,3,0,0,0,5,determinacy,Balancing with Thresholds,Michal Araszkiewicz; Tomasz Zurek,https://doi.org/10.3233/978-1-61499-838-9-107,conf/jurix/AraszkiewiczZ17
264,8.54,ICAIL,2005,0,0,0,1,26,7,bounded-deontics,Permission and Authorization in Normative Multiagent Systems,Guido Boella; Leendert W. N. van der Torre,,conf/icail/BoellaT05
265,8.53,ICAIL,1991,0,1,3,8,35,0,,Legislative Knowledge Base Systems for Public Administration: Some Practical Issues,Peter Johnson; David Mead,https://dl.acm.org/doi/pdf/10.1145/112646.112660,conf/icail/JohnsonM91
266,8.48,ICAIL,1997,0,0,0,0,4,14,bounded-deontics|intro-executable,Distinguishing Different Roles in Normative Reasoning,Leendert W. N. van der Torre; Yao-Hua Tan,,conf/icail/TorreT97
267,8.48,ICAIL,2009,0,0,0,0,4,8,bounded-deontics,Abstract specification of legal contracts,Cristian Prisacariu; Gerardo Schneider,http://www.ifi.uio.no/~gerardo/icail09.pdf,conf/icail/PrisacariuS09
268,8.39,JURIX,2009,0,1,0,4,19,5,bounded-deontics,Five Guidelines for Normative Multiagent Systems,Guido Boella; Gabriella Pigozzi; Leendert W. N. van der Torre,http://orbilu.uni.lu/handle/10993/24961,conf/jurix/BoellaPT09
269,8.38,DEON,2010,0,5,1,1,2,0,,A Dyadic Operator for the Gradation of Desirability,Guillaume Piolle,,conf/deon/Piolle10
270,8.36,JURIX,2013,0,0,2,5,21,3,defeasible-fm|determinacy,Towards Systematic Research on Statutory Interpretation in AI and Law,Michal Araszkiewicz,http://ruj.uj.edu.pl/xmlui/handle/item/13067,conf/jurix/Araszkiewicz13
271,8.3,ICAIL,1989,0,0,0,15,36,5,bounded-deontics|determinacy,Interpreting Statutory Predicates,Edwina L. Rissland; David B. Skalak,https://dl.acm.org/doi/pdf/10.1145/74014.74021,conf/icail/RisslandS89
272,8.29,JURIX,2009,1,3,0,0,9,0,,Introduction: Complex Systems and Six Challenges for the Development of Law and the Semantic Web,Pompeu Casanovas; Ugo Pagallo; Giovanni Sartor; Gianmaria Ajani,,conf/jurix/CasanovasPSA09
273,8.29,JURIX,2010,0,6,0,1,5,0,,Burdens and Standards of Proof for Inference to the Best Explanation,Floris Bex; Douglas Walton,http://www.florisbex.com/papers/jurix10.pdf,conf/jurix/BexW10
274,8.27,ICAIL,2001,0,2,1,4,36,2,intro-executable,Formalizing legal coherence,Jaap Hage,,conf/icail/Hage01
275,8.26,ICAIL,1995,0,4,0,2,6,2,cnl|determinacy,A Computational Framework for Dialectical Reasoning,Pierre St-Vincent; Daniel Poulin; Paul Bratley,https://dl.acm.org/doi/pdf/10.1145/222092.222224,conf/icail/St-VincentPB95
276,8.22,ICAIL,2013,0,4,0,0,3,3,determinacy,Vagueness in law: a stimulus for &apos;artificial intelligence &amp; law&apos;,Doris Liebwald,,conf/icail/Liebwald13
277,8.21,JURIX,2024,0,0,0,0,1,8,bounded-deontics,Norm Compliance in Reinforcement Learning Agents via Restraining Bolts,Emery A. Neufeld; Agata Ciabattoni; Radu Florin Tulcan,https://ebooks.iospress.nl/pdf/doi/10.3233/FAIA241239,conf/jurix/NeufeldCT24
278,8.2,ICAIL,2025,0,6,0,0,0,1,determinacy,Formal Results on Case-Base Consistency: A COMPAS Case Study,Wijnand van Woerkom,https://doi.org/10.1145/3769126.3769190,conf/icail/Woerkom25
279,8.19,ICAIL,2021,0,5,0,0,51,1,bounded-deontics,A combined rule-based and machine learning approach for automated GDPR compliance checking,Rajaa El Hamdani; Majd Mustapha; David Restrepo Amariles; Aurore Clément Troussel; Sébastien Meeùs; Katsiaryna Krasnashchok,,conf/icail/HamdaniMATMK21
280,8.16,ICAIL,1995,0,5,0,3,32,0,,DiaLaw: A Dialogical Framework for Modeling Legal Reasoning,Arno R. Lodder; Aimée Herczog,https://cris.maastrichtuniversity.nl/en/publications/eb0685ec-9bcc-4a92-8af1-cf2d1e628663,conf/icail/LodderH95
281,8.06,JURIX,2018,0,2,0,5,58,3,bounded-deontics|defeasible-fm|cnl,Legal Ontology for Modelling GDPR Concepts and Norms,Monica Palmirani; Michele Martoni; Arianna Rossi; Cesare Bartolini; Livio Robaldo,https://doi.org/10.3233/978-1-61499-935-5-91,conf/jurix/PalmiraniMRBR18
282,8.04,JURIX,2015,0,0,0,1,4,7,bounded-deontics|determinacy,Conditional Permissions in Contracts,Gordon J. Pace; Fernando Schapachnik; Gerardo Schneider,https://www.um.edu.mt/library/oar//handle/123456789/27636,conf/jurix/PaceSS15
283,8.03,JURIX,2009,0,6,0,0,15,0,,When a FrameNet-Style Knowledge Description Meets an Ontological Characterization of Fundamental Legal Concepts,Tommaso Agnoloni; Meritxell Fernández Barrera; Maria-Teresa Sagri; Daniela Tiscornia; Giulia Venturi,,conf/jurix/AgnoloniBSTV09
284,8.0,ICAIL,2007,0,0,0,0,0,10,determinacy,NewMINT interpretation assistance system: United States Constitution First Amendment&apos;s initial 1344 interpretations,Layman E. Allen; Adam W. Tury,,conf/icail/AllenT07
285,8.0,JURIX,2021,0,0,0,0,0,8,bounded-deontics,Timed Dyadic Deontic Logic,Karam Younes Kharraz; Martin Leucker; Gerardo Schneider,https://ebooks.iospress.nl/pdf/doi/10.3233/FAIA210336,conf/jurix/KharrazLS21
286,8.0,JURIX,2024,1,0,0,0,0,4,bounded-deontics,A Logical Framework for Weak Permissions in Criminal Procedure,Guido Governatori; Antonino Rotolo,https://ebooks.iospress.nl/pdf/doi/10.3233/FAIA241273,conf/jurix/GovernatoriR24
287,8.0,JURIX,2025,1,0,0,0,0,4,bounded-deontics|defeasible-fm,Plans and Diversions EA,Galileo Sartor; Guido Governatori; Giuseppe Pisano; Antonino Rotolo; Adam Wyner,https://doi.org/10.3233/faia251629,conf/jurix/SartorGPR025
288,7.98,JURIX,2020,1,2,0,0,6,1,determinacy,Arg-tuProlog: A Modular Logic Argumentation Tool for PIL,Roberta Calegari; Giuseppe Contissa; Giuseppe Pisano; Galileo Sartor; Giovanni Sartor,https://ebooks.iospress.nl/pdf/doi/10.3233/FAIA200880,conf/jurix/CalegariCPSS20
289,7.95,ICAIL,2005,0,3,0,1,13,3,defeasible-fm|intro-executable,A metalogical formalisation of legal argumentation as game trees with defeasible reasoning,Andreas Hamfelt; Jenny Eriksson Lundström; Jørgen Fischer Nilsson,,conf/icail/HamfeltLN05
290,7.94,ICAIL,2003,0,5,0,0,22,1,defeasible-fm,Prevarication in Dispute Protocols,Paul E. Dunne,,conf/icail/Dunne03
291,7.93,ICAIL,2025,0,3,0,0,2,4,determinacy|intro-executable,Towards Machine-Readable Traffic Laws: Formalizing Traffic Rules into PROLOG Using LLMs,May Myo Zin; Georg Borges; Ken Satoh; Wachara Fungwacharakorn,https://doi.org/10.1145/3769126.3769222,conf/icail/ZinBSF25
292,7.93,JURIX,2011,0,1,0,3,7,5,bounded-deontics,"Permissions in Contracts, a Logical Insight",Gordon J. Pace; Fernando Schapachnik,,conf/jurix/PaceS11
293,7.9,ICAIL,1997,0,2,2,4,56,0,,Progress on Room 5: A Testbed for Public Interactive Semi-Formal Legal Argumentation,Ronald Prescott Loui; Jeff Norman; Joe Altepeter; Dan Pinkard; Dan Craven; Jessica Linsday; Mark A. Foltz,,conf/icail/LouiNAPCLF97
294,7.8,ICAIL,2025,0,4,0,0,0,3,bounded-deontics|determinacy,Non-Herculean Data: A Philosophical Intervention in a Technical Debate about Judicial Opinions as Data Sources,Courtney M. Cox,https://doi.org/10.1145/3769126.3769194,conf/icail/Cox25
295,7.79,JURIX,2009,0,4,0,2,40,1,bounded-deontics,Rule-based versus Principle-based Regulatory Compliance,Brigitte Burgemeestre; Joris Hulstijn; Yao-Hua Tan,,conf/jurix/BurgemeestreHT09
296,7.78,JURIX,2015,0,6,0,0,6,0,,Explaining Legal Bayesian Networks Using Support Graphs,Sjoerd T. Timmer; John-Jules Ch. Meyer; Henry Prakken; Silja Renooij; Bart Verheij,,conf/jurix/TimmerMPRV15
297,7.76,JURIX,2018,0,4,1,2,6,0,,Exploiting Causality in Constructing Bayesian Network Graphs from Legal Arguments,Remi Wieten; Floris Bex; Henry Prakken; Silja Renooij,https://doi.org/10.3233/978-1-61499-935-5-151,conf/jurix/WietenBPR18
298,7.74,ICAIL,2017,1,1,0,0,5,2,determinacy,On making autonomous vehicles respect traffic law: a case study for dutch law,Henry Prakken,https://research.rug.nl/en/publications/c93c1d4a-bbc8-4e5b-af86-bfe381ac460e,conf/icail/Prakken17
299,7.73,ICAIL,1997,0,5,0,2,16,0,,Logical Tools for Legal Argument: A Practical Assessment in the Domain of Tort,Bart Verheij; Jaap Hage; Arno R. Lodder,,conf/icail/VerheijHL97
300,7.72,ICAIL,2015,1,2,0,1,12,0,,Constructing and understanding Bayesian networks for legal evidence with scenario schemes,Charlotte S. Vlek; Henry Prakken; Silja Renooij; Bart Verheij,https://pure.rug.nl/ws/files/66249536/p128_vlek.pdf,conf/icail/VlekPRV15
301,7.72,JURIX,2022,0,4,0,3,14,1,bounded-deontics,Toward Automatically Identifying Legally Relevant Factors,Morgan A. Gray; Jaromír Savelka; Wesley M. Oliver; Kevin D. Ashley,https://ebooks.iospress.nl/pdf/doi/10.3233/FAIA220448,conf/jurix/GraySOA22
302,7.68,JURIX,2023,0,6,0,0,4,0,,Learning Case Relevance in Case-Based Reasoning with Abstract Argumentation,Guilherme Paulino-Passos; Francesca Toni,https://ebooks.iospress.nl/pdf/doi/10.3233/FAIA230950,conf/jurix/Paulino-PassosT23
303,7.65,JURIX,2014,0,4,0,3,11,1,bounded-deontics,On the Interactional Meaning of Fundamental Legal Concepts,Giovanni Sileno; Alexander Boer; Tom M. van Engers,https://pure.uva.nl/ws/files/38829899/154586_JURIX2014.pdf,conf/jurix/SilenoBE14
304,7.61,ICAIL,2011,0,2,2,4,21,0,,On extracting arguments from Bayesian network representations of evidential reasoning,Jeroen Keppens,,conf/icail/Keppens11
305,7.61,ICAIL,2025,0,2,0,0,1,5,determinacy,DeCoRA: Definition and Context Reasoning in Argumentation,Ngoc-Duy Mai; Xuan-Bach Le; Thi-Hai-Yen Vuong; Ha-Thanh Nguyen; Kostas Stathis; Ken Satoh,https://doi.org/10.1145/3769126.3769226,conf/icail/MaiLVNSS25
306,7.6,JURIX,2022,1,3,0,0,0,0,,Unpacking Arguments,Trevor J. M. Bench-Capon; Bart Verheij,https://ebooks.iospress.nl/pdf/doi/10.3233/FAIA220458,conf/jurix/Bench-CaponV22
307,7.58,JURIX,2018,1,2,0,1,7,0,,Automated Processing of Privacy Policies Under the EU General Data Protection Regulation,Giuseppe Contissa; Koen Docter; Francesca Lagioia; Marco Lippi; Hans-Wolfgang Micklitz; Przemyslaw Palka; Giovanni Sartor; Paolo Torroni,https://doi.org/10.3233/978-1-61499-935-5-51,conf/jurix/ContissaDL0MPST18
308,7.53,ICAIL,2021,0,6,0,0,2,0,,Hardness of case-based decisions: a formal theory,Heng Zheng; Davide Grossi; Bart Verheij,https://dl.acm.org/doi/pdf/10.1145/3462757.3466071,conf/icail/ZhengGV21
309,7.53,JURIX,2019,0,6,0,0,2,0,,A Comparison of Two Hybrid Methods for Analyzing Evidential Reasoning,Ludi van Leeuwen; Bart Verheij,https://doi.org/10.3233/faia190306,conf/jurix/LeeuwenV19
310,7.48,ICAIL,2015,0,5,0,1,21,0,,An integrated theory of causal stories and evidential arguments,Floris Bex,http://www.florisbex.com/papers/ICAIL15.pdf,conf/icail/Bex15
311,7.46,ICAIL,1991,0,0,3,9,41,0,,Separating World and Regulation Knowledge: Where is the Logic,Joost Breuker; Nienke den Haan,,conf/icail/BreukerH91
312,7.43,ICAIL,1997,0,3,0,3,10,2,intro-executable,Formalization of Legislative Documents Based on a Functional Model,Daniela Tiscornia; Fabrizio Turchi,https://dl.acm.org/doi/pdf/10.1145/261618.261633,conf/icail/TiscorniaT97
313,7.42,ICAIL,2001,0,4,0,1,34,1,defeasible-fm,Legal decision making as dialectical theory construction with argumentation schemes,Bart Verheij,,conf/icail/Verheij01
314,7.4,DEON,2010,0,3,1,1,11,1,bounded-deontics,"Relevance, Derogation and Permission",Audun Stolpe,,conf/deon/Stolpe10
315,7.4,ICAIL,2025,0,2,0,0,0,5,determinacy,AF-XRAY: Visual Explanation and Resolution of Ambiguity in Legal Argumentation Frameworks,Yilin Xia; Heng Zheng; Shawn Bowers; Bertram Ludäscher,https://doi.org/10.1145/3769126.3769246,conf/icail/Xia0BL25
316,7.37,ICAIL,2015,0,5,0,1,14,0,,The role of evaluation in AI and law: an examination of its different forms in the AI and law journal,Jack G. Conrad; John Zeleznikow,,conf/icail/ConradZ15
317,7.29,ICAIL,1987,1,0,1,2,20,0,,Support for Policy Makers: Formulating Legislation with the Aid of Logical Models,Trevor J. M. Bench-Capon,,conf/icail/Bench-Capon87
318,7.25,ICAIL,2007,1,2,0,0,16,0,,AVERs: an argument visualization tool for representing stories about evidence,Susan W. van den Braak; Gerard Vreeswijk; Henry Prakken,,conf/icail/BraakVP07
319,7.25,ICAIL,2013,0,5,0,1,9,0,,The significance of evaluation in AI and law: a case study re-examining ICAIL proceedings,Jack G. Conrad; John Zeleznikow,,conf/icail/ConradZ13
320,7.2,ICAIL,2025,0,6,0,0,0,0,,Justifying Black-Box Predictions with Domain Knowledge,Joeri Peters; Floris Bex; Henry Prakken,https://doi.org/10.1145/3769126.3769253,conf/icail/PetersBP25
321,7.18,ICAIL,2001,0,5,0,1,7,0,,A Typology of Moves Involved in Case Comparison,Bram Roth,,conf/icail/Roth01
322,7.12,ICAIL,2007,0,3,1,3,20,0,,Learning by diagramming Supreme Court oral arguments,Kevin D. Ashley; Niels Pinkwart; Collin F. Lynch; Vincent Aleven,,conf/icail/AshleyPLA07
323,7.09,JURIX,2009,0,3,1,2,40,0,,Multi-layer Markup and Ontological Structures in Akoma Ntoso,Gioele Barabucci; Luca Cervone; Monica Palmirani; Silvio Peroni; Fabio Vitali,,conf/jurix/BarabucciCPPV09
324,7.07,ICAIL,1987,0,0,0,3,24,5,bounded-deontics|defeasible-fm|intro-executable,Legal Reasoning in 3-D,Marvin Belzer,https://dl.acm.org/doi/pdf/10.1145/41735.41753,conf/icail/Belzer87
325,7.01,ICAIL,2001,0,0,2,4,10,2,bounded-deontics|defeasible-fm,Refinement. A tool to deal with inconsistencies,Juliano Maranhão,,conf/icail/Maranhao01
326,7.0,JURIX,2025,0,0,0,0,0,7,determinacy,Precedent as Interpretive Resource: A Case Frame Analysis of Statutory Reasoning,Michal Araszkiewicz,https://doi.org/10.3233/faia251572,conf/jurix/Araszkiewicz25
327,7.0,JURIX,2025,0,0,0,0,0,7,bounded-deontics,Validity Diagrams,Diogo Sasdelli; Bianca Steffes,https://doi.org/10.3233/faia251587,conf/jurix/SasdelliS25
328,6.94,ICAIL,2007,1,2,0,0,5,0,,Argumentation structures in legal dossiers,Jobien Sombekke; Tom M. van Engers; Henry Prakken,https://research.rug.nl/en/publications/f0364371-5ac0-4481-abc6-165a1e391d46,conf/icail/SombekkeEP07
329,6.93,JURIX,2020,0,3,0,0,2,3,bounded-deontics,A General Theory of Contract Conflicts with Environmental Constraints,Gordon J. Pace,https://ebooks.iospress.nl/pdf/doi/10.3233/FAIA200852,conf/jurix/Pace20
330,6.91,JURIX,2020,0,2,0,4,57,2,bounded-deontics,Legal Knowledge Extraction for Knowledge Graph Based Question-Answering,Francesco Sovrano; Monica Palmirani; Fabio Vitali,https://ebooks.iospress.nl/pdf/doi/10.3233/FAIA200858,conf/jurix/SovranoPV20
331,6.88,JURIX,2016,0,0,0,1,2,6,bounded-deontics|determinacy,Interpreting Agents,Michal Araszkiewicz; Tomasz Zurek,http://ebooks.iospress.nl/publication/45732,conf/jurix/AraszkiewiczZ16
332,6.88,JURIX,2021,1,2,0,0,4,0,,Assessing the Cross-Market Generalization Capability of the CLAUDETTE System,Agnieszka Jablonowska; Francesca Lagioia; Marco Lippi; Hans-Wolfgang Micklitz; Giovanni Sartor; Giacomo Tagiuri,https://ebooks.iospress.nl/pdf/doi/10.3233/FAIA210318,conf/jurix/JablonowskaL0MS21
333,6.88,JURIX,2022,0,2,0,0,4,4,bounded-deontics|cnl,Transfer Learning for Deontic Rule Classification: The Case Study of the GDPR,Davide Liga; Monica Palmirani,https://ebooks.iospress.nl/pdf/doi/10.3233/FAIA220467,conf/jurix/LigaP22
334,6.88,JURIX,2023,0,5,0,1,2,0,,The Importance of Intermediate Factors,Ilaria Canavotto; John F. Horty,https://ebooks.iospress.nl/pdf/doi/10.3233/FAIA230941,conf/jurix/CanavottoH23
335,6.8,JURIX,2023,0,4,0,0,0,2,bounded-deontics,Arguing About Choosing a Normative System: Conflict of Laws,Kees van Berkel; Réka Markovich; Christian Straßer; Leendert van der Torre,https://ebooks.iospress.nl/pdf/doi/10.3233/FAIA230947,conf/jurix/0002MST23
336,6.77,JURIX,2011,1,0,1,1,10,0,,What Makes a Story Plausible? The Need for Precedents,Floris Bex; Trevor J. M. Bench-Capon; Bart Verheij,,conf/jurix/BexBV11
337,6.76,ICAIL,1991,0,0,0,8,27,4,determinacy,More IA Needed in AI: Interpretation Assistance for Coping with the Problem of Multiple Structural Interpretations,Layman E. Allen; Charles S. Saxon,,conf/icail/AllenS91
338,6.73,ICAIL,2023,0,2,0,0,2,4,bounded-deontics,Computable Contracts by Extracting Obligation Logic Graphs,Sergio Servantez; Nedim Lipka; Alexa F. Siu; Milan Aggarwal; Balaji Krishnamurthy; Aparna Garimella; Kristian J. Hammond; Rajiv Jain,,conf/icail/ServantezLSAKGH23
339,6.73,JURIX,2014,1,2,0,0,2,0,,Analysing Norms with Transition Systems,Trevor J. M. Bench-Capon,,conf/jurix/Bench-Capon14
340,6.7,ICAIL,2011,0,4,0,2,29,0,,An agent-based legal knowledge acquisition methodology for agile public administration,Alexander Boer; Tom M. van Engers,,conf/icail/BoerE11
341,6.66,ICAIL,2003,0,0,0,0,8,6,bounded-deontics,Positive and Negative Expectations and the Deontic Nature of Social Conventions,Cristiano Castelfranchi; Luca Tummolini,,conf/icail/CastelfranchiT03
342,6.66,ICAIL,2007,0,5,0,0,8,0,,Contract clause negotiation by game theory,Elisa Burato; Matteo Cristani,,conf/icail/BuratoC07
343,6.62,ICAIL,2023,0,1,0,0,3,5,bounded-deontics|intro-executable,Do agents dream of abiding by the rules?: Learning norms via behavioral exploration and sparse human supervision,Peter Fratric; Mostafa Mohajeri Parizi; Giovanni Sileno; Tom M. van Engers; Sander Klous,https://dl.acm.org/doi/pdf/10.1145/3594536.3595153,conf/icail/FratricPSEK23
344,6.61,JURIX,2008,0,1,2,3,76,0,,Concept and Context in Legal Information Retrieval,K. Tamsin Maxwell; Burkhard Schafer,,conf/jurix/MaxwellS08
345,6.61,JURIX,2023,1,2,0,0,1,0,,Precedent-Based Reasoning with Incomplete Cases,Daphne Odekerken; Floris Bex; Henry Prakken,https://ebooks.iospress.nl/pdf/doi/10.3233/FAIA230943,conf/jurix/OdekerkenBP23
346,6.59,DEON,2008,0,2,1,2,14,1,bounded-deontics,Introducing Grades in Deontic Logics,Pilar Dellunde; Lluís Godo,http://www.iiia.csic.es/files/pdfs/1659.pdf,conf/deon/DellundeG08
347,6.58,ICAIL,2009,0,1,1,3,12,2,bounded-deontics|intro-executable,Legal text analysis of the modification provisions: a pattern oriented approach,Raffaella Brighi; Monica Palmirani,,conf/icail/BrighiP09
348,6.56,ICAIL,2019,0,3,0,9,40,0,,Semi-Supervised Methods for Explainable Legal Prediction,Karl Branting; Brandy Weiss; Bradford Brown; Craig Pfeifer; A. Chakraborty; Lisa Ferro; Mark Pfaff; Alexander S. Yeh,,conf/icail/BrantingWBPCFPY19
349,6.55,ICAIL,2009,1,1,0,1,13,0,,Toward a general theory of document modeling,Marc Lauritsen; Thomas F. Gordon,,conf/icail/LauritsenG09
350,6.52,ICAIL,2019,0,0,0,6,24,4,determinacy,Improving Sentence Retrieval from Case Law for Statutory Interpretation,Jaromír Savelka; Huihui Xu; Kevin D. Ashley,,conf/icail/SavelkaXA19
351,6.48,ICAIL,2019,0,3,0,10,24,0,,Using Factors to Predict and Analyze Landlord-Tenant Decisions to Increase Access to Justice,Hannes Westermann; Vern R. Walker; Kevin D. Ashley; Karim Benyekhlef,,conf/icail/WestermannWAB19
352,6.48,JURIX,2009,0,3,0,1,2,2,intro-executable,Argument Diagramming and Diagnostic Reliability,Collin F. Lynch; Kevin D. Ashley; Niels Pinkwart; Vincent Aleven,,conf/jurix/LynchAPA09
353,6.47,ICAIL,2005,0,2,0,3,24,2,bounded-deontics|intro-executable,Modal logic investigations in the Modal logic investigations in the semantics of counts semantics of counts-as as,Davide Grossi; John-Jules Ch. Meyer; Frank Dignum,http://dspace.library.uu.nl:8080/handle/1874/19632,conf/icail/GrossiMD05
354,6.42,ICAIL,2015,0,4,0,0,7,1,bounded-deontics,Reliability of electronic evidence: an application for model-based auditing,Rob Christiaanse; Paul Griffioen; Joris Hulstijn,,conf/icail/ChristiaanseGH15
355,6.41,ICAIL,2023,0,1,0,0,1,5,bounded-deontics|intro-executable,Multi-agent logic for reasoning about duties and powers in private law,Tianwen Xu; Fengkui Ju,,conf/icail/XuJ23
356,6.36,ICAIL,1993,0,3,0,1,1,2,defeasible-fm|intro-executable,A Logic for Legal Hierarchies,Pierre-Yves Schobbens,https://dl.acm.org/doi/pdf/10.1145/158976.159010,conf/icail/Schobbens93
357,6.36,JURIX,2014,0,2,1,2,6,1,determinacy,Extracting Scenarios from a Bayesian Network as Explanations for Legal Evidence,Charlotte S. Vlek; Henry Prakken; Silja Renooij; Bart Verheij,https://dspace.library.uu.nl/handle/1874/304320,conf/jurix/VlekPRV14
358,6.28,ICAIL,1997,0,4,0,0,4,1,intro-executable,Achieving Fluency in Modernized and Formalized Hohfeld: Puzzles and Games for the LEGAL RELATIONS Language,Layman E. Allen; Charles S. Saxon,https://dl.acm.org/doi/pdf/10.1145/261618.261623,conf/icail/AllenS97
359,6.26,ICAIL,1993,0,1,0,3,23,3,determinacy|intro-executable,The Use of Meta-Rules in Rule Based Legal Computer Systems,Uri J. Schild; Shai Herzog,,conf/icail/SchildH93
360,6.22,ICAIL,2005,0,3,0,5,52,0,,Effective Document Clustering for Large Heterogeneous Law Firm Collections,Jack G. Conrad; Khalid Al-Kofahi; Ying Zhao; George Karypis,https://conservancy.umn.edu/bitstreams/f135e867-8a2b-47c1-8dbb-0bbee0f1768a/download,conf/icail/ConradAZK05
361,6.21,JURIX,2014,0,0,0,1,8,5,bounded-deontics,Contract Automata with Reparations,Shaun Azzopardi; Gordon J. Pace; Fernando Schapachnik,https://www.um.edu.mt/library/oar/bitstream/123456789/24153/1/jurix2014.pdf,conf/jurix/AzzopardiPS14
362,6.12,ICAIL,2005,0,0,1,2,11,3,bounded-deontics,A legal drafting environment based on formal and semantic XML standards,Carlo Biagioli; Enrico Francesconi; Pier-Luigi Spinosa; Mirco Taddei,,conf/icail/BiagioliFST05
363,6.1,ICAIL,1997,0,0,1,1,32,3,bounded-deontics|intro-executable,Towards a Logical Formalization of Responsibility,Laurence Cholvy; Frédéric Cuppens; Claire Saurel,https://dl.acm.org/doi/pdf/10.1145/261618.261658,conf/icail/CholvyCS97
364,6.05,JURIX,2009,0,4,0,1,9,0,,Traceability and Change in Legal Requirements Engineering,Alexander Boer; Tom M. van Engers; Radboud Winkels,,conf/jurix/BoerEW09
365,6.04,JURIX,2024,0,0,0,1,4,5,bounded-deontics|cnl|determinacy,Leveraging LLM for Identification and Extraction of Normative Statements,May Myo Zin; Ken Satoh; Georg Borges,https://ebooks.iospress.nl/pdf/doi/10.3233/FAIA241247,conf/jurix/ZinSB24
366,6.02,DEON,2010,0,3,0,1,17,1,bounded-deontics,Deontics = Betterness + Priority,Johan van Benthem; Davide Grossi; Fenrong Liu,,conf/deon/BenthemGL10
367,6.02,ICAIL,1991,0,0,2,3,20,1,determinacy,Extracting Legal Knowledge by Means of a Multilayer Neural Network Application to Municipal Jurisprudence,Laurent Bochereau; Danièle Bourcier; Paul Bourgine,https://dl.acm.org/doi/pdf/10.1145/112646.112683,conf/icail/BochereauBB91
368,6.0,DEON,1996,0,0,2,2,41,1,bounded-deontics,Getting Personal: Some Notes on the Relationship Between Personal and Impersonal Obligation,Christen Krogh; Henning Herrestad,,conf/deon/KroghH96
369,6.0,ICAIL,2001,0,1,0,3,9,3,determinacy,Tools for placing legal decision support systems on the world wide web,Andrew Stranieri; John Yearwood; John Zeleznikow,,conf/icail/StranieriYZ01
370,6.0,ICAIL,2025,0,5,0,0,0,0,,Rule-based Classifier Models,Cecilia Di Florio; Huimin Dong; Antonino Rotolo,https://doi.org/10.1145/3769126.3769243,conf/icail/FlorioDR25
371,6.0,JURIX,2009,0,5,0,0,0,0,,Sailing the Semantic Seas by Structural Vessels: Problems and Perspectives for the Identification of Implicit Knowledge in the Legal Domain,Gianmaria Ajani; Piercarlo Rossi,,conf/jurix/AjaniR09
372,6.0,JURIX,2025,1,0,0,0,0,2,determinacy,Principles of Law: LLMs vs RegEx,Marianna Molinari; Ilaria Angela Amantea; Marinella Quaranta; Guido Governatori,https://doi.org/10.3233/faia251627,conf/jurix/MolinariAQG25
373,5.97,ICAIL,2003,0,0,0,1,3,5,bounded-deontics|defeasible-fm,Specifying and Reasoning with Institutional Agents,Filipe Santos; Olga Pacheco,,conf/icail/SantosP03
374,5.97,JURIX,2020,0,0,0,1,3,5,bounded-deontics|determinacy,Multilingual Legal Information Retrieval System for Mapping Recitals and Normative Provisions,Rohan Nanda; Llio Humphreys; Lorenzo Grossio; Kolawole John Adebayo,https://ebooks.iospress.nl/pdf/doi/10.3233/FAIA200856,conf/jurix/NandaHGA20
375,5.94,DEON,2010,0,2,0,0,5,3,bounded-deontics,Obligations and Prohibitions in Talmudic Deontic Logic,Michael Abraham; Dov M. Gabbay; Uri J. Schild,http://orbilu.uni.lu/handle/10993/15940,conf/deon/AbrahamGS10
376,5.94,ICAIL,1989,0,0,2,7,70,0,,Representing the Structure of a Legal Argument,C. C. Marshall,,conf/icail/Marshall89
377,5.94,ICAIL,1995,0,0,2,8,50,0,,Detecting Change in Legal Concepts,Edwina L. Rissland; M. Timur Friedman,,conf/icail/RisslandF95
378,5.88,JURIX,2024,1,0,0,1,2,1,determinacy,Detecting Vague Clauses in Privacy Policies: The Analysis of Data Categories Using BERT Models and LLMs,Giulia Grundler; Ruta Liepina; Mariaceleste Musicco; Francesca Lagioia; Andrea Galassi; Giovanni Sartor; Paolo Torroni,https://ebooks.iospress.nl/pdf/doi/10.3233/FAIA241235,conf/jurix/GrundlerLMLGST24
379,5.88,JURIX,2025,0,0,0,1,2,5,bounded-deontics,Which Neurons Nudge Normative Stance? Causal Tests and Mechanistic Evidence via Contrastive Last-Token Steering,Davide Liga; Liuwen Yu,https://doi.org/10.3233/faia251581,conf/jurix/LigaY25
380,5.85,ICAIL,1995,0,2,0,5,29,1,intro-executable,The Systematization of Legal Meta-Inference,Hajime Yoshino,https://dl.acm.org/doi/pdf/10.1145/222092.222257,conf/icail/Yoshino95
381,5.8,JURIX,2010,0,0,0,3,9,4,bounded-deontics|defeasible-fm,Model Checking Legal Documents,Daniel Gorín; Sergio Mera; Fernando Schapachnik,,conf/jurix/GorinMS10
382,5.8,JURIX,2022,0,4,0,0,0,1,determinacy,An End-to-End Pipeline from Law Text to Logical Formulas,Aarne Ranta; Inari Listenmaa; Jerrold Soh; Meng Weng Wong,https://ebooks.iospress.nl/pdf/doi/10.3233/FAIA220473,conf/jurix/RantaLSW22
383,5.78,ICAIL,2015,0,3,0,3,35,0,,Toward machine-assisted participation in eRulemaking: an argumentation model of evaluability,Joonsuk Park; Cheryl Blake; Claire Cardie,,conf/icail/ParkBC15
384,5.76,JURIX,2021,0,0,0,1,1,5,bounded-deontics,Computability of Diagrammatic Theories for Normative Positions,Matteo Pascucci; Giovanni Sileno,https://ebooks.iospress.nl/pdf/doi/10.3233/FAIA210333,conf/jurix/PascucciS21
385,5.74,JURIX,2009,0,1,0,0,5,4,determinacy,Conceptions of Vagueness in Subjective Probability for Evidential Reasoning,Jeroen Keppens,,conf/jurix/Keppens09
386,5.7,JURIX,2012,0,1,0,2,7,3,bounded-deontics|intro-executable,Types of Rights in Two-Party Systems: A Formal Analysis,Gordon J. Pace; Fernando Schapachnik,,conf/jurix/PaceS12
387,5.69,JURIX,2018,0,1,1,11,27,0,,Segmenting U.S. Court Decisions into Functional and Issue Specific Parts,Jaromír Savelka; Kevin D. Ashley,https://doi.org/10.3233/978-1-61499-935-5-111,conf/jurix/SavelkaA18
388,5.68,ICAIL,2005,1,1,0,0,4,0,,HARE: An Italian Application of SoftLaw&apos;s STATUTE Expert Technology,Giulio Borsari; Claudia Cevenini; Giuseppe Contissa; Stefano Morini; Giovanni Sartor; Peter Still,,conf/icail/BorsariCCMSS05
389,5.62,JURIX,2020,1,1,0,0,3,0,,A Genetic Approach to the Ethical Knob,Giovanni Iacca; Francesca Lagioia; Andrea Loreggia; Giovanni Sartor,https://ebooks.iospress.nl/pdf/doi/10.3233/FAIA200854,conf/jurix/IaccaLLS20
390,5.6,ICAIL,2007,0,0,2,6,31,0,,Toward measures of complexity in legal systems,Danièle Bourcier; Pierre Mazzega,,conf/icail/BourcierM07
391,5.6,ICAIL,2019,0,3,0,0,0,2,bounded-deontics|determinacy,MagnetDroid: security-oriented analysis for bridging privacy and law for Android applications,Emanuele Uliana; Kostas Stathis; Robert Jago,,conf/icail/UlianaSJ19
392,5.58,JURIX,2015,1,0,0,0,6,1,bounded-deontics,Influence and Responsibility: A Logical Analysis,Emiliano Lorini; Giovanni Sartor,,conf/jurix/LoriniS15
393,5.56,ICAIL,2019,0,1,0,2,4,3,bounded-deontics,"The False, the Former, and the Parish Priest",Robert van Doesburg; Tom M. van Engers,,conf/icail/DoesburgE19
394,5.54,ICAIL,1987,0,0,0,0,5,5,bounded-deontics,On the Relationship Between Permission and Obligation,A. J. I. Jones,https://dl.acm.org/doi/pdf/10.1145/41735.41754,conf/icail/Jones87
395,5.54,JURIX,2019,1,0,0,0,5,1,bounded-deontics,Deep Learning for Detecting and Explaining Unfairness in Consumer Contracts,Francesca Lagioia; Federico Ruggeri; Kasper Drazewski; Marco Lippi; Hans-Wolfgang Micklitz; Paolo Torroni; Giovanni Sartor,https://doi.org/10.3233/faia190305,conf/jurix/LagioiaRD0MTS19
396,5.53,DEON,2008,0,1,0,4,31,2,bounded-deontics,Reactive Kripke Models and Contrary to Duty Obligations,Dov M. Gabbay,http://orbilu.uni.lu/handle/10993/15889,conf/deon/Gabbay08
397,5.53,JURIX,2021,1,1,0,0,2,0,,Can Predictive Justice Improve the Predictability and Consistency of Judicial Decision-Making?,Floris Bex; Henry Prakken,https://ebooks.iospress.nl/pdf/doi/10.3233/FAIA210338,conf/jurix/BexP21
398,5.49,ICAIL,1991,0,0,2,4,54,0,,Coping With Change,Paul Bratley; Jacques Frémont; Ejan Mackaay; Daniel Poulin,https://doi.org/10.4148/1051-0834.2120,conf/icail/BratleyFMP91
399,5.48,JURIX,2020,0,0,0,0,4,5,bounded-deontics|intro-executable,Digital Enforceable Contracts (DEC): Making Smart Contracts Smarter,Lu-Chi Liu; Giovanni Sileno; Tom M. van Engers,https://ebooks.iospress.nl/pdf/doi/10.3233/FAIA200872,conf/jurix/LiuSE20
400,5.47,ICAIL,1995,0,2,0,8,78,0,,The Split-Up System: Integrating Neural Networks and Rule-Based Reasoning in the Legal Domain,John Zeleznikow; Andrew Stranieri,https://dl.acm.org/doi/pdf/10.1145/222092.222235,conf/icail/ZeleznikowS95
401,5.46,ICAIL,1993,0,1,1,7,38,0,,Monological Reason-Based Logic: A Low Level Integration of Rule-Based Reasoning and Case-Based Reasoning,Jaap Hage,,conf/icail/Hage93
402,5.45,ICAIL,1993,0,1,1,7,36,0,,BankXX: A Program to Generate Argument Through Case-Base Research,Edwina L. Rissland; David B. Skalak; M. Timur Friedman,,conf/icail/RisslandSF93
403,5.44,ICAIL,1995,0,0,0,5,28,3,determinacy,"Better Language, Better Thought, Better Communication: The A-Hohfeld Language for Legal Analysis",Layman E. Allen; Charles S. Saxon,https://dl.acm.org/doi/pdf/10.1145/222092.222245,conf/icail/AllenS95
404,5.4,ICAIL,1991,0,2,1,1,22,0,,Indian Central Civil Service Pension Rules: A Case Study in Logic Programming Applied to Regulations,Marek J. Sergot; A. S. Kamble; K. K. Bajaj,,conf/icail/SergotKB91
405,5.39,ICAIL,2015,0,1,1,6,43,0,,Introducing LUIMA: an experiment in legal conceptual retrieval of vaccine injury decisions using a UIMA type system and tools,Matthias Grabmair; Kevin D. Ashley; Ran Chen; Preethi Sureshkumar; Chen Wang; Eric Nyberg; Vern R. Walker,,conf/icail/GrabmairACSWNW15
406,5.36,ICAIL,2005,0,2,1,2,6,0,,Intelligent Tools for Managing Factual Arguments,Marc Lauritsen,,conf/icail/Lauritsen05
407,5.35,DEON,2014,0,3,0,0,11,1,bounded-deontics,Sequent-Based Argumentation for Normative Reasoning,Christian Straßer; Ofer Arieli,,conf/deon/StrasserA14
408,5.35,ICAIL,2005,0,3,0,0,11,1,bounded-deontics,Dynamics of Legal Provisions and its Representation,Jacek Martinek; Jolanta Cybulka,,conf/icail/MartinekC05
409,5.34,JURIX,2009,0,4,0,0,5,0,,"Legal Electronic Institutions and ONTOMEDIA: Dialogue, Inventio, and Relational Justice Scenarios",Pompeu Casanovas,https://ddd.uab.cat/record/143134,conf/jurix/Casanovas09
410,5.34,JURIX,2020,0,2,0,11,23,0,,Sentence Embeddings and High-Speed Similarity Search for Fast Computer Assisted Annotation of Legal Documents,Hannes Westermann; Jaromír Savelka; Vern R. Walker; Kevin D. Ashley; Karim Benyekhlef,https://ebooks.iospress.nl/pdf/doi/10.3233/FAIA200860,conf/jurix/WestermannSWAB20
411,5.29,ICAIL,2005,0,0,0,2,3,4,determinacy,A Taxonomy for Modelling Discretionary Decision Making in the Legal Domain,Uri J. Schild; John Zeleznikow,,conf/icail/SchildZ05
412,5.29,ICAIL,2023,0,3,0,1,43,0,,Unlocking Practical Applications in Legal Domain: Evaluation of GPT for Zero-Shot Semantic Annotation of Legal Texts,Jaromír Savelka,https://dl.acm.org/doi/pdf/10.1145/3594536.3595161,conf/icail/Savelka23
413,5.27,JURIX,2008,0,0,2,5,15,0,,Automated Legal Assessment in OWL 2,Saskia van de Ven; Joost Breuker; Rinke Hoekstra; Lars Wortel,,conf/jurix/VenBHW08
414,5.25,ICAIL,2023,0,3,0,1,37,0,,Legal Syllogism Prompting: Teaching Large Language Models for Legal Judgment Prediction,Cong Jiang; Xiaolei Yang,,conf/icail/JiangY23
415,5.22,ICAIL,1991,0,0,1,7,33,1,cnl,Exploiting Isomorphism: Development of a KBS to Support British Coal Insurance Claims,Trevor J. M. Bench-Capon,,conf/icail/Bench-Capon91
416,5.22,ICAIL,2003,0,0,0,3,39,3,bounded-deontics|intro-executable,An Executable Specification of an Argumentation Protocol,Alexander Artikis; Marek J. Sergot; Jeremy Pitt,,conf/icail/ArtikisSP03
417,5.22,ICAIL,2003,0,2,0,6,66,0,,Using Ontologies for Comparing and Harmonizing Legislation,Alexander Boer; Tom M. van Engers; Radboud Winkels,,conf/icail/BoerEW03
418,5.21,DEON,2006,0,1,0,3,19,2,bounded-deontics|defeasible-fm,"Strategic Deontic Temporal Logic as a Reduction to ATL, with an Application to Chisholm&apos;s Scenario",Jan M. Broersen,https://dspace.library.uu.nl/handle/1874/19972,conf/deon/Broersen06
419,5.21,ICAIL,1993,0,0,0,1,8,4,bounded-deontics,Violation of Norms,Tina Smith,,conf/icail/Smith93
420,5.21,JURIX,2015,1,0,0,0,1,1,determinacy,Extracting Hohfeldian Relations from Text,Wim Peters; Adam Z. Wyner,,conf/jurix/PetersW15
421,5.21,JURIX,2016,0,0,0,0,1,5,bounded-deontics|determinacy,Perspectives on the Formal Representation of the Interpretation of Norms,Robert van Doesburg; Tom M. van Engers,,conf/jurix/DoesburgE16
422,5.2,ICAIL,2009,0,1,0,0,0,4,determinacy|intro-executable,Using critical questions to disambiguate and formalize statutory provisions,Matthias Grabmair; Kevin D. Ashley,,conf/icail/GrabmairA09
423,5.2,ICAIL,2023,0,1,0,0,0,4,bounded-deontics|intro-executable,On Normative Arrows and Comparing Tax Automation Systems,Paulus N. Meessen,https://dl.acm.org/doi/pdf/10.1145/3594536.3595160,conf/icail/Meessen23
424,5.2,JURIX,2022,0,1,0,0,0,4,bounded-deontics|intro-executable,A Compression and Simulation-Based Approach to Fraud Discovery,Peter Fratric; Giovanni Sileno; Tom M. van Engers; Sander Klous,https://ebooks.iospress.nl/pdf/doi/10.3233/FAIA220463,conf/jurix/FratricSEK22
425,5.19,ICAIL,1993,0,0,2,4,19,0,,A Reduction-Graph Model of Ratio Decidendi,Karl Branting,https://dl.acm.org/doi/pdf/10.1145/158976.158981,conf/icail/Branting93
426,5.18,JURIX,2015,0,3,0,0,6,1,determinacy,Representing the Quality of Crime Scenarios in a Bayesian Network,Charlotte S. Vlek; Henry Prakken; Silja Renooij; Bart Verheij,https://hdl.handle.net/11370/1639d395-f79b-470f-a7a3-14b033d5bee5,conf/jurix/VlekPRV15
427,5.17,ICAIL,2001,0,1,1,4,51,0,,Power: Using UML/OCL for modelling legislation - an application report,Tom M. van Engers,,conf/icail/Engers01
428,5.14,ICAIL,2003,0,1,1,3,84,0,,Logic-Based Regulation Compliance-Assistance,Shawn Kerrigan; Kincho H. Law,,conf/icail/KerriganL03
429,5.13,ICAIL,1991,0,4,0,0,2,0,,Knowledge-Based Approaches to Government Benefits Analysis,Marc Lauritsen,https://dl.acm.org/doi/pdf/10.1145/112646.112659,conf/icail/Lauritsen91
430,5.13,ICAIL,2009,0,4,0,0,2,0,,A proposal for evidential reasoning about motives,Floris Bex; Katie Atkinson,,conf/icail/BexA09
431,5.08,JURIX,2012,0,2,1,1,7,0,,Analysis of legal narratives: a conceptual framework,Giovanni Sileno; Alexander Boer; Tom M. van Engers,https://handle.uba.uva.nl/personal/pure/en/publications/analysis-of-legal-narratives-a-conceptual-framework(0f61bad8-965c-442b-b5d1-fec71637362a).html,conf/jurix/SilenoBE12
432,5.08,JURIX,2015,0,0,0,4,13,3,determinacy,Comprehensive Framework Embracing the Complexity of Statutory Interpretation,Michal Araszkiewicz; Tomasz Zurek,http://ruj.uj.edu.pl/xmlui/handle/item/23449,conf/jurix/AraszkiewiczZ15
433,5.06,DEON,2012,0,2,0,0,8,2,bounded-deontics,Temporal Deontic Logic for the Generalised Chisholm Set of Contrary to Duty Obligations,Dov M. Gabbay,https://orbilu.uni.lu/handle/10993/26116,conf/deon/Gabbay12
434,5.02,JURIX,2022,0,3,0,2,5,0,,Toward an Intelligent Tutoring System for Argument Mining in Legal Texts,Hannes Westermann; Jaromír Savelka; Vern R. Walker; Kevin D. Ashley; Karim Benyekhlef,https://ebooks.iospress.nl/pdf/doi/10.3233/FAIA220456,conf/jurix/WestermannSWAB22
435,5.01,ICAIL,1997,0,1,0,2,21,2,determinacy,The Exploration of Legal Text Corpora with Hierarchical Neural Networks: A Guided Tour in Public International Law,Dieter Merkl; Erich Schweighofer,,conf/icail/MerklS97
436,5.01,JURIX,2023,0,4,0,0,1,0,,"Improving Rationales with Small, Inconsistent and Incomplete Data",Cor Steging; Silja Renooij; Bart Verheij,https://ebooks.iospress.nl/pdf/doi/10.3233/FAIA230945,conf/jurix/StegingRV23
437,5.0,JURIX,2024,0,0,0,0,0,5,bounded-deontics,On Conflicts and Satisfiability in Metric Timed Normative Logics,Karam Younes Kharraz; Gerardo Schneider; Martin Leucker,https://ebooks.iospress.nl/pdf/doi/10.3233/FAIA241260,conf/jurix/KharrazSL24
438,5.0,JURIX,2024,1,0,0,0,0,1,intro-executable,Draft Better Contracts,Cosimo Laneve; Alessandro Parenti; Giovanni Sartor,https://ebooks.iospress.nl/pdf/doi/10.3233/FAIA241237,conf/jurix/LanevePS24
439,5.0,JURIX,2025,0,0,0,0,0,5,bounded-deontics|determinacy,Contrary-to-Duty Rights: From Hohfeld to Agreement Revision,Huimin Dong; Leendert van der Torre; Liuwen Yu,https://doi.org/10.3233/faia251577,conf/jurix/DongTY25
440,5.0,JURIX,2025,1,0,0,0,0,1,determinacy,Defending the Hierarchical Result Models of Precedential Constraint,Henry Prakken; Wijnand van Woerkom,https://doi.org/10.3233/faia251608,conf/jurix/PrakkenW25
441,5.0,JURIX,2025,0,0,0,0,0,5,determinacy,Label Indeterminacy in AI &amp; Law,Cor Steging; Tadeusz Zbiegien,https://doi.org/10.3233/faia251611,conf/jurix/StegingZ25
442,4.95,ICAIL,1995,0,0,0,0,23,4,bounded-deontics,Solving Normative Conflicts by Merging Roles,Laurence Cholvy; Frédéric Cuppens,https://dl.acm.org/doi/pdf/10.1145/222092.222241,conf/icail/CholvyC95
443,4.92,ICAIL,2009,0,3,0,1,12,0,,"The Flood, the Channels and the Dykes: Managing Legal Information in a Globalized and Digital World",Joost Breuker; Pompeu Casanovas; Michel C. A. Klein; Enrico Francesconi,https://ddd.uab.cat/record/138532,conf/icail/BreukerCKF09
444,4.92,ICAIL,2017,0,1,0,0,10,3,bounded-deontics|determinacy,Towards a legal definition of machine intelligence: the argument for artificial personhood in the age of deep learning,Argyro P. Karanasiou; Dimitris A. Pinotsis,http://gala.gre.ac.uk/id/eprint/24182/7/24182%20KARANASIOU_Towards_a_Legal_Definition_of_Machine_Intelligence_2017.pdf,conf/icail/KaranasiouP17
445,4.91,ICAIL,2007,0,1,1,4,21,0,,Towards qualitative approaches to Bayesian evidential reasoning,Jeroen Keppens,,conf/icail/Keppens07
446,4.88,ICAIL,2007,0,0,0,3,12,3,bounded-deontics|determinacy,Visualization and structure analysis of legislative acts: a case study on the law of obligations,Innar Liiv; Anton Vedeshin; Ermo Täks,,conf/icail/LiivVT07
447,4.88,JURIX,2020,0,2,0,0,4,2,determinacy,Interpretations of Support Among Arguments,Liuwen Yu; Réka Markovich; Leendert van der Torre,https://ebooks.iospress.nl/pdf/doi/10.3233/FAIA200863,conf/jurix/YuMT20
448,4.88,JURIX,2024,1,0,0,1,2,0,,Unravelling the ECHR: Components of Legal Case Analysis,Jack Mumford; Katie Atkinson; Trevor J. M. Bench-Capon,https://ebooks.iospress.nl/pdf/doi/10.3233/FAIA241238,conf/jurix/MumfordAB24
449,4.88,JURIX,2024,1,0,0,1,2,0,,A Case-Based-Reasoning Analysis of the COMPAS Dataset,Wijnand van Woerkom; Davide Grossi; Henry Prakken; Bart Verheij,https://ebooks.iospress.nl/pdf/doi/10.3233/FAIA241244,conf/jurix/WoerkomGPV24
450,4.85,ICAIL,2009,0,1,0,6,37,1,intro-executable,NLP-based metadata extraction for legal text consolidation,Pier-Luigi Spinosa; Gerardo Giardiello; Manola Cherubini; Simone Marchi; Giulia Venturi; Simonetta Montemagni,http://puma.isti.cnr.it/dfdownloadnew.php?ident=cnr.ilc/cnr.ilc/2009-A2-032,conf/icail/SpinosaGCMVM09
451,4.85,JURIX,2012,0,3,0,1,9,0,,Comparing Argument Diagrams,Collin F. Lynch; Kevin D. Ashley; Mohammad Hassan Falakmasir,,conf/jurix/LynchAF12
452,4.82,ICAIL,1995,0,1,1,4,15,0,,Automated Legislative Drafting: Generating Paraphrases of Legislation,Radboud Winkels; Nienke den Haan,https://dl.acm.org/doi/pdf/10.1145/222092.222202,conf/icail/WinkelsH95
453,4.82,ICAIL,2011,0,2,0,0,3,2,defeasible-fm,Causal argumentation schemes to support sense-making in clinical genetics and law,Nancy L. Green,,conf/icail/Green11
454,4.81,ICAIL,1989,0,0,2,2,21,0,,The Design of an Attorney&apos;s Statistical Consultant,L. S. Lutomski,https://dl.acm.org/doi/pdf/10.1145/74014.74043,conf/icail/Lutomski89
455,4.81,ICAIL,2011,0,3,0,0,1,1,bounded-deontics,Can temporal representation and reasoning make a difference in automated legal reasoning?: lessons from an AI-based ethical reasoner,Bruce M. McLaren; Kevin D. Ashley,,conf/icail/McLarenA11
456,4.8,ICAIL,2013,0,4,0,0,0,0,,On balance,Marc Lauritsen,,conf/icail/Lauritsen13
457,4.8,ICAIL,2025,0,4,0,0,0,0,,Generating Legal Arguments with Automatically Identified Factor Magnitudes,Morgan A. Gray; Jaromír Savelka; Wesley M. Oliver; Kevin D. Ashley,https://doi.org/10.1145/3769126.3769212,conf/icail/GraySOA25
458,4.79,DEON,2008,0,2,0,1,15,1,bounded-deontics,A Tableaux System for Deontic Action Logic,Pablo F. Castro; T. S. E. Maibaum,,conf/deon/CastroM08
459,4.79,ICAIL,2019,0,3,0,0,51,0,,Building Legal Case Retrieval Systems with Lexical Matching and Summarization using A Pre-Trained Phrase Scoring Model,Vu D. Tran; Minh Le Nguyen; Ken Satoh,https://arxiv.org/pdf/2009.14083,conf/icail/TranNS19
460,4.75,DEON,2004,0,0,2,2,17,0,,Social Laws in Alternating Time,Michael J. Wooldridge,,conf/deon/Wooldridge04
461,4.75,DEON,2012,0,2,0,1,13,1,bounded-deontics,An Embedding of Input-Output Logic in Deontic Logic Programs,Ricardo Gonçalves; José Júlio Alferes,,conf/deon/GoncalvesA12
462,4.74,ICAIL,1995,0,1,1,3,21,0,,Teleological Reasoning in Reason-Based Logic,Jaap Hage,,conf/icail/Hage95
463,4.74,ICAIL,2003,0,1,0,0,5,3,intro-executable,On Original Generation of Structure in Legal Documents,Steven Orla Kimbrough; Thomas Y. Lee; Balaji Padmanabhan; Yinghui Yang,,conf/icail/KimbroughLPY03
464,4.73,ICAIL,2017,0,2,0,5,19,0,,Semantic types for computational legal reasoning: propositional connectives and sentence roles in the veterans&apos; claims dataset,Vern R. Walker; Ji Hae Han; Xiang Ni; Kaneyasu Yoseda,,conf/icail/WalkerHNY17
465,4.69,ICAIL,1989,0,0,1,3,36,1,determinacy,The Treatment of Negation in Logic Programs for Representing Legislation,Robert A. Kowalski,https://dl.acm.org/doi/pdf/10.1145/74014.74016,conf/icail/Kowalski89
466,4.68,ICAIL,1997,0,0,1,11,53,0,,Finding Legally Relevant Passages in Case Opinions,Jody J. Daniels; Edwina L. Rissland,,conf/icail/DanielsR97
467,4.65,JURIX,2009,0,2,0,1,9,1,bounded-deontics,Legal Change Management with a Native XML Repository,Monica Palmirani; Luca Cervone,,conf/jurix/PalmiraniC09
468,4.64,ICAIL,2003,0,0,0,5,55,2,bounded-deontics,Automated Extraction of Normative References in Legal Texts,Monica Palmirani; Raffaella Brighi; Matteo Massini,,conf/icail/PalmiraniBM03
469,4.62,ICAIL,1997,1,0,0,0,7,0,,The Zeno Argumentation Framework,Thomas F. Gordon; Nikos I. Karacapilidis,,conf/icail/GordonK97
470,4.61,ICAIL,2009,0,2,0,0,56,1,cnl,Integrating induction and deduction for finding evidence of discrimination,Dino Pedreschi; Salvatore Ruggieri; Franco Turini,,conf/icail/PedreschiRT09
471,4.61,ICAIL,2015,0,2,0,0,1,2,determinacy,Incorporation of complex doctrinal theories in a model of statutory interpretation: an example of adequate causal link,Michal Araszkiewicz,http://ruj.uj.edu.pl/xmlui/handle/item/13412,conf/icail/Araszkiewicz15
472,4.61,ICAIL,2023,0,2,0,1,8,1,determinacy,Automatic Identification and Empirical Analysis of Legally Relevant Factors,Morgan A. Gray; Jaromír Savelka; Wesley M. Oliver; Kevin D. Ashley,,conf/icail/GraySOA23
473,4.6,ICAIL,2025,0,3,0,0,0,1,bounded-deontics,Curb Your Enthusiasm: Towards a RAG Framework to Forecast Case Importance in the ECHR,David Bareham; Katie Atkinson; Jack Mumford; Jeremy Marshall,https://doi.org/10.1145/3769126.3769238,conf/icail/BarehamAMM25
474,4.58,ICAIL,2019,0,2,0,1,7,1,bounded-deontics,NAI: The Normative Reasoner,Tomer Libal; Alexander Steen,,conf/icail/LibalS19
475,4.58,JURIX,2018,1,0,0,0,6,0,,A Chatbot Framework for the Children&apos;s Legal Centre,Jay Paul Morgan; Adeline Paiement; Monika Seisenberger; Jane Williams; Adam Wyner,https://cronfa.swan.ac.uk/Record/cronfa48384/Download/0048384-22012019170852.pdf,conf/jurix/MorganPSWW18
476,4.54,ICAIL,2021,0,2,0,4,16,0,,"Toward summarizing case decisions via extracting argument issues, reasons, and conclusions",Huihui Xu; Jaromír Savelka; Kevin D. Ashley,,conf/icail/XuSA21
477,4.54,JURIX,2022,1,0,0,0,5,0,,Predicting Outcomes of Italian VAT Decisions,Federico Galli; Giulia Grundler; Alessia Fidelangeli; Andrea Galassi; Francesca Lagioia; Elena Palmieri; Federico Ruggeri; Giovanni Sartor; Paolo Torroni,https://ebooks.iospress.nl/pdf/doi/10.3233/FAIA220465,conf/jurix/GalliGFGLPRST22
478,4.52,ICAIL,2013,0,1,0,1,12,2,bounded-deontics,Modificatory provisions detection: a hybrid NLP approach,Davide Gianfelice; Leonardo Lesmo; Monica Palmirani; Daniele Perlo; Daniele Paolo Radicioni,,conf/icail/GianfeliceLPPR13
479,4.49,JURIX,2020,0,2,0,3,25,0,,Using Argument Mining for Legal Text Summarization,Huihui Xu; Jaromír Savelka; Kevin D. Ashley,https://ebooks.iospress.nl/pdf/doi/10.3233/FAIA200862,conf/jurix/XuSA20
480,4.46,ICAIL,2021,0,1,1,1,1,1,bounded-deontics,Modelling legal procedures,Antonino Rotolo; Clara Smith,,conf/icail/RotoloS21
481,4.45,DEON,2004,0,1,0,3,44,1,bounded-deontics,A Proposal for Dealing with Deontic Dilemmas,Lou Goble,,conf/deon/Goble04
482,4.44,JURIX,2010,0,2,0,1,4,1,determinacy,Generic Problem Solving Tasks and Agent Roles in Public Administration,Alexander Boer; Tom M. van Engers,,conf/jurix/BoerE10
483,4.43,ICAIL,2011,0,1,1,2,16,0,,Reasons and precedent,John F. Horty,,conf/icail/Horty11
484,4.3,DEON,2006,0,1,0,3,26,1,bounded-deontics,A Logical Architecture of a Normative System,Guido Boella; Leendert W. N. van der Torre,http://link.springer.com/chapter/10.1007/11786849_5,conf/deon/BoellaT06
485,4.3,ICAIL,2003,0,2,0,3,13,0,,Classification and Clustering for Case-Based Criminal Summary Judgement,Chao-Lin Liu; Cheng-Tsung Chang; Jim-How Ho,,conf/icail/LiuCH03
486,4.26,ICAIL,1989,0,0,1,8,27,0,,Representing and Reusing Explanations of Legal Precedents,Karl Branting,,conf/icail/Branting89
487,4.25,ICAIL,1987,0,0,0,12,54,1,bounded-deontics,Conceptual Organization of Case Law Knowledge Bases,Carole D. Hafner,,conf/icail/Hafner87
488,4.22,DEON,2014,0,3,0,0,7,0,,Self-governance by Transfiguration: From Learning to Prescriptions,Régis Riveret; Alexander Artikis; Dídac Busquets; Jeremy Pitt,,conf/deon/RiveretABP14
489,4.21,ICAIL,1991,1,0,0,0,1,0,,An Application of the Expert System Shell Sigma-kilagi to the Study of Benefits Regulation of Bologna University,Giovanni Dallara; Carlo Gattei; Giovanni Sartor,,conf/icail/DallaraGS91
490,4.21,JURIX,2013,1,0,0,0,1,0,,Assessing Liability with Argumentation Maps: An Application in Aviation Law,Giuseppe Contissa; Migle Laukyte; Giovanni Sartor; Hanna Schebesta,,conf/jurix/ContissaLSS13
491,4.21,JURIX,2017,1,0,0,0,1,0,,Temporalised Belief Revision in the Law,Luciano H. Tamargo; Diego C. Martínez; Antonino Rotolo; Guido Governatori,https://doi.org/10.3233/978-1-61499-838-9-49,conf/jurix/TamargoMRG17
492,4.21,JURIX,2023,0,0,0,0,1,4,determinacy,Conceptual Structures in Statutory Interpretation,Michal Araszkiewicz,https://ebooks.iospress.nl/pdf/doi/10.3233/FAIA230952,conf/jurix/Araszkiewicz23
493,4.21,JURIX,2025,1,0,0,0,1,0,,A Two-Dimensional Evaluation Framework for Factual and Reasoning Assessment of LLMs in Legal Question Answering,Sinan Gultekin; Matteo Rossi Reich; Francesca Galloni; Francesca Lagioia; Elena Consiglio; Giovanni Sartor; Sara Bagnato,https://doi.org/10.3233/faia251579,conf/jurix/GultekinRGLCSB25
494,4.2,ICAIL,2001,0,1,0,8,61,0,,Improving the representation of legal case texts with information extraction methods,Stefanie Brüninghaus; Kevin D. Ashley,,conf/icail/BruninghausA01
495,4.18,JURIX,2013,0,3,0,0,6,0,,Unfolding Crime Scenarios with Variations: A Method for Building a Bayesian Network for Legal Narratives,Charlotte S. Vlek; Henry Prakken; Silja Renooij; Bart Verheij,https://pure.rug.nl/ws/files/20112098/Jurix_Charlotte_Vlek_UnfoldingCrimeScenarioswithVariations.pdf,conf/jurix/VlekPRV13
496,4.18,JURIX,2022,0,3,0,0,6,0,,Can a Military Autonomous Device Follow International Humanitarian Law?,Tomasz Zurek; Mostafa Mohajeriparizi; Jonathan Kwik; Tom M. van Engers,https://ebooks.iospress.nl/pdf/doi/10.3233/FAIA220479,conf/jurix/ZurekMKE22
497,4.14,JURIX,2008,0,3,0,0,5,0,,Legal Knowledge Representation: A Twofold Experience in the Domain of Intellectual Property Law,Giuseppe Contissa; Migle Laukyte,,conf/jurix/ContissaL08
498,4.13,ICAIL,1997,0,0,1,5,53,0,,Abstracting of Legal Cases: The SALOMON Experience,Marie-Francine Moens; Caroline Uyttendaele; Jos Dumortier,,conf/icail/MoensUD97
499,4.13,JURIX,2009,0,2,0,2,16,0,,Model Regularity of Legal Language in Active Modifications,Monica Palmirani; Raffaella Brighi,,conf/jurix/PalmiraniB09
500,4.11,ICAIL,2009,0,0,1,2,317,0,,"Argumentation mining: the detection, classification and structure of arguments in text",Raquel Mochales Palau; Marie-Francine Moens,https://lirias.kuleuven.be/handle/123456789/234784,conf/icail/PalauM09a
501,4.1,ICAIL,1997,0,1,1,1,16,0,,Automated Drafting of Self-Explaining Documents,Karl Branting; James C. Lester; Charles B. Callaway,https://dl.acm.org/doi/pdf/10.1145/261618.261635,conf/icail/BrantingLC97
502,4.09,DEON,1996,0,0,0,2,56,2,bounded-deontics,"A Modal Approach to Intentions, Commitments and Obligations: Intention plus Commitment Yields Obligation",Frank Dignum; John-Jules Ch. Meyer; Roel J. Wieringa; Ruurd Kuiper,https://ris.utwente.nl/ws/files/6139830/dignum96modal.pdf,conf/deon/DignumMWK96
503,4.08,ICAIL,2007,0,2,0,1,41,0,,"How to capture, model, and verify the knowledge of legal, security, and privacy experts: a pattern-based approach",Luca Compagna; Paul El Khoury; Fabio Massacci; Reshma Thomas; Nicola Zannone,,conf/icail/CompagnaKMTZ07
504,4.05,DEON,2004,0,2,0,2,12,0,,Delegation in a Role-Based Organization,Olga Pacheco; Filipe Santos,,conf/deon/PachecoS04
505,4.05,ICAIL,1987,0,0,1,5,41,0,,A Prolog Model of the Income Tax Act of Canada,D. M. Sherman,,conf/icail/Sherman87
506,4.03,ICAIL,2019,0,0,1,6,25,0,,Extracting the Gist of Chinese Judgments of the Supreme Court,Chao-Lin Liu; Kuan-Chun Chen,,conf/icail/LiuC19
507,4.02,ICAIL,1997,0,3,0,0,3,0,,"Legal Merit Arguments, Legal Semiotics and the Design of Legal Knowledge-Based Systems",James Palmer,https://dl.acm.org/doi/pdf/10.1145/261618.261653,conf/icail/Palmer97
508,4.02,ICAIL,2003,0,2,0,0,7,1,determinacy,Improving Legal Quality - an application report,Tom M. van Engers; Margherita R. Boekenoogen,,conf/icail/EngersB03
509,4.02,ICAIL,2009,0,3,0,0,3,0,,Matching Law Ontologies using an Extended Argumentation Framework based on Confidence Degrees,Cássia Trojahn dos Santos; Paulo Quaresma; Renata Vieira,,conf/icail/SantosQV09
510,4.0,DEON,1996,0,0,1,4,56,0,,"Indirect Action, Influence and Responsibility",Filipe Santos; José Carmo,,conf/deon/SantosC96
511,4.0,ICAIL,1993,0,0,1,6,22,0,,Knowing Documents,Marc Lauritsen,https://dl.acm.org/doi/pdf/10.1145/158976.159000,conf/icail/Lauritsen93
512,4.0,JURIX,2015,1,0,0,0,0,0,,Passing a USA National Bar Exam - a First Experiment,Biralatei Fawei; Adam Z. Wyner; Jeff Z. Pan,,conf/jurix/FaweiWP15
513,4.0,JURIX,2016,0,0,0,0,0,4,bounded-deontics|intro-executable,Describing Legal Policies as Story Tropes in Normative Systems,Matthew Thompson; Julian A. Padget; Ken Satoh,,conf/jurix/ThompsonPS16
514,4.0,JURIX,2020,0,0,0,0,,4,bounded-deontics|intro-executable,Permissioned Blockchains: Towards Privacy Management and Data Regulation Compliance,Paulo Henrique Cardoso Alves; Isabella Zalcberg Frajhof; Fernando A. Correia; Clarisse Sieckenius de Souza; Hélio Lopes,https://ebooks.iospress.nl/pdf/doi/10.3233/FAIA200866,conf/jurix/AlvesFCSL20
515,4.0,JURIX,2022,1,0,0,0,0,0,,Measuring the Complexity of Dutch Legislation,Tim van den Belt; Henry Prakken,https://ebooks.iospress.nl/pdf/doi/10.3233/FAIA220475,conf/jurix/BeltP22
516,4.0,JURIX,2024,0,0,0,0,0,4,bounded-deontics,Conflict Analysis for Timed Contract Automata,Shaun Azzopardi; Gordon J. Pace,https://ebooks.iospress.nl/pdf/doi/10.3233/FAIA241251,conf/jurix/AzzopardiP24
517,4.0,JURIX,2024,1,0,0,0,0,0,,Addressing Causal Puzzles in Law Through Argumentation,Ruta Liepina; Giuseppe Pisano; Giovanni Sartor,https://ebooks.iospress.nl/pdf/doi/10.3233/FAIA241276,conf/jurix/LiepinaPS24
518,4.0,JURIX,2024,1,0,0,0,0,0,,An Application of Case-Based Reasoning to Decision-Making in Dutch Administrative Law,Joep Nouwens; AnneMarie Borg; Henry Prakken,https://ebooks.iospress.nl/pdf/doi/10.3233/FAIA241240,conf/jurix/NouwensBP24
519,4.0,JURIX,2024,1,0,0,0,0,0,,Values and Factor Ascription Arguments,Tomasz Zurek; Adam Z. Wyner; Trevor J. M. Bench-Capon,https://ebooks.iospress.nl/pdf/doi/10.3233/FAIA241249,conf/jurix/ZurekWB24
520,4.0,JURIX,2025,0,0,0,0,0,4,bounded-deontics|intro-executable,Accountability as a Software Engineering Tool for Multi-Agent Systems,Matteo Baldoni; Cristina Baroglio; Roberto Micalizio; Stefano Tedeschi,https://doi.org/10.3233/faia251596,conf/jurix/BaldoniBM025
521,3.98,ICAIL,2013,0,0,1,4,53,0,,Toward constructing evidence-based legal arguments using legal decision documents and machine learning,Kevin D. Ashley; Vern R. Walker,,conf/icail/AshleyW13
522,3.97,JURIX,2021,0,2,0,2,9,0,,An Analytical Study of Algorithmic and Expert Summaries of Legal Cases,Aniket Deroy; Paheli Bhattacharya; Kripabandhu Ghosh; Saptarshi Ghosh,https://ebooks.iospress.nl/pdf/doi/10.3233/FAIA210322,conf/jurix/DeroyBG021
523,3.96,ICAIL,1995,0,0,1,5,30,0,,Doing Things with Factors,Vincent Aleven; Kevin D. Ashley,,conf/icail/AlevenA95
524,3.96,ICAIL,2007,0,2,0,1,28,0,,Semantic enhancement for legal information retrieval: Iuriservice performance,Nuria Casellas; Pompeu Casanovas; Joan-Josep Vallbé; Marta Poblet; Mercedes Blázquez; Jesús Contreras; José Manuel López Cobo; V. Richard Benjamins,,conf/icail/CasellasCVPBCCB07
525,3.95,ICAIL,2019,0,1,0,0,11,2,cnl,Explainable Bayesian Network Query Results via Natural Language Generation Systems,Jeroen Keppens,,conf/icail/Keppens19
526,3.94,DEON,2014,0,2,0,0,5,1,bounded-deontics,For a Dynamic Semantics of Necessity Deontic Modals,Alessandra Marra,,conf/deon/Marra14
527,3.94,ICAIL,1995,0,0,1,5,28,0,,A Constraint-Driven System for Contract Assembly,Aspassia Daskalopulu; Marek J. Sergot,https://dl.acm.org/doi/pdf/10.1145/222092.222130,conf/icail/DaskalopuluS95
528,3.93,ICAIL,1995,0,2,0,1,25,0,,New HELIC-II: A Software Tool for Legal Eeasoning,Katsumi Nitta; Masato Shibasaki; Tsuyoshi Sakata; Takahiro Yamaji; Wang Xianchang; Hiroshi Ohsaki; Satoshi Tojo; Iwao Kokubo; T. Anu Suzuki,https://dl.acm.org/doi/pdf/10.1145/222092.222260,conf/icail/NittaSSYXOTKS95
529,3.92,ICAIL,2017,0,2,0,1,24,0,,CLIEL: context-based information extraction from commercial law documents,Matias Garcia-Constantino; Katie Atkinson; Danushka Bollegala; Karl Chapman; Frans Coenen; Claire Roberts; Katy Robson,,conf/icail/Garcia-Constantino17
530,3.91,ICAIL,1987,0,0,0,8,46,1,determinacy,A Connectionist Approach to Conceptual Information Retrieval,Richard K. Belew,https://dl.acm.org/doi/pdf/10.1145/41735.41749,conf/icail/Belew87
531,3.9,ICAIL,1989,0,0,1,5,24,0,,PROLEXS Divide and Rule: A Legal Application,Anja Oskamp; R. F. Walker; J. A. Schrickx; P. H. van den Berg,https://dl.acm.org/doi/pdf/10.1145/74014.74022,conf/icail/OskampWSB89
532,3.87,JURIX,2008,0,1,0,2,13,1,intro-executable,Formal Aspects of Legislative Meta-Drafting,Carlo Biagioli; Davide Grossi,,conf/jurix/BiagioliG08
533,3.86,ICAIL,1993,0,0,1,5,21,0,,FLEXICON: An Evaluation of a Statistical Ranking Model Adapted to Intelligent Legal Text Management,Daphne Gelbart; J. C. Smith,https://dl.acm.org/doi/pdf/10.1145/158976.158994,conf/icail/GelbartS93
534,3.86,ICAIL,2001,0,1,0,0,8,2,bounded-deontics,Norms and time in agent-based systems,Tiberiu Stratulat; Françoise Clérin-Debart; Patrice Enjalbert,,conf/icail/StratulatCE01
535,3.86,ICAIL,2023,0,0,1,2,4,1,determinacy,Computational Accountability,Joris Hulstijn,https://dl.acm.org/doi/pdf/10.1145/3594536.3595122,conf/icail/Hulstijn23
536,3.85,ICAIL,1991,0,1,0,1,37,1,intro-executable,Norms and Formalization,Henning Herrestad,,conf/icail/Herrestad91
537,3.85,JURIX,2023,0,2,0,1,19,0,,From Text to Structure: Using Large Language Models to Support the Development of Legal Expert Systems,Samyar Janatian; Hannes Westermann; Jinzhe Tan; Jaromír Savelka; Karim Benyekhlef,https://ebooks.iospress.nl/pdf/doi/10.3233/FAIA230962,conf/jurix/JanatianWTSB23
538,3.83,DEON,2006,0,0,0,3,10,2,bounded-deontics,Conflicting Obligations in Multi-agent Deontic Logic,Barteld P. Kooi; Allard M. Tamminga,,conf/deon/KooiT06
539,3.83,ICAIL,2017,0,1,0,5,53,0,,"A low-cost, high-coverage legal named entity recognizer, classifier and linker",Cristian Cardellino; Milagro Teruel; Laura Alonso Alemany; Serena Villata,https://hal.archives-ouvertes.fr/hal-01541446/file/main.pdf,conf/icail/CardellinoTAV17
540,3.82,ICAIL,1997,0,0,1,1,12,1,intro-executable,The Other Formalization of Law: SGML Modelling and Tagging,Daniel Poulin; Guy Huard; Alain Lavoie,https://dl.acm.org/doi/pdf/10.1145/261618.261637,conf/icail/PoulinHL97
541,3.82,JURIX,2019,0,2,0,2,5,0,,PrOnto Ontology Refinement Through Open Knowledge Extraction,Monica Palmirani; Giorgia Bincoletto; Valentina Leone; Salvatore Sapienza; Francesco Sovrano,https://doi.org/10.3233/faia190326,conf/jurix/PalmiraniBLSS19
542,3.81,ICAIL,1989,0,0,0,8,32,1,determinacy,Toward a Computational Theory of Arguing with Precedents,Kevin D. Ashley,https://dl.acm.org/doi/pdf/10.1145/74014.74028,conf/icail/Ashley89
543,3.81,JURIX,2022,0,3,0,0,1,0,,The LegAi Editor: A Tool for the Construction of Legal Knowledge Bases,Tomer Libal,https://ebooks.iospress.nl/pdf/doi/10.3233/FAIA220482,conf/jurix/Libal22
544,3.81,JURIX,2023,0,3,0,0,1,0,,Answer Set Programming for Legal Decision Support and Explanation,Daniele Theseider Dupré,https://ebooks.iospress.nl/pdf/doi/10.3233/FAIA230994,conf/jurix/Dupre23
545,3.75,ICAIL,2001,0,0,1,5,14,0,,A cognitive approach to judicial opinion structure: applying domain expertise to component analysis,Jack G. Conrad; Daniel P. Dabney,,conf/icail/ConradD01
546,3.75,JURIX,2008,0,0,0,2,17,2,determinacy,Towards Semantic Interpretation of Legal Modifications through Deep Syntactic Analysis,Raffaella Brighi; Leonardo Lesmo; Alessandro Mazzei; Monica Palmirani; Daniele Paolo Radicioni,,conf/jurix/BrighiLMPR08
547,3.74,ICAIL,2011,0,1,0,0,5,2,bounded-deontics,Modelling semantic profiles in legislative documents for enhanced norm accessibility,Tommaso Agnoloni; Enrico Francesconi,,conf/icail/AgnoloniF11
548,3.73,ICAIL,1993,0,0,0,3,7,2,cnl,CHINATAX: Exploring Isomorphism with Chinese Law,Graham Brown,https://dl.acm.org/doi/pdf/10.1145/158976.158998,conf/icail/Brown93
549,3.73,JURIX,2018,0,2,0,0,2,1,cnl,A Tool to Highlight Weaknesses and Strengthen Cases: CISpaces.org,Federico Cerutti; Timothy J. Norman; Alice Toniolo,https://doi.org/10.3233/978-1-61499-935-5-186,conf/jurix/CeruttiNT18
550,3.72,DEON,2006,0,1,0,5,36,0,,Counts-as: Classification or Constitution? An Answer Using Modal Logic,Davide Grossi; John-Jules Ch. Meyer; Frank Dignum,https://dspace.library.uu.nl/handle/1874/19680,conf/deon/GrossiMD06
551,3.72,ICAIL,2009,0,0,0,6,47,1,determinacy,The network of French legal codes,Pierre Mazzega; Danièle Bourcier; Romain Boulet,https://arxiv.org/pdf/1204.6284,conf/icail/MazzegaBB09
552,3.71,DEON,2012,0,0,0,2,15,2,bounded-deontics,The Logic of Obligation as Weakest Permission - (Short Version),Olivier Roy; Albert J. J. Anglberger; Norbert Gratzl,,conf/deon/RoyAG12
553,3.65,JURIX,2009,0,0,0,2,12,2,bounded-deontics,Prescriptive and Descriptive Obligations in Dynamic Epistemic Deontic Logic,Guillaume Aucher; Guido Boella; Leendert W. N. van der Torre,https://inria.hal.science/inria-00556080,conf/jurix/AucherBT09
554,3.62,ICAIL,2023,0,1,0,0,3,2,determinacy,The Dutch Law as a Semantic Role Labeling Dataset,Romy A. N. van Drie; Maaike H. T. de Boer; Roos M. Bakker; Ioannis Tolios; Daan Vos,,conf/icail/DrieBBTV23
555,3.6,DEON,2010,0,3,0,0,0,0,,"Relationships between Actions Performed by Institutional Agents, Human Agents or Software Agents",Robert Demolombe,,conf/deon/Demolombe10
556,3.6,ICAIL,1993,0,0,0,2,10,2,determinacy,Can Legal Knowledge be Derived from Legal Texts?,Vassilis Konstantinou; John Sykes; Georgios N. Yannopoulos,,conf/icail/KonstantinouSY93
557,3.6,ICAIL,1995,0,0,1,3,26,0,,ON-LINE: An Architecture for Modelling Legal Information,André Valente; Joost Breuker,,conf/icail/ValenteB95
558,3.6,ICAIL,2025,0,3,0,0,0,0,,Finding the Goldilocks Zone: Retrieving Citation Context,Jack Mumford; David Bareham; Katie Atkinson; Jeremy Marshall,https://doi.org/10.1145/3769126.3769261,conf/icail/MumfordBAM25
559,3.59,DEON,2004,0,0,1,1,5,1,bounded-deontics,Conflicting Imperatives and Dyadic Deontic Logic,Jörg Hansen,,conf/deon/Hansen04
560,3.53,DEON,2006,0,1,0,0,2,2,bounded-deontics|defeasible-fm,Permissions and Uncontrollable Propositions in DSDL3: Non-monotonicity and Algorithms,Souhila Kaci; Leendert W. N. van der Torre,,conf/deon/KaciT06
561,3.53,DEON,2010,0,1,0,0,2,2,bounded-deontics|defeasible-fm,Axioms for Obligation and Robustness with Temporal Logic,Tim French; John Christopher McCabe-Dansted; Mark Reynolds,,conf/deon/FrenchMR10
562,3.51,ICAIL,1997,0,0,1,3,19,0,,Knowledge Discovery in the Split Up Project,John Zeleznikow; Andrew Stranieri,https://dl.acm.org/doi/pdf/10.1145/261618.261638,conf/icail/ZeleznikowS97
563,3.5,ICAIL,2009,0,1,0,5,17,0,,Segmentation of legal documents,Eneldo Loza Mencía,http://www.ke.informatik.tu-darmstadt.de/publications/papers/loza09segmentation.pdf,conf/icail/Mencia09
564,3.49,ICAIL,1989,0,0,1,3,18,0,,The Latent Damage System: A Jurisprudential Analysis,Richard E. Susskind,,conf/icail/Susskind89
565,3.49,JURIX,2020,0,1,0,2,3,1,intro-executable,A Taxonomy for the Representation of Privacy and Data Control Signals,Kartik Chawla; Joris Hulstijn,https://ebooks.iospress.nl/pdf/doi/10.3233/FAIA200846,conf/jurix/ChawlaH20
566,3.48,DEON,2008,0,2,0,0,35,0,,Reasoning about Conditions and Exceptions to Laws in Regulatory Conformance Checking,Nikhil Dinesh; Aravind K. Joshi; Insup Lee; Oleg Sokolsky,,conf/deon/DineshJLS08
567,3.48,ICAIL,2007,0,1,0,4,26,0,,Terminological and ontological analysis of European directives: multilinguism in law,Gianmaria Ajani; Leonardo Lesmo; Guido Boella; Alessandro Mazzei; Piercarlo Rossi,,conf/icail/AjaniLBMR07
568,3.45,ICAIL,2015,0,1,0,6,9,0,,Transfer of predictive models for classification of statutory texts in multi-jurisdictional settings,Jaromír Savelka; Kevin D. Ashley,,conf/icail/SavelkaA15
569,3.44,ICAIL,2023,0,2,0,1,4,0,,"Analogical Reasoning, Generalization, and Rule Learning for Common Law Reasoning",Joseph A. Blass; Kenneth D. Forbus,,conf/icail/BlassF23
570,3.44,JURIX,2021,0,2,0,1,4,0,,Identification of Contradictions in Regulation,Michal Araszkiewicz; Enrico Francesconi; Tomasz Zurek,https://ebooks.iospress.nl/pdf/doi/10.3233/FAIA210331,conf/jurix/AraszkiewiczFZ21
571,3.43,ICAIL,2001,0,1,0,5,13,0,,Acknowledging insufficiency in the evaluation of legal knowledge-based systems: Strategies towards a broad based evaluation model,Jean Hall; John Zeleznikow,,conf/icail/HallZ01
572,3.42,ICAIL,2015,0,2,0,0,29,0,,Tax non-compliance detection using co-evolution of tax evasion risk and audit likelihood,Erik Hemberg; Jacob B. Rosen; Geoff Warner; Sanith Wijesinghe; Una-May O&apos;Reilly,,conf/icail/HembergRWWO15
573,3.42,JURIX,2016,0,0,0,2,5,2,bounded-deontics|determinacy,Reasoning About Partial Contracts,Shaun Azzopardi; Albert Gatt; Gordon J. Pace,https://www.um.edu.mt/library/oar//handle/123456789/22368,conf/jurix/AzzopardiGP16
574,3.42,JURIX,2025,0,0,0,0,3,3,determinacy,Does ChatGPT Understand the Law? A Case Study on Road Homicide in Italy,Grazia Garzo; Alessandro Palumbo,https://doi.org/10.3233/faia251578,conf/jurix/GarzoP25
575,3.4,ICAIL,2021,0,2,0,0,0,1,bounded-deontics,Pathways to legal dynamics in robotics,Antonino Rotolo; Luciano H. Tamargo; Diego C. Martínez,,conf/icail/RotoloTM21
576,3.4,ICAIL,2025,0,2,0,0,0,1,determinacy,On Compatibility between Situation Outcome Cases and Logical Cases,Wachara Fungwacharakorn; Guilherme Paulino-Passos; Bart Verheij; Ken Satoh,https://doi.org/10.1145/3769126.3769211,conf/icail/Fungwacharakorn25
577,3.4,ICAIL,2025,0,2,0,0,0,1,determinacy,Deep Interaction Timing: FOL-based Complexity Differentiation for Legal Queries,Tong Zhang; Yiquan Wu; Rujing Yao; Qianyu Zhang; Changlong Sun; Chenghao Wang; Xiaozhong Liu,https://doi.org/10.1145/3769126.3769248,conf/icail/Zhang0YZSWL25
578,3.4,JURIX,2023,0,2,0,0,0,1,bounded-deontics,Evaluating Methods for Setting a Prior Probability of Guilt,Ludi van Leeuwen; Bart Verheij; Rineke Verbrugge; Silja Renooij,https://ebooks.iospress.nl/pdf/doi/10.3233/FAIA230946,conf/jurix/LeeuwenVVR23
579,3.39,ICAIL,2005,0,1,0,3,36,0,,Cross-lingual legal information retrieval using a WordNet architecture,Luca Dini; Doris Liebwald; Laurens Mommers; Wim Peters; Erich Peters; Wim Voermans,https://scholarlypublications.universiteitleiden.nl/access/item%3A2867420/view,conf/icail/DiniLMPPV05
580,3.38,JURIX,2022,0,1,0,1,7,1,determinacy,An Argumentation and Ontology Based Legal Support System for AI Vehicle Design,Yiwei Lu; Zhe Yu; Yuhui Lin; Burkhard Schafer; Andrew Ireland; Lachlan Urquhart,https://ebooks.iospress.nl/pdf/doi/10.3233/FAIA220469,conf/jurix/LuYLSIU22
581,3.37,ICAIL,2021,0,1,0,4,18,0,,"Lex Rosetta: transfer of predictive models across languages, jurisdictions, and legal domains",Jaromír Savelka; Hannes Westermann; Karim Benyekhlef; Charlotte S. Alexander; Jayla C. Grant; David Restrepo Amariles; Rajaa El Hamdani; Sébastien Meeùs; Aurore Clément Troussel; Michal Araszkiewicz; Kevin D. Ashley; Alexandra Ashley; Karl Branting; Mattia Falduti; Matthias Grabmair; Jakub Harasta; Tereza Novotná; Elizabeth Tippett; Shiwanni Johnson,https://dl.acm.org/doi/pdf/10.1145/3462757.3466149,conf/icail/SavelkaWBAGAHMT21
582,3.37,JURIX,2020,0,0,0,1,14,2,determinacy,Topic Modelling Brazilian Supreme Court Lawsuits,Pedro Henrique Luz de Araujo; Teófilo E. de Campos,https://ebooks.iospress.nl/pdf/doi/10.3233/FAIA200855,conf/jurix/AraujoC20
583,3.37,JURIX,2023,0,2,0,1,3,0,,A Legal System to Modify Autonomous Vehicle Designs in Transnational Contexts,Yiwei Lu; Zhe Yu; Yuhui Lin; Burkhard Schafer; Andrew Ireland; Lachlan Urquhart,https://ebooks.iospress.nl/pdf/doi/10.3233/FAIA230986,conf/jurix/LuYL0IU23
584,3.35,ICAIL,1989,0,1,0,4,17,0,,Taking Advantage of Models for Legal Classification,David B. Skalak,https://dl.acm.org/doi/pdf/10.1145/74014.74044,conf/icail/Skalak89
585,3.33,ICAIL,2007,0,0,1,2,23,0,,Licensing digital content with a generic ontology: escaping from the jungle of rights expression languages,Nadia Nadah; Mélanie Dulong de Rosnay; Bruno Bachimont,https://shs.hal.science/halshs-00631605,conf/icail/NadahRB07
586,3.33,ICAIL,2019,0,0,0,0,84,2,bounded-deontics|determinacy,Human intervention in automated decision-making: Toward the construction of contestable systems,Marco Almada,,conf/icail/Almada19
587,3.33,ICAIL,2021,0,0,0,0,2,3,cnl,Plum2Text: a french plumitifs-descriptions data-to-text dataset for natural language generation,Nicolas Garneau; Eve Gaumond; Luc Lamontagne; Pierre-Luc Déziel,,conf/icail/GarneauGLD21
588,3.3,JURIX,2020,0,1,0,3,26,0,,Events Matter: Extraction of Events from Court Decisions,Erwin Filtz; María Navas-Loro; Cristiana Teixeira Santos; Axel Polleres; Sabrina Kirrane,https://ebooks.iospress.nl/pdf/doi/10.3233/FAIA200847,conf/jurix/FiltzNSPK20
589,3.29,DEON,2008,0,1,0,0,37,1,bounded-deontics,"Praise, Blame, Obligation, and Beyond: Toward a Framework for Classical Supererogation and Kin",Paul McNamara,,conf/deon/McNamara08
590,3.29,ICAIL,2013,0,1,0,1,5,1,determinacy,A relational approach for information retrieval on XML legal sources,Nada Mimouni; Meritxell Fernández; Adeline Nazarenko; Danièle Bourcier; Sylvie Salotti,,conf/icail/MimouniFNBS13
591,3.28,ICAIL,1995,0,2,0,1,2,0,,Making Way for Intelligence in Case Space,Philip Greenspun; Marc Lauritsen,https://dl.acm.org/doi/pdf/10.1145/222092.222150,conf/icail/GreenspunL95
592,3.25,ICAIL,2009,0,1,0,3,22,0,,NLP-based extraction of modificatory provisions semantics,Alessandro Mazzei; Daniele Paolo Radicioni; Raffaella Brighi,http://portal.acm.org/citation.cfm?id=1568234.1568241&coll=GUIDE&dl=ACM&CFID=76462656&CFTOKEN=36974134,conf/icail/MazzeiRB09
593,3.24,DEON,2012,0,1,0,1,4,1,bounded-deontics,Discussion Paper: Changing Norms Is Changing Obligation Change,Jan M. Broersen; Dov M. Gabbay; Leendert W. N. van der Torre,,conf/deon/BroersenGT12
594,3.23,ICAIL,2019,0,0,0,12,50,0,,Automatic Summarization of Legal Decisions using Iterative Masking of Predictive Sentences,Linwu Zhong; Ziyi Zhong; Zinian Zhao; Siyuan Wang; Kevin D. Ashley; Matthias Grabmair,,conf/icail/ZhongZZWAG19
595,3.23,JURIX,2021,0,1,0,4,11,0,,Accounting for Sentence Position and Legal Domain Sentence Embedding in Learning to Classify Case Sentences,Huihui Xu; Jaromír Savelka; Kevin D. Ashley,https://ebooks.iospress.nl/pdf/doi/10.3233/FAIA210314,conf/jurix/XuSA21
596,3.21,ICAIL,2013,0,2,0,0,14,0,,A well-founded ontological framework for modeling personal income tax,Isabella Distinto; Nicola Guarino; Claudio Masolo,,conf/icail/DistintoGM13
597,3.21,ICAIL,2025,0,0,0,0,1,3,determinacy,Using Interpretability to Uncover Legal Petition Structures and Optimize Text Classification,Vitor Almeida; Rilder S. Pires; João A. Monteiro Neto; Vasco Furtado,https://doi.org/10.1145/3769126.3769239,conf/icail/AlmeidaPNF25
598,3.21,JURIX,2023,0,0,0,0,1,3,bounded-deontics|intro-executable,Towards a Purpose-Based Access Control Model Derived from the Purpose Limitation Principle,Milen G. Kebede; L. Thomas van Binsbergen; Tom M. van Engers; Dannis G. van Vuurden,https://ebooks.iospress.nl/pdf/doi/10.3233/FAIA230958,conf/jurix/KebedeBEV23
599,3.21,JURIX,2025,0,0,0,0,1,3,determinacy,Automated Extraction of Judicial Interpretative Formulas in EU Case Law on VAT,Giulia Grundler; Piera Santin; Alessia Fidelangeli; Rachele Mignone; Federico Galli; Andrea Galassi; Giuseppe Contissa; Luigi Di Caro; Paolo Torroni,https://doi.org/10.3233/faia251600,conf/jurix/GrundlerSFMGGCC25
600,3.2,ICAIL,1991,0,0,0,12,45,0,,Toward an Intelligent Tutoring System for Teaching Law Students to Argue with Cases,Kevin D. Ashley; Vincent Aleven,https://dl.acm.org/doi/pdf/10.1145/112646.112651,conf/icail/AshleyA91
601,3.2,ICAIL,2025,0,1,0,0,0,2,bounded-deontics|defeasible-fm,Logical Modalities within the European AI Act: An Analysis,Lara Lawniczak; Christoph Benzmüller,https://doi.org/10.1145/3769126.3769202,conf/icail/LawniczakB25
602,3.2,ICAIL,2025,0,1,0,0,0,2,bounded-deontics|defeasible-fm,Cross-Border Legal Adaptation of Autonomous Vehicle Design based on Logic and Non-monotonic Reasoning,Zhe Yu; Yiwei Lu; Burkhard Schafer; Zhe Lin,https://doi.org/10.1145/3769126.3769258,conf/icail/YuL0L25
603,3.2,JURIX,2021,0,1,0,0,0,2,bounded-deontics,Cause of Action and the Right to Know. A Formal Conceptual Analysis of the Texas Senate Bill 25 Case,Réka Markovich; Olivier Roy,https://ebooks.iospress.nl/pdf/doi/10.3233/FAIA210340,conf/jurix/MarkovichR21
604,3.19,JURIX,2014,0,0,1,3,6,0,,Scientia Juris: A Missing Link in the Modelling of Statutory Reasoning,Michal Araszkiewicz,http://ruj.uj.edu.pl/xmlui/handle/item/12601,conf/jurix/Araszkiewic14
605,3.18,ICAIL,1993,0,1,0,3,17,0,,A Computational Model for Trial Reasoning,Katsumi Nitta; Stephen T. C. Wong; Yoshihisa Ohtake,,conf/icail/NittaWO93
606,3.18,ICAIL,2021,0,0,0,1,7,2,cnl,Constraint answer set programming as a tool to improve legislative drafting: a rules as code experiment,Jason Morris,https://ink.library.smu.edu.sg/ccla/7,conf/icail/Morris21
607,3.17,JURIX,2009,0,2,0,0,12,0,,Application of an Ontology-Based Model to a Selected Fraudulent Disbursement Economic Crime,Jaroslaw Bak; Czeslaw Jedrzejek,,conf/jurix/BakJ09
608,3.14,ICAIL,1991,0,1,0,3,15,0,,The DataLex Legal Workstation: Integrating Tools for Lawyers,Graham Greenleaf; Andrew Mowbray; Alan Tyree,https://dl.acm.org/doi/pdf/10.1145/112646.112673,conf/icail/GreenleafMT91
609,3.13,ICAIL,2021,0,0,0,7,132,0,,"When does pretraining help?: assessing self-supervised learning for law and the CaseHOLD dataset of 53, 000+ legal holdings",Lucia Zheng; Neel Guha; Brandon R. Anderson; Peter Henderson; Daniel E. Ho,https://doi.org/10.1145/3462757.3466088,conf/icail/ZhengGA0H21
610,3.1,ICAIL,1997,0,1,0,0,19,1,determinacy,On Modeling Creativity in Legal Reasoning,Bipin Indurkhya,https://dl.acm.org/doi/pdf/10.1145/261618.261651,conf/icail/Indurkhya97
611,3.1,JURIX,2023,0,1,0,3,13,0,,Can GPT Alleviate the Burden of Annotation?,Morgan A. Gray; Jaromír Savelka; Wesley M. Oliver; Kevin D. Ashley,https://ebooks.iospress.nl/pdf/doi/10.3233/FAIA230961,conf/jurix/GraySOA23
612,3.09,ICAIL,1989,0,0,0,1,5,2,determinacy,Amalgamating Regulation- and Case-Based Advice Systems Through Suggested Answers,David E. Wolstenholme,https://dl.acm.org/doi/pdf/10.1145/74014.74023,conf/icail/Wolstenholme89
613,3.09,JURIX,2016,0,0,0,3,25,1,bounded-deontics,Extending Full Text Search for Legal Document Collections Using Word Embeddings,Jörg Landthaler; Bernhard Waltl; Patrick Holl; Florian Matthes,,conf/jurix/LandthalerWHM16
614,3.07,ICAIL,1987,0,0,0,10,46,0,,Designing Text Retrieval Systems for Conceptual Searching,J. Bing,https://dl.acm.org/doi/pdf/10.1145/41735.41741,conf/icail/Bing87
615,3.06,ICAIL,2003,0,2,0,0,8,0,,Visualizing Association Rules for feedback within the legal system,Sasha Ivkovic; John Yearwood; Andrew Stranieri,,conf/icail/IvkovicYS03
616,3.06,JURIX,2021,0,2,0,0,8,0,,Data-Centric Machine Learning: Improving Model Performance and Understanding Through Dataset Analysis,Hannes Westermann; Jaromír Savelka; Vern R. Walker; Kevin D. Ashley; Karim Benyekhlef,https://ebooks.iospress.nl/pdf/doi/10.3233/FAIA210316,conf/jurix/WestermannSWAB21
617,3.05,ICAIL,2007,0,0,0,8,73,0,,Semantics-based legal citation network,Paul Zhang; Lavanya Koppaka,,conf/icail/ZhangK07
618,3.04,JURIX,2018,0,0,0,3,21,1,bounded-deontics,Classifying Semantic Types of Legal Sentences: Portability of Machine Learning Models,Ingo Glaser; Elena Scepankova; Florian Matthes,https://doi.org/10.3233/978-1-61499-935-5-61,conf/jurix/GlaserSM18
619,3.03,JURIX,2009,0,1,0,3,10,0,,An Approach to Legal Rules Modelling and Automatic Learning,Enrico Francesconi,,conf/jurix/Francesconi09
620,3.02,JURIX,2014,0,0,1,1,24,0,,Towards Measures of Complexity: Applying Structural and Linguistic Metrics to German Laws,Bernhard Waltl; Florian Matthes,,conf/jurix/WaltlM14
621,3.01,DEON,2006,0,1,0,0,14,1,bounded-deontics,Delegation of Power in Normative Multiagent Systems,Guido Boella; Leendert W. N. van der Torre,http://link.springer.com/chapter/10.1007/11786849_6,conf/deon/BoellaT06a
622,3.01,DEON,2006,0,0,0,2,43,1,bounded-deontics,The Deontic Component of Action Language nC+,Marek J. Sergot; Robert Craven,,conf/deon/SergotC06
623,3.01,JURIX,2010,0,1,0,0,14,1,intro-executable,Intuitionistic Logic and Legal Ontologies,Edward Hermann Haeusler; Valeria de Paiva; Alexandre Rademaker,,conf/jurix/HaeuslerPR10
624,3.0,DEON,2025,0,0,0,0,,3,bounded-deontics,Connecting Free-Choice Permission with Obligation and Prohibition by Not Doing It,Zilu Wang; Yanjing Wang,,conf/deon/Wang025
625,3.0,ICAIL,1991,0,1,0,3,9,0,,On the Role of Prototypes in Appellate Legal Argument (Abstract),L. Thorne McCarty,https://dl.acm.org/doi/pdf/10.1145/112646.112668,conf/icail/McCarty91
626,3.0,JURIX,2010,0,0,0,0,0,3,bounded-deontics,Reasoning about Normative Systems,Wiebe van der Hoek,,conf/jurix/Hoek10
627,3.0,JURIX,2023,0,0,0,0,0,3,bounded-deontics,Assisted Normative Reasoning with Aristotelian Diagrams,Kathrin Hanauer; Tereza Novotná; Matteo Pascucci,https://ebooks.iospress.nl/pdf/doi/10.3233/FAIA230949,conf/jurix/HanauerNP23
628,3.0,JURIX,2024,0,0,0,0,0,3,determinacy,Case Frames and Case-Based Arguments in Statutory Interpretation,Michal Araszkiewicz,https://ebooks.iospress.nl/pdf/doi/10.3233/FAIA241229,conf/jurix/Araszkiewicz24
629,3.0,JURIX,2025,0,0,0,0,0,3,bounded-deontics|cnl|intro-executable,A Systematic Approach to Assess Languages Proposed for Rules as Code,Sofia Ali; Giovanni Sileno; Tom M. van Engers,https://doi.org/10.3233/faia251595,conf/jurix/AliSE25
630,3.0,JURIX,2025,0,0,0,0,0,3,bounded-deontics|defeasible-fm,Normative Risk Assessment in the AI Act,Beatrice Ferrigno; Marco Billi; Yasaman Yousefi; Antonino Rotolo,https://doi.org/10.3233/faia251619,conf/jurix/FerrignoBYR25
631,3.0,JURIX,2025,0,0,0,0,0,3,determinacy,A Self-Supervised Method for Legal Reference Resolution,Simon Horvát; Dávid Varga; Peter Gurský; Nicol Fedurcová; Samuel Baran; Zoltán Szoplák,https://doi.org/10.3233/faia251601,conf/jurix/HorvatVGFBS25
632,3.0,JURIX,2025,0,0,0,0,0,3,determinacy,Foundations for Territorial Disambiguation in Law: A Preliminary Study Using the Education Act 2005,Safia Kanwal; Livio Robaldo; Hafsa Dar; Davide Liga; Joseph K. Anim,https://doi.org/10.3233/faia251622,conf/jurix/KanwalRDLA25
633,2.98,ICAIL,2013,0,1,0,2,19,0,,A model-based approach to the automatic revision of secondary legislation,Tingting Li; Tina Balke; Marina De Vos; Julian A. Padget; Ken Satoh,https://purehost.bath.ac.uk/ws/files/17548286/icail_CRC_submitted.pdf,conf/icail/LiBVPS13
634,2.98,ICAIL,2023,0,1,0,1,59,0,,Pre-trained Language Models for the Legal Domain: A Case Study on Indian Law,Shounak Paul; Arpan Mandal; Pawan Goyal; Saptarshi Ghosh,,conf/icail/PaulM0023
635,2.97,ICAIL,2017,0,1,0,0,12,1,bounded-deontics,AI-supported decision-making under the general data protection regulation,Maja Brkan,,conf/icail/Brkan17
636,2.96,DEON,2014,0,1,0,2,18,0,,&quot;Sing and Dance!&quot; - Input/Output Logics without Weakening,Xavier Parent; Leendert W. N. van der Torre,http://orbilu.uni.lu/handle/10993/24914,conf/deon/ParentT14
637,2.96,ICAIL,2003,0,0,0,8,54,0,,Automatic Summarisation of Legal Documents,Claire Grover; Ben Hachey; Ian Hughson; Chris Korycinski,https://www.research.ed.ac.uk/files/18764032/Grover_Hachey_ET_AL_2003_Automatic_Summarisation_of_Legal_Documents.pdf,conf/icail/GroverHHK03
638,2.96,ICAIL,2011,0,1,0,2,18,0,,"A corpus of Australian contract language: description, profiling and analysis",Michael Curtotti; Eric McCreath,http://cs.anu.edu.au/people/Eric.McCreath/papers/contractcorpusICAIL2011.pdf,conf/icail/CurtottiM11
639,2.95,DEON,2008,0,1,0,0,11,1,bounded-deontics,Specifying Intrusion Detection and Reaction Policies: An Application of Deontic Logic,Nora Cuppens-Boulahia; Frédéric Cuppens,,conf/deon/Cuppens-BoulahiaC08
640,2.95,DEON,2008,0,1,0,0,11,1,bounded-deontics,On the Strong Completeness of Åqvist&apos;s Dyadic Deontic Logic G,Xavier Parent,,conf/deon/Parent08
641,2.95,ICAIL,2021,0,1,0,0,11,1,determinacy,A dataset for evaluating legal question answering on private international law,Francesco Sovrano; Monica Palmirani; Biagio Distefano; Salvatore Sapienza; Fabio Vitali,https://cris.unibo.it/bitstream/11585/829241/4/open_manuscript.pdf,conf/icail/SovranoPDSV21
642,2.94,ICAIL,2007,0,2,0,0,5,0,,A rule-sceptic characterization of acceptable legal arguments,Jenny Eriksson Lundström; Andreas Hamfelt; Jørgen Fischer Nilsson,,conf/icail/LundstromHN07
643,2.93,DEON,1996,0,0,0,2,32,1,bounded-deontics,How to Combine Ordering and Minimizing in a Deontic Logic Based on Preferences,Yao-Hua Tan; Leendert W. N. van der Torre,,conf/deon/TanT96
644,2.92,DEON,1996,0,0,0,2,31,1,bounded-deontics,A Deontic Logic for Reasoning about Confidentiality,Frédéric Cuppens; Robert Demolombe,,conf/deon/CuppensD96
645,2.91,ICAIL,2001,0,0,0,8,45,0,,Automatic categorization of case law,Paul Thompson,,conf/icail/Thompson01
646,2.9,DEON,2004,0,0,0,2,29,1,bounded-deontics,Collective Obligations and Agents: Who Gets the Blame?,Davide Grossi; Frank Dignum; Lambèr M. M. Royakkers; John-Jules Ch. Meyer,https://dspace.library.uu.nl/bitstream/handle/1874/19701/dignum_04_collective.pdf?sequence=1&isAllowed=y,conf/deon/GrossiDRM04
647,2.9,DEON,2008,0,0,0,3,13,1,bounded-deontics,Normative Consequence: The Problem of Keeping It Whilst Giving It up,Audun Stolpe,,conf/deon/Stolpe08
648,2.9,ICAIL,2017,0,0,0,5,132,0,,Extracting contract elements,Ilias Chalkidis; Ion Androutsopoulos; Achilleas Michos,,conf/icail/ChalkidisAM17
649,2.9,JURIX,2017,0,0,1,1,16,0,,A Semi-Supervised Training Method for Semantic Search of Legal Facts in Canadian Immigration Cases,Isar Nejadgholi; Renaud Bougueng; Samuel Witherspoon,,conf/jurix/NejadgholiBW17
650,2.88,ICAIL,2005,0,2,0,0,4,0,,Helping Law Students to Understand US Supreme Court Oral Arguments: A Planned Experiment,Vincent Aleven; Kevin D. Ashley; Collin F. Lynch,,conf/icail/AlevenAL05
651,2.88,ICAIL,2009,0,2,0,0,4,0,,Toward assessing law students&apos; argument diagrams,Collin F. Lynch; Kevin D. Ashley; Niels Pinkwart; Vincent Aleven,http://www.cs.pitt.edu/%7Ecollinl/Papers/Lynch-ICAIL-2009.pdf,conf/icail/LynchAPA09
652,2.88,ICAIL,2011,0,2,0,0,4,0,,Modelling of a fortiori reasoning,Tomasz Zurek,,conf/icail/Zurek11
653,2.88,ICAIL,2013,0,2,0,0,4,0,,A discussion training support system and its evaluation,Shumpei Kubosawa; Kei Nishina; Masaki Sugimoto; Shogo Okada; Katsumi Nitta,,conf/icail/KubosawaNSON13
654,2.88,JURIX,2010,0,2,0,0,4,0,,Interagency data exchange protocols as computational data protection law,William J. Buchanan; Lu Fan; Alistair Lawson; Burkhard Schafer; Russel Scott; Christoph Thuemmler; Omair Uthmani,https://napier-surface.worktribe.com/207914/1/Jurix2010Schafer.pdf,conf/jurix/BuchananFLSSTU10
655,2.88,JURIX,2024,0,0,0,1,2,2,bounded-deontics,A Legal Visualisation Tool Using Normative Diagrams,Bianca Steffes; Diogo Sasdelli,https://ebooks.iospress.nl/pdf/doi/10.3233/FAIA241281,conf/jurix/SteffesS24
656,2.86,ICAIL,2019,0,0,0,1,76,1,determinacy,Why Machine Learning May Lead to Unfairness: Evidence from Risk Assessment for Juvenile Justice in Catalonia,Songül Tolan; Marius Miron; Emilia Gómez; Carlos Castillo,,conf/icail/TolanMGC19
657,2.85,ICAIL,2023,0,1,0,2,12,0,,JusticeBot: A Methodology for Building Augmented Intelligence Tools for Laypeople to Increase Access to Justice,Hannes Westermann; Karim Benyekhlef,http://arxiv.org/pdf/2308.02032v1,conf/icail/WestermannB23
658,2.84,ICAIL,1991,0,0,0,7,50,0,,Representation of Legal Text for Conceptual Retrieval,Judith P. Dick,http://ftp.cs.toronto.edu/pub/gh/Dick-1991.pdf,conf/icail/Dick91
659,2.84,JURIX,2010,0,0,0,7,49,0,,Machine Learning versus Knowledge Based Classification of Legal Texts,Emile de Maat; Kai Krabben; Radboud Winkels,,conf/jurix/MaatKW10
660,2.82,DEON,2004,0,1,0,0,7,1,bounded-deontics,Obligation Change in Dependence Logic and Situation Calculus,Robert Demolombe; Andreas Herzig,,conf/deon/DemolombeH04
661,2.82,ICAIL,1989,0,0,0,7,46,0,,Legal Information Retrieval a Hybrid Approach,Daniel E. Rose; Richard K. Belew,https://dl.acm.org/doi/pdf/10.1145/74014.74033,conf/icail/RoseB89
662,2.82,ICAIL,2009,0,1,0,0,7,1,determinacy,Supporting of legal reasoning for cases which are not strictly regulated by law,Tomasz Zurek; Emil Kruk,,conf/icail/ZurekK09
663,2.82,JURIX,2017,0,2,0,0,3,0,,A Computational Model of Moral and Legal Responsibility via Simplicity Theory,Giovanni Sileno; Antoine Saillenfest; Jean-Louis Dessalles,https://doi.org/10.3233/978-1-61499-838-9-171,conf/jurix/SilenoSD17
664,2.82,JURIX,2021,0,1,0,0,7,1,determinacy,Hybrid AI Framework for Legal Analysis of the EU Legislation Corrigenda,Monica Palmirani; Francesco Sovrano; Davide Liga; Salvatore Sapienza; Fabio Vitali,https://ebooks.iospress.nl/pdf/doi/10.3233/FAIA210319,conf/jurix/PalmiraniSLSV21
665,2.78,DEON,2004,0,1,0,0,6,1,bounded-deontics,Quasi-matrix Deontic Logic,Andrei Kouznetsov,,conf/deon/Kouznetsov04
666,2.77,DEON,2010,0,0,0,0,12,2,bounded-deontics,Deontic Redundancy: A Fundamental Challenge for Deontic Logic,Leendert W. N. van der Torre,http://link.springer.com/chapter/10.1007/978-3-642-14183-6_4,conf/deon/Torre10
667,2.75,DEON,2010,0,0,0,2,17,1,bounded-deontics,Towards Metalogical Systematisation of Deontic Action Logics Based on Boolean Algebra,Robert Trypuz; Piotr Kulicki,,conf/deon/TrypuzK10
668,2.75,ICAIL,2005,0,0,0,7,36,0,,Is linguistic information relevant for the text legal classification problem?,Teresa Gonçalves; Paulo Quaresma,http://hdl.handle.net/10174/2561,conf/icail/GoncalvesQ05
669,2.74,DEON,2012,0,1,0,0,5,1,bounded-deontics,Visualizing Normative Systems: An Abstract Approach,Silvano Colombo Tosatto; Guido Boella; Leendert W. N. van der Torre; Serena Villata,http://link.springer.com/chapter/10.1007%2F978-3-642-31570-1_2,conf/deon/TosattoBTV12
670,2.74,ICAIL,1997,0,0,0,8,25,0,,Automatic Generation of Amendment Legislation,Timothy Arnold-Moore,,conf/icail/Arnold-Moore97
671,2.73,DEON,1996,0,0,0,3,7,1,bounded-deontics,From the Fundamental Legal Conceptions of Hohfeld to Legal Relations: Refining the Enrichment of Solely Deontic Legal Relations,Layman E. Allen,,conf/deon/Allen96
672,2.73,DEON,2008,0,0,0,2,16,1,bounded-deontics,A Deontic Logic for Socially Optimal Norms,Jan M. Broersen; Rosja Mastop; John-Jules Ch. Meyer; Paolo Turrini,,conf/deon/BroersenMMT08
673,2.73,JURIX,2014,0,1,0,1,25,0,,A dataset of RDF licenses,Víctor Rodríguez-Doncel; Serena Villata; Asunción Gómez-Pérez,,conf/jurix/Rodriguez-DoncelVG14
674,2.73,JURIX,2015,0,2,0,0,2,0,,On Modeling Cognitive and Affective Factors in Legal Decision-making,Bipin Indurkhya; Joanna Misztal-Radecka,http://ruj.uj.edu.pl/xmlui/handle/item/19628,conf/jurix/IndurkhyaM15
675,2.72,DEON,2006,0,0,0,0,10,2,bounded-deontics|determinacy,A Complete and Decidable Axiomatisation for Deontic Interpreted Systems,Alessio Lomuscio; Bozena Wozna,,conf/deon/LomuscioW06
676,2.72,ICAIL,1995,0,1,0,1,24,0,,Information Filtering: The Computation of Similarities in Large Corpora of Legal Texts,Erich Schweighofer; Werner Winiwarter; Dieter Merkl,,conf/icail/SchweighoferWM95
677,2.71,DEON,2010,0,0,1,1,8,0,,"Norms, Action and Agency in Multi-agent Systems",Marek J. Sergot,,conf/deon/Sergot10
678,2.7,ICAIL,1987,0,0,0,7,31,0,,Conceptual Retrieval and Case Law,Judith P. Dick,https://dl.acm.org/doi/pdf/10.1145/41735.41748,conf/icail/Dick87
679,2.7,JURIX,2017,0,1,0,2,7,0,,Toward Building a Legal Knowledge-Base of Chinese Judicial Documents for Large-Scale Analytics,Amarnath Gupta; Alice Z. Wang; Kai Lin; Haoshen Hong; Haoran Sun; Benjamin L. Liebman; Rachel E. Stern; Subhasis Dasgupta; Margaret E. Roberts,https://scholarship.law.columbia.edu/faculty_scholarship/4833,conf/jurix/GuptaWLHSLSDR17
680,2.69,ICAIL,1997,0,0,0,5,64,0,,Evaluating a Learning Environment for Case-Based Argumentation Skills,Vincent Aleven; Kevin D. Ashley,https://dl.acm.org/doi/pdf/10.1145/261618.261650,conf/icail/AlevenA97
681,2.66,JURIX,2022,0,1,0,2,6,0,,A Multi-Step Approach in Translating Natural Language into Logical Formula,Ha-Thanh Nguyen; Wachara Fungwacharakorn; Fumihito Nishino; Ken Satoh,https://ebooks.iospress.nl/pdf/doi/10.3233/FAIA220453,conf/jurix/NguyenFNS22
682,2.65,JURIX,2020,0,1,0,1,19,0,,From Prescription to Description: Mapping the GDPR to a Privacy Policy Corpus Annotation Scheme,Ellen Poplavska; Thomas B. Norton; Shomir Wilson; Norman M. Sadeh,https://ebooks.iospress.nl/pdf/doi/10.3233/FAIA200874,conf/jurix/PoplavskaNWS20
683,2.64,DEON,2008,0,0,0,1,36,1,bounded-deontics,A Logical Analysis of the Interaction between &apos;Obligation-to-do&apos; and &apos;Knowingly Doing&apos;,Jan M. Broersen,,conf/deon/Broersen08
684,2.61,DEON,2010,0,2,0,0,1,0,,Towards a Logical Analysis of the Judgment on Facts,Michele Taruffo,,conf/deon/Taruffo10
685,2.61,ICAIL,1995,0,2,0,0,1,0,,A Hybrid Knowledge Representation Approach to Reusability of Legal Knowledge Bases,Ulrich Reimer; Andreas Margelisch,,conf/icail/ReimerM95
686,2.61,ICAIL,2009,0,2,0,0,1,0,,How much logical structure is helpful in content-based argumentation software for legal case solving?,Stijn Colen; Fokie Cnossen; Bart Verheij,http://www.escholarship.org/uc/item/7cd883jw,conf/icail/ColenCV09
687,2.61,ICAIL,2011,0,2,0,0,1,0,,A method for explaining and predicting trends: an application to the Dutch justice system,Susan W. van den Braak; Anne Sonnenschein; Sunil Choenni; Paul R. Smit,,conf/icail/BraakSCS11
688,2.61,JURIX,2015,0,2,0,0,1,0,,Capturing Critical Questions in Bayesian Network Fragments: - Extended abstract,Sjoerd T. Timmer; John-Jules Ch. Meyer; Henry Prakken; Silja Renooij; Bart Verheij,,conf/jurix/TimmerMPRV15a
689,2.61,JURIX,2021,0,2,0,0,1,0,,Signal Phrase Extraction: A Gateway to Information Retrieval Improvement in Law Texts,Michael van der Veen; Natalia Sidorova,https://ebooks.iospress.nl/pdf/doi/10.3233/FAIA210327,conf/jurix/VeenS21
690,2.61,JURIX,2022,0,2,0,0,1,0,,Functional Classification of Statements of Chinese Judgment Documents of Civil Cases,Chao-Lin Liu; Hong-Ren Lin; Wei-Zhi Liu; Chieh Yang,https://ebooks.iospress.nl/pdf/doi/10.3233/FAIA220468,conf/jurix/LiuLLY22
691,2.6,ICAIL,2003,0,1,0,1,16,0,,Applications of a Knowledge-based Ontology of the Legal Domain in Collaborative Workspaces,Laurens Mommers,,conf/icail/Mommers03
692,2.6,JURIX,2022,0,0,0,2,10,1,intro-executable,Conditional Abstractive Summarization of Court Decisions for Laymen and Insights from Human Evaluation,Olivier Salaün; Aurore Clément Troussel; Sylvain Longhais; Hannes Westermann; Philippe Langlais; Karim Benyekhlef,https://ebooks.iospress.nl/pdf/doi/10.3233/FAIA220455,conf/jurix/SalaunTLWLB22
693,2.59,DEON,2014,0,1,0,1,15,0,,Combining Constitutive and Regulative Norms in Input/Output Logic,Xin Sun; Leendert W. N. van der Torre,,conf/deon/SunT14
694,2.59,ICAIL,2015,0,1,0,1,15,0,,Causal analysis for attributing responsibility in legal cases,Hana Chockler; Norman E. Fenton; Jeroen Keppens; David A. Lagnado,https://kclpure.kcl.ac.uk/ws/files/35877871/paper_cr.pdf,conf/icail/ChocklerFKL15
695,2.58,ICAIL,2001,0,0,0,0,6,2,bounded-deontics,An action-based ontology of legal relations,Guido Boella; Lyda Favali; Leonardo Lesmo,,conf/icail/BoellaFL01
696,2.57,JURIX,2009,0,1,0,1,14,0,,"As Law Goes By: Topology, Ontology, Evolution",Ugo Pagallo,,conf/jurix/Pagallo09
697,2.56,ICAIL,1987,0,0,0,7,19,0,,Expert Systems in Law: Out of the Research Laboratory and into the Marketplace,Richard E. Susskind,,conf/icail/Susskind87
698,2.56,ICAIL,2023,0,1,0,2,4,0,,Using Agent-Based Simulations to Evaluate Bayesian Networks for Criminal Scenarios,Ludi van Leeuwen; Bart Verheij; Rineke Verbrugge; Silja Renooij,https://dl.acm.org/doi/pdf/10.1145/3594536.3595125,conf/icail/LeeuwenVVR23
699,2.55,ICAIL,2001,0,0,0,5,40,0,,"Automatic text representation, classification and labeling in European law",Erich Schweighofer; Andreas Rauber; Michael Dittenbach,,conf/icail/SchweighoferRD01
700,2.53,ICAIL,1991,0,0,0,6,25,0,,Representing and Reasoning About Open-Textured Predicates,Kathryn E. Sanders,https://dl.acm.org/doi/pdf/10.1145/112646.112663,conf/icail/Sanders91
701,2.53,JURIX,2014,0,0,0,5,38,0,,Towards a Legal Recommender System,Radboud Winkels; Alexander Boer; Bart Vredebregt; Alexander van Someren,https://pure.uva.nl/ws/files/38829845/156718_Winkels_ea_2014_final_v2.pdf,conf/jurix/WinkelsBVS14
702,2.53,JURIX,2020,0,1,0,0,2,1,intro-executable,Reasoning About Applicable Law in Private International Law in Logic Programming,Ken Satoh; Matteo Baldoni; Laura Giordano,https://ebooks.iospress.nl/pdf/doi/10.3233/FAIA200884,conf/jurix/SatohB020
703,2.5,DEON,2010,0,0,0,1,22,1,bounded-deontics,Avoiding Deontic Explosion by Contextually Restricting Aggregation,Joke Meheus; Mathieu Beirlaen; Frederik Van De Putte,https://biblio.ugent.be/publication/1854791,conf/deon/MeheusBP10
704,2.5,ICAIL,2005,0,0,0,1,22,1,determinacy,Legal Information Retrieval and Application on E-Rulemaking,Gloria T. Lau; Kincho H. Law; Gio Wiederhold,http://eil.stanford.edu/publications/gloria_lau/icail.pdf,conf/icail/LauLW05
705,2.5,JURIX,2020,0,0,0,2,7,1,determinacy,"Judges Are from Mars, Pro Se Litigants Are from Venus: Predicting Decisions from Lay Text",Karl Branting; Carlos Balhana; Craig Pfeifer; John S. Aberdeen; Bradford Brown,https://ebooks.iospress.nl/pdf/doi/10.3233/FAIA200867,conf/jurix/BrantingBPAB20
706,2.48,DEON,2010,0,0,0,0,4,2,bounded-deontics,Moral Particularism and Deontic Logic,Xavier Parent,http://orbilu.uni.lu/handle/10993/14547,conf/deon/Parent10
707,2.48,JURIX,2011,0,0,0,0,4,2,determinacy,Instrumental Inference in Legal Expert System,Tomasz Zurek,,conf/jurix/Zurek11
708,2.47,DEON,2006,0,0,0,1,20,1,bounded-deontics,A State/Event Temporal Deontic Logic,Julien Brunel; Jean-Paul Bodeveix; Mamoun Filali,,conf/deon/BrunelBF06
709,2.47,JURIX,2012,0,0,0,6,20,0,,Automatic Extraction of Legal Concepts and Definitions,Radboud Winkels; Rinke Hoekstra,https://dare.uva.nl/personal/pure/en/publications/automatic-extraction-of-legal-concepts-and-definitions(332bc8f9-24d9-4cc8-ab81-dce66ce89fe0).html,conf/jurix/WinkelsH12
710,2.45,ICAIL,1997,0,0,0,5,29,0,,Finding Factors: Learning to Classify Case Opinions Under Abstract Fact Categories,Stefanie Brüninghaus; Kevin D. Ashley,https://dl.acm.org/doi/pdf/10.1145/261618.261645,conf/icail/BruninghausA97
711,2.45,ICAIL,2015,0,1,0,1,9,0,,Representation of an actual divorce dispute in the parenting plan support system,Michal Araszkiewicz; Agata Lopatkiewicz; Adam Zienkiewicz; Tomasz Zurek,http://ruj.uj.edu.pl/xmlui/handle/item/13411,conf/icail/AraszkiewiczLZZ15
712,2.45,JURIX,2017,0,1,0,1,9,0,,Giving Every Case Its (Legal) Due - The Contribution of Citation Networks and Text Similarity Techniques to Legal Studies of European Union Law,Yannis Panagis; Urska Sadl; Fabien Tarissan,https://doi.org/10.3233/978-1-61499-838-9-59,conf/jurix/PanagisST17
713,2.44,DEON,2004,0,0,0,1,18,1,bounded-deontics,Automatic Verification of Deontic Properties of Multi-agent Systems,Franco Raimondi; Alessio Lomuscio,,conf/deon/RaimondiL04
714,2.44,ICAIL,1987,0,0,0,6,18,0,,Some Problems in Designing Expert Systems to Aid Legal Reasoning,Layman E. Allen; Charles S. Saxon,,conf/icail/AllenS87
715,2.43,ICAIL,2021,0,0,0,4,44,0,,Context-aware legal citation recommendation using deep learning,Zihan Huang; Charles Low; Mengqiu Teng; Hongyi Zhang; Daniel E. Ho; Mark S. Krass; Matthias Grabmair,https://dl.acm.org/doi/pdf/10.1145/3462757.3466066,conf/icail/HuangLTZHKG21
716,2.42,ICAIL,1995,0,0,0,6,17,0,,Automatically Processing Amendments to Legislation,Timothy Arnold-Moore,,conf/icail/Arnold-Moore95
717,2.42,JURIX,2014,0,0,0,0,3,2,bounded-deontics|intro-executable,Model of Argument from Social Importance,Tomasz Zurek,,conf/jurix/Zurek14
718,2.41,ICAIL,1991,0,1,0,2,2,0,,A Goal Driven Knowledge Based System for a Domain of Private International Law,A. W. Koers; D. Kracht,,conf/icail/KoersK91
719,2.41,ICAIL,2011,0,1,0,1,8,0,,Intelligent evaluation of evidence using Wigmore diagrams,Michal Chalamish; Dov M. Gabbay; Uri J. Schild,,conf/icail/ChalamishGS11
720,2.41,ICAIL,2025,0,1,0,0,1,1,determinacy,Applying a Fidelity Approach to Choices in Encoding Legislation,Nicholas Godfrey,https://doi.org/10.1145/3769126.3769131,conf/icail/Godfrey25
721,2.41,JURIX,2019,0,1,0,0,1,1,bounded-deontics,"Towards a Computational Theory of Action, Causation and Power for Normative Reasoning",Giovanni Sileno; Alexander Boer; Tom M. van Engers,http://hdl.handle.net/11245.1/45719d64-e5ac-4a7e-92fd-ebc73d7784fb,conf/jurix/SilenoBE19
722,2.4,ICAIL,2007,0,2,0,0,0,0,,Understanding the law: a method for legal knowledge dissemination,Laurens Mommers; Wouter Koelewijn; Hugo Kielman,,conf/icail/MommersKK07
723,2.4,ICAIL,2025,0,2,0,0,0,0,,Evaluating Methods for Scenario Reasoning using Bayesian Networks in Exhaustive and Non-Exhaustive Settings,Ludi Simone van Leeuwen; Bart Verheij; Rineke Verbrugge; Silja Renooij,https://doi.org/10.1145/3769126.3769231,conf/icail/LeeuwenVVR25
724,2.4,JURIX,2008,0,0,0,5,24,0,,Automatic Classification of Sentences in Dutch Laws,Emile de Maat; Radboud Winkels,,conf/jurix/MaatW08
725,2.4,JURIX,2009,0,2,0,0,0,0,,Dealing with Changes to Legislation in Networked Environments,Saskia van de Ven; Alexander Boer; Tom M. van Engers,,conf/jurix/VenBE09
726,2.4,JURIX,2021,0,2,0,0,0,0,,Towards Reducing the Pendency of Cases at Court: Automated Case Analysis of Supreme Court Judgments in India,Shubham Pandey; Ayan Chandra; Sudeshna Sarkar; Uday Shankar,https://ebooks.iospress.nl/pdf/doi/10.3233/FAIA210321,conf/jurix/PandeyCSS21
727,2.38,ICAIL,2009,0,1,0,1,7,0,,Reasoning with spatial plans on the semantic web,Rinke Hoekstra; Radboud Winkels; Erik Hupkes,https://pure.uva.nl/ws/files/846711/75222_315618.pdf,conf/icail/HoekstraWH09
728,2.38,ICAIL,2023,0,0,0,3,69,0,,Can GPT-3 Perform Statutory Reasoning?,Andrew Blair-Stanek; Nils Holzenberger; Benjamin Van Durme,https://hal.science/hal-04360081v1/file/3594536.3595163.pdf,conf/icail/Blair-StanekHD23
729,2.38,JURIX,2016,0,0,0,7,10,0,,Document Ranking with Citation Information and Oversampling Sentence Classification in the LUIMA Framework,Apoorva Bansal; Zheyuan Bu; Biswajeet Mishra; Silun Wang; Kevin D. Ashley; Matthias Grabmair,,conf/jurix/BansalBMWAG16
730,2.38,JURIX,2016,0,1,0,1,7,0,,Automatic Assignment of Section Structure to Texts of Dutch Court Judgments,Maarten Trompper; Radboud Winkels,https://pure.uva.nl/ws/files/8187413/JURIX_2016_paper_Automatic_Assignment_of_Section_Structure_to_Texts_of_Dutch_Court_Judgments_1_.pdf,conf/jurix/TrompperW16
731,2.38,JURIX,2019,0,1,0,1,7,0,,Weakly Supervised One-Shot Classification Using Recurrent Neural Networks with Attention: Application to Claim Acceptance Detection,Charles Condevaux; Sébastien Harispe; Stéphane Mussard; Guillaume Zambrano,https://doi.org/10.3233/faia190303,conf/jurix/CondevauxHMZ19
732,2.38,JURIX,2019,0,1,0,1,7,0,,Similarity and Relevance of Court Decisions: A Computational Study on CJEU Cases,Kody Moodley; Pedro V. Hernandez Serrano; Gijs van Dijck; Michel Dumontier,https://doi.org/10.3233/faia190307,conf/jurix/MoodleySDD19
733,2.37,ICAIL,2005,0,0,0,5,22,0,,Constructing a Semantic Network for Legal Content,Radboud Winkels; Alexander Boer; Emile de Maat; Tom M. van Engers; Matthijs Breebaart; Henri Melger,,conf/icail/WinkelsBMEBM05
734,2.36,ICAIL,2003,0,0,0,2,4,1,defeasible-fm,Modelling Legal Reasoning in a Mathematical Environment through Model-Theoretic Semantics,Samuel M. Brasil Jr.; Berilhes Borges Garcia,,conf/icail/BrasilG03
735,2.36,JURIX,2018,0,0,0,2,4,1,intro-executable,Checking the Validity of Rule-Based Arguments Grounded in Cases: A Computational Approach,Heng Zheng; Minghui Xiong; Bart Verheij,https://doi.org/10.3233/978-1-61499-935-5-220,conf/jurix/ZhengXV18
736,2.34,ICAIL,2019,0,1,0,1,6,0,,Substantive Legal Software Quality: A Gathering Storm?,Marc Lauritsen; Quinten Steenhuis,,conf/icail/LauritsenS19
737,2.33,DEON,2014,0,0,0,0,2,2,bounded-deontics|determinacy,Toward a Linguistic Interpretation of Deontic Paradoxes - Beth-Reichenbach Semantics Approach for a New Analysis of the Miners Scenario,Dov M. Gabbay; Livio Robaldo; Xin Sun; Leendert W. N. van der Torre; Zohreh Baniasadi,https://orbilu.uni.lu/handle/10993/26837,conf/deon/GabbayRSTB14
738,2.33,ICAIL,2011,0,0,0,0,2,2,determinacy,FrameNet model of the suspension of norms,Monica Palmirani; Marcello Ceci; Daniele Paolo Radicioni; Alessandro Mazzei,,conf/icail/PalmiraniCRM11
739,2.33,JURIX,2017,0,0,0,5,19,0,,Classifying Legal Norms with Active Machine Learning,Bernhard Waltl; Johannes Muhr; Ingo Glaser; Georg Bonczek; Elena Scepankova; Florian Matthes,https://doi.org/10.3233/978-1-61499-838-9-11,conf/jurix/WaltlMGBSM17
740,2.33,JURIX,2024,0,0,0,0,2,2,bounded-deontics,Hybrid Legal Norm Retrieval: Leveraging Knowledge Graphs and Textual Representations,Sabine Wehnert; Visakh Padmanabhan; Ernesto William De Luca,https://ebooks.iospress.nl/pdf/doi/10.3233/FAIA241245,conf/jurix/WehnertPL24
741,2.32,DEON,2006,0,0,0,1,12,1,bounded-deontics,Intermediate Concepts in Normative Systems,Lars Lindahl; Jan Odelstad,,conf/deon/LindahlO06
742,2.32,ICAIL,1991,0,0,0,4,30,0,,"Beyond Boolean Search: FLEXICON, a Legal Tex-Based Intelligent System",Daphne Gelbart; J. C. Smith,,conf/icail/GelbartS91
743,2.32,ICAIL,2019,0,0,0,4,30,0,,Combining Similarity and Transformer Methods for Case Law Entailment,Juliano Rabelo; Mi-Young Kim; Randy Goebel,https://dl.acm.org/doi/pdf/10.1145/3322640.3326741,conf/icail/RabeloKG19
744,2.31,ICAIL,2001,0,0,0,4,29,0,,A machine learning approach to prior case retrieval,Khalid Al-Kofahi; Alex Tyrrell; Arun Vachher; Peter Jackson,,conf/icail/Al-KofahiTVJ01
745,2.31,ICAIL,2015,0,0,0,4,29,0,,Linking legal open data: breaking the accessibility and language barrier in european legislation and case law,Guido Boella; Luigi Di Caro; Michele Graziadei; Loredana Cupi; Carlo Emilio Salaroglio; Llio Humphreys; Hristo Konstantinov; Kornel Marko; Livio Robaldo; Claudio Ruffini; Kiril Ivanov Simov; Andrea Violato; Veli N. Stroetmann,,conf/icail/BoellaCGCSHKMRR15
746,2.29,ICAIL,1991,0,1,0,1,5,0,,Legal Theory and Case-Based Reasoners: The Importance of Context and the Process of Focusing,Kenneth A. Lambert; Mark H. Grunewald,https://dl.acm.org/doi/pdf/10.1145/112646.112669,conf/icail/LambertG91
747,2.29,ICAIL,2021,0,1,0,1,5,0,,Interactive system for arranging issues based on PROLEG in civil litigation,Ken Satoh; Kazuko Takahashi; Tatsuki Kawasaki,,conf/icail/SatohTK21
748,2.29,JURIX,2024,0,0,0,2,3,1,determinacy,When Precedents Clash,Cecilia Di Florio; Huimin Dong; Antonino Rotolo,https://ebooks.iospress.nl/pdf/doi/10.3233/FAIA241232,conf/jurix/FlorioDR24
749,2.26,JURIX,2011,0,0,1,1,1,0,,A Twofold Parsing Strategy for Italian Court Decisions,Enrico Francesconi; Tommaso Pratelli,,conf/jurix/FrancesconiP11
750,2.25,ICAIL,2009,0,0,0,4,24,0,,A two-level knowledge approach to support multilingual legislative drafting,Tommaso Agnoloni; Lorenzo Bacci; Enrico Francesconi; Wim Peters; Simonetta Montemagni; Giulia Venturi,,conf/icail/AgnoloniBFPMV09
751,2.25,JURIX,2011,0,0,0,5,14,0,,Determining Authority of Dutch Case Law,Radboud Winkels; Jelle de Ruyter; Henryk Kroese,https://pure.uva.nl/ws/files/2080038/126374_SSRN_id2013190_1_.pdf,conf/jurix/WinkelsRK11
752,2.25,JURIX,2015,0,0,0,5,14,0,,Applying an Interactive Machine Learning Approach to Statutory Analysis,Jaromír Savelka; Gaurav Trivedi; Kevin D. Ashley,,conf/jurix/SavelkaTA15
753,2.24,ICAIL,2021,0,1,0,1,4,0,,Incorporating domain knowledge for extractive summarization of legal case documents,Paheli Bhattacharya; Soham Poddar; Koustav Rudra; Kripabandhu Ghosh; Saptarshi Ghosh,https://arxiv.org/pdf/2106.15876,conf/icail/BhattacharyaPR021
754,2.23,ICAIL,1987,0,0,0,5,13,0,,Precedent-Based Legal Reasoning and Knowledge Acquisition in Contract Law: A Process Model,Seth R. Goldman; Michael G. Dyer; Margot Flowers,,conf/icail/GoldmanDF87
755,2.23,JURIX,2020,0,0,0,5,13,0,,Extracting Outcomes from Appellate Decisions in US State Courts,Alina Petrova; John Armour; Thomas Lukasiewicz,https://ebooks.iospress.nl/pdf/doi/10.3233/FAIA200857,conf/jurix/PetrovaAL20
756,2.22,ICAIL,2005,0,0,0,3,39,0,,Automatic Legal Text Summarisation: Experiments with Summary Structuring,Ben Hachey; Claire Grover,,conf/icail/HacheyG05
757,2.21,DEON,1996,0,0,0,1,8,1,defeasible-fm,Defeasible Reasoning with Legal Rules,Lambèr M. M. Royakkers; Frank Dignum,,conf/deon/RoyakkersD96
758,2.21,DEON,2010,0,0,0,0,1,2,bounded-deontics,From Norm Adoption to Norm Internalization,Rosaria Conte; Giulia Andrighetto; Daniel Villatoro,,conf/deon/ConteAV10
759,2.21,DEON,2012,0,0,0,0,1,2,bounded-deontics,Sanction Semantics and Contrary-to-Duty Obligations,Louwe B. Kuijer,,conf/deon/Kuijer12
760,2.21,DEON,2012,0,0,0,1,8,1,bounded-deontics,A Deontic Action Logic with Sequential Composition of Actions,Piotr Kulicki; Robert Trypuz,,conf/deon/KulickiT12
761,2.21,ICAIL,1987,0,0,0,4,21,0,,"But, See, Accord: Generating Blue Book Citations in HYPO",Kevin D. Ashley; Edwina L. Rissland,,conf/icail/AshleyR87
762,2.21,ICAIL,2025,0,0,0,0,1,2,determinacy,Parameterized Argumentation-based Reasoning Tasks for Benchmarking Generative Language Models,Cor Steging; Silja Renooij; Bart Verheij,https://doi.org/10.1145/3769126.3769230,conf/icail/StegingRV25
763,2.21,JURIX,2015,0,0,0,1,8,1,bounded-deontics,The Force of EU Case Law: A Multi-dimensional Study of Case Citations,Yannis Panagis; Urska Sadl,,conf/jurix/PanagisS15
764,2.21,JURIX,2021,0,0,0,0,1,2,bounded-deontics,Generation of Legal Norm Chains: Extracting the Most Relevant Norms from Court Rulings,Ingo Glaser; Sebastian Moser; Florian Matthes,https://ebooks.iospress.nl/pdf/doi/10.3233/FAIA210315,conf/jurix/GlaserMM21
765,2.21,JURIX,2023,0,0,0,1,8,1,determinacy,Harnessing GPT-3.5-Turbo for Rhetorical Role Prediction in Legal Cases,Anas Belfathi; Nicolas Hernandez; Laura Monceaux,https://ebooks.iospress.nl/pdf/doi/10.3233/FAIA230964,conf/jurix/BelfathiHM23
766,2.2,ICAIL,1989,0,0,0,4,20,0,,ASSYST - Computer Support for Guideline Sentencing,Eric Simon; Gerry Gaes,,conf/icail/SimonG89
767,2.2,ICAIL,2005,0,0,0,4,20,0,,Combining Structured and Unstructured Information in a Retrieval Model for Accessing Legislation,Marie-Francine Moens,https://elpub.architexturez.net/system/files/pdf/198elpub2005.content_1.pdf,conf/icail/Moens05
768,2.2,ICAIL,2021,0,0,0,3,37,0,,"Explainable artificial intelligence, lawyer&apos;s perspective",Lukasz Górski; Shashishekar Ramakrishna,,conf/icail/GorskiR21
769,2.2,ICAIL,2025,0,1,0,0,0,1,intro-executable,Probabilistic Analysis of Copyright Disputes and Generative AI Safety,Hiroaki Chiba-Okabe,https://doi.org/10.1145/3769126.3769139,conf/icail/Chiba-Okabe25
770,2.2,ICAIL,2025,0,1,0,0,0,1,bounded-deontics,Have your DAI in Court. The Role of Suggestive Algorithms in Judicial Decision-Making,Paolo Comoglio,https://doi.org/10.1145/3769126.3769135,conf/icail/Comoglio25
771,2.2,ICAIL,2025,0,1,0,0,0,1,bounded-deontics,Reporting Requests Modelling in European Legislation with a Hybrid AI Approach,Michele Corazza; Monica Palmirani; Salvatore Sapienza; Generoso Longo,https://doi.org/10.1145/3769126.3769255,conf/icail/CorazzaPSL25
772,2.2,ICAIL,2025,0,1,0,0,0,1,bounded-deontics,AI-based Consumers&apos; Creditworthiness Fate Needs EU &apos;Lawgorithmics&apos; to Innovate,Diogo J. Morgado Rebelo; Francisco Pacheco de Andrade; Paulo Novais,,conf/icail/RebeloAN25
773,2.2,JURIX,2010,0,1,0,0,0,1,determinacy,Case Frames as Contextual Mappings to Case Law in BestPortal,Rinke Hoekstra; Arno R. Lodder; Frank van Harmelen,,conf/jurix/HoekstraLH10
774,2.17,ICAIL,1989,0,1,0,1,3,0,,Cutting Legal Loops,Donald H. Berman,,conf/icail/Berman89
775,2.17,ICAIL,2017,0,1,0,0,24,0,,Towards an automated production of legal texts using recurrent neural networks,Wolfgang Alschner; Dmitriy Skougarevskiy,,conf/icail/AlschnerS17
776,2.17,JURIX,2022,0,1,0,1,3,0,,The Illinois Intentional Tort Qualitative Dataset,Joseph A. Blass; Kenneth D. Forbus,https://ebooks.iospress.nl/pdf/doi/10.3233/FAIA220459,conf/jurix/BlassF22
777,2.15,ICAIL,1989,0,0,0,4,17,0,,EPS II: Estate Planning with Prototypes,D. A. Schlobohm; L. Thorne McCarty,,conf/icail/SchlobohmM89
778,2.15,ICAIL,2003,0,0,0,3,31,0,,Linguistic Bayesian Networks for Reasoning will Objective Probabilities in Forensic Statistics,Joe Halliwell; Jeroen Keppens; Qiang Shen,,conf/icail/HalliwellKS03
779,2.14,DEON,2004,0,0,0,1,6,1,bounded-deontics,On Normative-Informational Positions,Andrew J. I. Jones,,conf/deon/Jones04
780,2.1,ICAIL,2009,0,1,0,0,19,0,,Formalising dynamic protocols for open agent systems,Alexander Artikis,,conf/icail/Artikis09
781,2.09,DEON,2012,0,0,0,1,5,1,bounded-deontics,An Andersonian Deontic Logic with Contextualized Sanctions,Christian Straßer; Mathieu Beirlaen,,conf/deon/StrasserB12
782,2.09,ICAIL,1987,0,0,0,3,25,0,,Explanation for an Expert system That Performs Estate Planning,D. A. Schlobohm; Donald A. Waterman,https://dl.acm.org/doi/pdf/10.1145/41735.41738,conf/icail/SchlobohmW87
783,2.09,ICAIL,2005,0,0,0,1,5,1,determinacy,A Note on Interpretations for Federated Languages and the Use of Disquotation,Steven Orla Kimbrough,,conf/icail/Kimbrough05
784,2.09,JURIX,2020,0,0,0,1,5,1,intro-executable,Precedent Comparison in the Precedent Model Formalism: A Technical Note,Heng Zheng; Davide Grossi; Bart Verheij,https://ebooks.iospress.nl/pdf/doi/10.3233/FAIA200878,conf/jurix/ZhengGV20
785,2.08,DEON,2006,0,1,0,1,2,0,,Acting with an End in Sight,Mark A. Brown,,conf/deon/Brown06
786,2.08,ICAIL,2005,0,1,0,0,18,0,,Probabilistic Abductive Computation of Evidence Collection Strategies in Crime Investigation,Jeroen Keppens; Qiang Shen; Burkhard Schafer,,conf/icail/KeppensSS05
787,2.08,ICAIL,2009,0,0,0,4,13,0,,A next step towards automated modelling of sources of law,Emile de Maat; Radboud Winkels,,conf/icail/MaatW09
788,2.08,JURIX,2023,0,1,0,1,2,0,,Giving Examples Instead of Answering Questions: Introducing Legal Concept-Example Systems,Tomer Libal; Aleksander Smywinski-Pohl,https://ebooks.iospress.nl/pdf/doi/10.3233/FAIA230976,conf/jurix/LibalS23
789,2.06,ICAIL,2021,0,0,0,0,33,1,bounded-deontics,Legal norm retrieval with variations of the bert model combined with TF-IDF vectorization,Sabine Wehnert; Viju Sudhi; Shipra Dureja; Libin Kutty; Saijal Shahania; Ernesto William De Luca,https://dl.acm.org/doi/pdf/10.1145/3462757.3466104,conf/icail/WehnertSDKSL21
790,2.05,ICAIL,1991,0,0,0,3,22,0,,Incorporating Procedural Context into a Model of Case-based Legal Reasoning,Donald H. Berman; Carole D. Hafner,https://dl.acm.org/doi/pdf/10.1145/112646.112648,conf/icail/BermanH91
791,2.05,JURIX,2017,0,0,0,2,49,0,,A Deep Learning Approach to Contract Element Extraction,Ilias Chalkidis; Ion Androutsopoulos,https://doi.org/10.3233/978-1-61499-838-9-155,conf/jurix/ChalkidisA17
792,2.04,DEON,1996,0,0,0,2,47,0,,Must I Do What I Ought? (Or Will the Least I Can Do Do?),Paul McNamara,https://philpapers.org/archive/MCNMID.pdf,conf/deon/McNamara96
793,2.04,JURIX,2012,0,0,0,1,4,1,intro-executable,An argumentation model of evidential reasoning with variable degrees of justification,QingYin Liang; Bin Wei,,conf/jurix/LiangW12
794,2.04,JURIX,2014,0,0,0,1,4,1,determinacy,Legislation as a complex network: Modelling and analysis of European Union legal sources,Marios Koniaris; Ioannis Anagnostopoulos; Yannis Vassiliou,,conf/jurix/KoniarisAV14
795,2.03,ICAIL,1995,0,0,0,0,30,1,defeasible-fm,Hart&apos;s Critics on Defeasible Concepts and Ascriptivism,Ronald Prescott Loui,https://dl.acm.org/doi/pdf/10.1145/222092.222099,conf/icail/Loui95
796,2.03,ICAIL,2001,0,0,0,4,11,0,,Barcia: Olimo: contextual structured search to retrieval UN security council resolutions,Hugo Cesar Hoeschl; Tânia C. D&apos;Agostini Bueno; Eduardo da Silva Mattos; Andre Bortolon; Ricardo Miranda Barcia,,conf/icail/HoeschlBMBB01
797,2.02,ICAIL,1987,0,0,0,3,20,0,,A Natural Language Based Legal Expert System for Consultation and Tutoring - the LEX Project,Fritjof Haft; R. P. Jones; Thomas Wetter,https://dl.acm.org/doi/pdf/10.1145/41735.41745,conf/icail/HaftJW87
798,2.02,ICAIL,1993,0,0,0,3,20,0,,An Issue-Oriented Approach to Judicial Document Assembly,Karl Branting,,conf/icail/Branting93a
799,2.01,ICAIL,2005,0,0,0,3,19,0,,A question-answering system for Portuguese juridical documents,Paulo Quaresma; Irene Rodrigues,,conf/icail/Rodrigues05
800,2.01,ICAIL,2009,0,0,0,4,10,0,,Human-aided computer cognition for e-discovery,Christopher Hogan; Robert S. Bauer; Dan Brassil,,conf/icail/HoganBB09
801,2.0,DEON,2016,0,0,0,0,,2,bounded-deontics,An Exact Truthmaker Semantics for Permission and Obligation,Albert J. J. Anglberger; Federico L. G. Faroldi; Johannes Korbmacher,,conf/deon/AnglbergerFK16
802,2.0,DEON,2016,0,0,0,0,,2,bounded-deontics,Deontic Logic as a Study of Conditions of Rationality in Norm-related Activities,Zarnic Berislav,,conf/deon/Berislav16
803,2.0,DEON,2021,0,0,0,0,,2,bounded-deontics,The Roles of Authority and Norm-Addressees in Deontic Puzzles,Edgar Avendano-Mejia; Yolanda Torres-Falcon,,conf/deon/Avendano-MejiaT21
804,2.0,DEON,2021,0,0,0,0,,2,bounded-deontics,How Deontic Logic Ought to Be: Towards a Many-Sorted Framework for Normative Reasoning,Valentin Goranko,,conf/deon/Goranko21
805,2.0,DEON,2021,0,0,0,0,,2,bounded-deontics,Is Free Choice Permission Admissible in Classical Deontic Logic?,Guido Governatori; Antonino Rotolo,,conf/deon/GovernatoriR21
806,2.0,DEON,2021,0,0,0,0,,2,bounded-deontics|defeasible-fm,A Defeasible Deontic Logic for Pragmatic Oddity,Guido Governatori; Silvano Colombo Tosatto; Antonino Rotolo,,conf/deon/GovernatoriTR21
807,2.0,DEON,2021,0,0,0,0,,2,bounded-deontics|determinacy,Interpretive Normative Systems,Juliano Maranhão; Giovanni Sartor,,conf/deon/MaranhaoS21
808,2.0,DEON,2023,0,0,0,0,,2,bounded-deontics|determinacy,Disambiguating Permissions: A Contribution from Mimamsa,Agata Ciabattoni; Josephine Dik; Elisa Freschi,,conf/deon/CiabattoniDF23
809,2.0,DEON,2023,0,0,0,0,,2,bounded-deontics,Perspectival Obligation and Extensionality in an Alethic-Deontic Setting,Dominik Pichler; Xavier Parent,,conf/deon/PichlerP23
810,2.0,DEON,2023,0,0,0,0,,2,bounded-deontics|defeasible-fm,Rule rather than Exception: Defeasible Probabilistic Dyadic Deontic Logic,Vincent de Wit,,conf/deon/Wit23
811,2.0,DEON,2025,0,0,0,0,,2,bounded-deontics,From Act Obligations to Knowledge Obligations,Houssam Abbas,,conf/deon/Abbas25
812,2.0,DEON,2025,0,0,0,0,,2,bounded-deontics,Using Simple Deontic Constraints for Fast Norm-Conforming Reinforcement Learning,Matthias Scheutz; Daniel Little,,conf/deon/ScheutzL25
813,2.0,ICAIL,2001,0,0,0,0,0,2,bounded-deontics|intro-executable,Reasoning about the objects of attitudes and operators: Towards a disquotation theory for representation of propositional content,Steven O. Kimbrough,,conf/icail/Kimbrough01
814,2.0,ICAIL,2025,0,0,0,0,0,2,determinacy,Are manual annotations necessary for statutory interpretations retrieval?,Tomer Libal; Aleksander Smywinski-Pohl; Adam Kaczmarczyk; Magdalena Król,https://doi.org/10.1145/3769126.3769224,conf/icail/LibalSKK25
815,2.0,JURIX,2005,0,0,0,0,,2,bounded-deontics|defeasible-fm,Norm Modifications in Defeasible Logic,Guido Governatori; Monica Palmirani; Régis Riveret; Antonino Rotolo; Giovanni Sartor,,conf/jurix/GovernatoriPRRS05
816,2.0,JURIX,2019,0,0,0,0,0,2,determinacy,On Constructing a Knowledge Base of Chinese Criminal Cases,Xiaohan Wu; Benjamin L. Liebman; Rachel E. Stern; Margaret E. Roberts; Amarnath Gupta,https://doi.org/10.3233/faia190331,conf/jurix/WuLSRG19
817,2.0,JURIX,2024,0,0,0,0,0,2,determinacy,How to Manage My Data? With Machine-Interpretable GDPR Rights!,Beatriz Esteves; Harshvardhan J. Pandit; Georg Philip Krog; Paul Ryan,https://ebooks.iospress.nl/pdf/doi/10.3233/FAIA241254,conf/jurix/EstevesPKR24
818,2.0,JURIX,2025,0,0,0,0,0,2,determinacy,Explaining Discretionary Judicial Decisions Using Answer Set Programming,Josephine Dik,https://doi.org/10.3233/faia251576,conf/jurix/Dik25
819,2.0,JURIX,2025,0,0,0,0,0,2,determinacy,Towards Interpretable Hierarchical Graph Neural Networks in Criminal Law,Thiago Raulino Dal Pont; Isabela Cristina Sabo; Maite Vieira; Jomi Hübner; Aires José Rover,https://doi.org/10.3233/faia251617,conf/jurix/PontSVHR25
820,2.0,JURIX,2025,0,0,0,0,0,2,bounded-deontics|determinacy,A Multi-Agent AI Framework for Legal Aid: Real-World Interactive Dialogue in Case Consultations,Ying-Chu Yu; Sieh-Chuen Huang; Hsuan-Lei Shao,https://doi.org/10.3233/faia251591,conf/jurix/YuHS25
821,1.99,DEON,2014,0,0,0,0,26,1,bounded-deontics,Deontic Reasoning Across Contexts,Justin Snedegar,,conf/deon/Snedegar14
822,1.99,ICAIL,2003,0,0,0,3,18,0,,A process for evaluating legal knowledge-based systems based upon the Context Criteria Contingency-guidelines Framework,Maria Jean J. Hall; Richard Hall; John Zeleznikow,,conf/icail/HallHZ03
823,1.99,ICAIL,2021,0,1,0,0,13,0,,Towards compliance checking in reified I/O logic via SHACL,Livio Robaldo,https://cronfa.swan.ac.uk/Record/cronfa56727/Download/56727__19747__f61cb7fc6dc9481f959390a34cc038c0.pdf,conf/icail/Robaldo21
824,1.98,JURIX,2009,0,0,0,4,9,0,,Exploiting Properties of Legislative Texts to Improve Classification Accuracy,Rob Opsomer; Geert De Meyer; Chris Cornelis; Greet Van Eetvelde,,conf/jurix/OpsomerMCE09
825,1.97,DEON,2008,0,0,0,1,3,1,bounded-deontics,Need to Know: Questions and the Paradox of Epistemic Obligation,Joris Hulstijn,,conf/deon/Hulstijn08
826,1.97,ICAIL,2005,0,0,0,1,3,1,determinacy,Criminal Networks and Spatial Density,Giles Oatley; John Zeleznikow; Brian Ewart,,conf/icail/OatleyZE05
827,1.97,JURIX,2021,0,0,0,0,24,1,bounded-deontics,A Survey on Methods and Metrics for the Assessment of Explainability Under the Proposed AI Act,Francesco Sovrano; Salvatore Sapienza; Monica Palmirani; Fabio Vitali,https://ebooks.iospress.nl/pdf/doi/10.3233/FAIA210342,conf/jurix/SovranoSPV21
828,1.96,ICAIL,1995,0,0,0,3,16,0,,Using Genetic Algorithms to Inductively Reason with Cases in the Legal Domain,Anandeep Pannu,,conf/icail/Pannu95
829,1.96,ICAIL,2011,0,0,0,3,16,0,,Risk analysis for intellectual property litigation,Mihai Surdeanu; Ramesh Nallapati; George Gregory; Joshua Walker; Christopher D. Manning,http://nlp.stanford.edu/pubs/icail11.pdf,conf/icail/SurdeanuNGWM11
830,1.96,ICAIL,2021,0,0,0,2,36,0,,Structural text segmentation of legal documents,Dennis Aumiller; Satya Almasian; Sebastian Lackner; Michael Gertz,https://arxiv.org/pdf/2012.03619,conf/icail/AumillerAL021
831,1.94,DEON,2008,0,0,0,0,22,1,intro-executable,Trust and Norms in the Context of Computer Security: A Logical Formalization,Emiliano Lorini; Robert Demolombe,https://hal.science/hal-03672521,conf/deon/LoriniD08
832,1.94,ICAIL,2007,0,0,0,1,99,0,,Opinion mining in legal blogs,Jack G. Conrad; Frank Schilder,http://www.conradweb.org/~jackg/pubs/ICAIL07_Conrad_Schilder.pdf,conf/icail/ConradS07
833,1.92,ICAIL,2005,0,0,0,3,14,0,,Iuriservice II: Ontology Development and Architectural Design,Pompeu Casanovas; Jesús Gorroñogoitia; Jesús Contreras; Mercedes Blázquez; Nuria Casellas; Joan-Josep Vallbé; Marta Poblet; Francesc Ramos; V. Richard Benjamins,,conf/icail/CasanovasGCBCVPRB05
834,1.92,ICAIL,2017,0,0,0,2,31,0,,Two-step cascaded textual entailment for legal bar exam question answering,Mi-Young Kim; Randy Goebel,,conf/icail/KimG17
835,1.92,ICAIL,2019,0,1,0,0,10,0,,Artificial Intelligence and Law: What Do People Really Want?: Example of a French Multidisciplinary Working Group,Fabrice Muhlenbach; Isabelle Sayn,,conf/icail/MuhlenbachS19
836,1.92,ICAIL,2021,0,1,0,0,10,0,,Case-level prediction of motion outcomes in civil litigation,Devin J. McConnell; James Zhu; Sachin S. Pandya; Derek Aguiar,https://dl.acm.org/doi/pdf/10.1145/3462757.3466101,conf/icail/McConnellZPA21
837,1.89,ICAIL,2005,0,1,0,0,9,0,,Voting in Online Deliberative Assemblies,Jeremy V. Pitt; Lloyd Daniel Kamara; Marek J. Sergot; Alexander Artikis,http://users.iit.demokritos.gr/~a.artikis/publications/artikis-ICAIL05.pdf,conf/icail/PittKSA05
838,1.88,DEON,2004,0,0,0,2,27,0,,Delta: The Social Delegation Cycle,Guido Boella; Leendert W. N. van der Torre,http://www.di.unito.it/~guido/articoli/LNCS/51-deon04.pdf,conf/deon/BoellaT04
839,1.87,ICAIL,1997,0,0,0,2,26,0,,The Effectiveness of Machine Learning Techniques for Predicting Time to Case Disposition,Dawn Wilkins; Krishnan Pillaipakkamnatt,https://dl.acm.org/doi/pdf/10.1145/261618.261642,conf/icail/WilkinsP97
840,1.86,DEON,2012,0,1,0,0,8,0,,On the Logical Foundations of Moral Agency,Emiliano Lorini,https://hal.science/hal-03671073,conf/deon/Lorini12
841,1.86,ICAIL,1991,0,1,0,0,8,0,,Inductive Modelling in Law: Example Based Expert Systems in Administrative Law,Jørgen Karpf,https://dl.acm.org/doi/pdf/10.1145/112646.112684,conf/icail/Karpf91
842,1.86,ICAIL,1991,0,0,0,2,25,0,,Case-Based Reasoning and the Deep Structure Approach to knowledge Representation,Andrzej Kowalski,,conf/icail/Kowalski91
843,1.86,JURIX,2015,0,1,0,0,8,0,,A Linked Term Bank of Copyright-Related Terms,Víctor Rodríguez-Doncel; Cristiana Teixeira Santos; Pompeu Casanovas; Asunción Gómez-Pérez,https://ddd.uab.cat/record/144528,conf/jurix/Rodriguez-Doncel15
844,1.85,DEON,1996,0,0,0,0,16,1,bounded-deontics,Doing as We Ought: Towards a Logic of Simply Dischargeable Obligations,Mark A. Brown,,conf/deon/Brown96
845,1.84,ICAIL,1991,0,0,0,2,24,0,,An Example of Integrating Legal Case Based Reasoning with Object-Oriented Rule-Based Systems: IKBALS II,George Vossos; John Zeleznikow; Tharam S. Dillon; Vivian Vossos,,conf/icail/VossosZDV91
846,1.83,ICAIL,2017,0,0,0,3,10,0,,A unifying similarity measure for automated identification of national implementations of european union directives,Rohan Nanda; Luigi Di Caro; Guido Boella; Hristo Konstantinov; Tenyo Tyankov; Daniel Traykov; Hristo Hristov; Francesco Costamagna; Llio Humphreys; Livio Robaldo; Michele Romano,http://hdl.handle.net/2318/1685935,conf/icail/NandaCBKTTHCHRR17
847,1.82,ICAIL,1993,0,1,0,0,7,0,,Beyond Knowledge Representation: Commercial Uses for Legal Knowledge Bases,Surendra Dayal; Michael Harmer; Peter Johnson; David Mead,https://dl.acm.org/doi/pdf/10.1145/158976.158997,conf/icail/DayalHJM93
848,1.82,JURIX,2011,0,1,0,0,7,0,,Toward AI-enhanced Computer-supported Peer Review in Legal Education,Kevin D. Ashley; Ilya M. Goldin,,conf/jurix/AshleyG11
849,1.81,DEON,2004,0,0,0,0,14,1,bounded-deontics,On Obligations and Abilities,Wojciech Jamroga; Wiebe van der Hoek; Michael J. Wooldridge,,conf/deon/JamrogaHW04
850,1.81,ICAIL,1991,0,0,0,2,21,0,,Networks at Work: A Connectionist Approach to Non-Deductive Legal Reasoning,G. J. van Opdorp; R. F. Walker; J. A. Schrickx; Cees Groendijk; P. H. van den Berg,,conf/icail/OpdorpWSGB91
851,1.81,ICAIL,2003,0,0,0,0,14,1,bounded-deontics,Bayesian Networks and Traffic Accident Reconstruction,Gary A. Davis; Jianping Pei,,conf/icail/DavisP03
852,1.81,ICAIL,2007,0,0,0,0,14,1,determinacy,Fast tagging of medical terms in legal text,Christopher Dozier; Ravi Kondadadi; Khalid Al-Kofahi; Mark Chaudhary; Xi S. Guo,,conf/icail/DozierKACG07
853,1.81,JURIX,2008,0,0,0,0,14,1,bounded-deontics,EXPERTIUS: A Mexican Judicial Decision-Support System in the Field of Family Law,Enrique Cáceres,,conf/jurix/Caceres08
854,1.81,JURIX,2016,0,0,0,0,14,1,bounded-deontics,A Pattern for the Representation of Legal Relations in a Legal Core Ontology,Cristine Griffo; João Paulo A. Almeida; Giancarlo Guizzardi,,conf/jurix/GriffoAG16
855,1.79,DEON,2008,0,0,0,1,60,0,,Variations in Access Control Logic,Martín Abadi,http://www.cse.ucsc.edu/~abadi/Papers/least-privilege-submit.pdf,conf/deon/Abadi08
856,1.78,ICAIL,1991,0,1,0,0,6,0,,Complex Input: A Practical Way of Increasing the Bandwidth for Feedback and Student Modelling in a Statute-Based Tutoring System,Tom Routen,,conf/icail/Routen91
857,1.78,ICAIL,2021,0,1,0,0,6,0,,From data to information: automating data science to explore the U.S. court system,Andrew Paley; Andong L. Li Zhao; Harper Pack; Sergio Servantez; Rachel F. Adler; Marko Sterbentz; Adam R. Pah; David L. Schwartz; Cameron Barrie; Alexander Einarsson; Kristian J. Hammond,,conf/icail/PaleyZPSASPSBEH21
858,1.78,ICAIL,2023,0,1,0,0,6,0,,Effects of XAI on Legal Process,Aileen Nielsen; Stavroula Skylaki; Milda Norkute; Alexander Stremitzer,,conf/icail/NielsenSNS23
859,1.77,DEON,1996,0,0,0,0,12,1,bounded-deontics,Combining Agency and Obligation (Preliminary Version),John F. Horty,,conf/deon/Horty96
860,1.76,ICAIL,1993,0,0,0,1,1,1,determinacy,"Controlling and Augmenting Legal Inferencing: ysh, a Case Study",Graham Greenleaf; Andrew Mowbray,,conf/icail/GreenleafM93
861,1.76,ICAIL,2009,0,0,0,2,18,0,,Law as a seamless web?: comparison of various network representations of the United States Supreme Court corpus (1791-2005),Michael J. Bommarito II; Daniel Martin Katz; Jon Zelner,,conf/icail/BommaritoBKZ09
862,1.75,ICAIL,2019,0,0,0,0,11,1,bounded-deontics,AI as a Legal Person,Migle Laukyte,https://e-archivo.uc3m.es/bitstreams/da5688ff-1e93-4a59-b300-e50892eb46d1/download,conf/icail/Laukyte19
863,1.75,ICAIL,2023,0,0,0,0,11,1,determinacy,Legal Holding Extraction from Italian Case Documents using Italian-LEGAL-BERT Text Summarization,Daniele Licari; Praveen Bushipaka; Gabriele Marino; Giovanni Comandè; Tommaso Cucinotta,,conf/icail/LicariBMCC23
864,1.74,ICAIL,2005,0,1,0,0,5,0,,Case Based Online Training Support System for ADR Mediator,Takahiro Tanaka; Yoshiaki Yasumura; Daisuke Katagami; Katsumi Nitta,,conf/icail/TanakaYKN05
865,1.73,ICAIL,1993,0,0,0,2,16,0,,"LITES, an Intelligent Tutoring System for Legal Problem Solving in the Domain of Dutch Civil Law",Georges Span,,conf/icail/Span93
866,1.73,JURIX,2011,0,0,0,3,7,0,,Toward Extracting Information from Public Health Statutes using Text Classification Machine Learning,Matthias Grabmair; Kevin D. Ashley; Rebecca Hwa; Patricia M. Sweeney,,conf/jurix/GrabmairAHS11
867,1.72,DEON,2010,0,0,0,0,10,1,bounded-deontics,Introducing Exclusion Logic as a Deontic Logic,Richard Evans,https://philpapers.org/archive/EVAIEL.pdf,conf/deon/Evans10
868,1.72,DEON,2014,0,0,0,0,10,1,bounded-deontics,Proof Analysis in Deontic Logics,Eugenio Orlandelli,,conf/deon/Orlandelli14
869,1.72,ICAIL,2015,0,0,0,0,10,1,intro-executable,"At your service, on the definition of services from sources of law",Tom M. van Engers; Robert van Doesburg,https://pure.uva.nl/ws/files/2740128/170690_At_Your_Service_On_the_Definition_of_Services_from_Sources_of_Law_published_version_.pdf,conf/icail/EngersD15
870,1.72,ICAIL,2023,0,0,0,1,47,0,,"Summary of the Competition on Legal Information, Extraction/Entailment (COLIEE) 2023",Randy Goebel; Yoshinobu Kano; Mi-Young Kim; Juliano Rabelo; Ken Satoh; Masaharu Yoshioka,,conf/icail/GoebelKK0SY23
871,1.69,ICAIL,1993,0,0,0,2,14,0,,What Law Students Need to Know to WIN,Vincent Aleven; Kevin D. Ashley,https://dl.acm.org/doi/pdf/10.1145/158976.158995,conf/icail/AlevenA93
872,1.69,ICAIL,2007,0,0,0,0,9,1,bounded-deontics,Architectural design of a multi-agent recommender system for the legal domain,Lucas Drumond; Rosario Girardi; Adriana Leite,,conf/icail/DrumondGL07
873,1.69,JURIX,2013,0,0,0,0,9,1,bounded-deontics,Legal Conflict Detection in Interacting Legal Systems,Tingting Li; Tina Balke; Marina De Vos; Julian A. Padget; Ken Satoh,http://opus.bath.ac.uk/42600/1/jurix_abstract.pdf,conf/jurix/LiBVPS13
874,1.67,ICAIL,1989,0,0,0,2,13,0,,Expert Systems and ICAI in Tax Law: Killing Two Birds with One AI Stone,D. M. Sherman,https://dl.acm.org/doi/pdf/10.1145/74014.74025,conf/icail/Sherman89
875,1.67,ICAIL,1995,0,0,0,2,13,0,,Decision Support for Sentencing in a Common Law Jurisdiction,Neil Hutton; A. Patterson; Cyrus Tata,,conf/icail/HuttonPT95
876,1.67,JURIX,2018,0,0,0,1,40,0,,"Named Entity Recognition, Linking and Generation for Greek Legislation",Iosif Angelidis; Ilias Chalkidis; Manolis Koubarakis,https://doi.org/10.3233/978-1-61499-935-5-1,conf/jurix/AngelidisCK18
877,1.66,ICAIL,2019,0,0,0,0,8,1,intro-executable,Crime Knowledge Extraction: an Ontology-driven Approach for Detecting Abstract Terms in Case Law Decisions,Silvana Castano; Alfio Ferrara; Mattia Falduti; Stefano Montanelli,,conf/icail/CastanoFFM19
878,1.66,ICAIL,2019,0,0,0,0,8,1,determinacy,A Regularization Approach to Combining Keywords and Training Data in Technology-Assisted Review,Eugene Yang; David D. Lewis; Ophir Frieder,,conf/icail/YangLF19
879,1.66,JURIX,2018,0,0,0,0,8,1,bounded-deontics,Is Blockchain Hashing an Effective Method for Electronic Governance?,Oleksii Konashevych; Marta Poblet,https://doi.org/10.3233/978-1-61499-935-5-195,conf/jurix/KonashevychP18
880,1.65,ICAIL,2013,0,0,0,2,12,0,,A model for automated rating of case law,Marc van Opijnen,,conf/icail/Opijnen13
881,1.64,ICAIL,2003,0,0,0,1,36,0,,A Comparative Evaluation of Name-Matching Algorithms,Karl Branting,,conf/icail/Branting03
882,1.63,ICAIL,2005,0,0,0,1,35,0,,Generating Legal Arguments and Predictions from Case Texts,Stefanie Brüninghaus; Kevin D. Ashley,,conf/icail/BruninghausA05
883,1.62,DEON,2004,0,0,0,0,7,1,bounded-deontics,Combinations of Tense and Deontic Modality,Lennart Åqvist,,conf/deon/Aqvist04
884,1.62,ICAIL,1993,0,0,0,0,7,1,determinacy,Case Recognition and Strategy Classification,Cees Groendijk; Anja Oskamp,https://dl.acm.org/doi/pdf/10.1145/158976.158992,conf/icail/GroendijkO93
885,1.62,ICAIL,1993,0,1,0,0,3,0,,Validation: The Key Concept in Maintenance of Legal KBS,Marnix C. M. Weusten,,conf/icail/Weusten93
886,1.62,ICAIL,2023,0,1,0,0,3,0,,A Dataset of German Legal Reference Annotations,Harshil Darji; Jelena Mitrovic; Michael Granitzer,,conf/icail/DarjiMG23
887,1.62,JURIX,2022,0,0,0,2,11,0,,Multi-Granularity Argument Mining in Legal Texts,Huihui Xu; Kevin D. Ashley,https://ebooks.iospress.nl/pdf/doi/10.3233/FAIA220477,conf/jurix/XuA22
888,1.6,ICAIL,1995,0,0,0,1,32,0,,A Hybrid CBR-IR Approach to Legal Information Retrieval,Edwina L. Rissland; Jody J. Daniels,,conf/icail/RisslandD95
889,1.59,JURIX,2019,0,0,0,3,4,0,,On the Formal Structure of Rules in Conflict of Laws,Réka Markovich,https://doi.org/10.3233/faia190325,conf/jurix/Markovich19
890,1.58,JURIX,2018,0,0,0,0,6,1,determinacy,K-Means Clustering for Controversial Issues Merging in Chinese Legal Texts,Xin Tian; Yin Fang; Yang Weng; Yawen Luo; Huifang Cheng; Zhu Wang,https://doi.org/10.3233/978-1-61499-935-5-215,conf/jurix/TianFWLCW18
891,1.58,JURIX,2023,0,0,0,0,6,1,bounded-deontics,Tough Decisions? Supporting System Classification According to the AI Act,Hilmy Hanif; Jorge Constantino; Marie-Therese Sekwenz; Michel van Eeten; Jolien Ubacht; Ben Wagner; Yury Zhauniarovich,https://ebooks.iospress.nl/pdf/doi/10.3233/FAIA230987,conf/jurix/HanifCSEUWZ23
892,1.57,ICAIL,2005,0,0,0,2,9,0,,Updating and versioning ontologies in the legal domain,Guiraude Lame; Sylvie Desprès,,conf/icail/LameD05
893,1.57,ICAIL,2005,0,0,0,1,29,0,,Computational Law,Nathaniel Love; Michael R. Genesereth,,conf/icail/LoveG05
894,1.57,ICAIL,2009,0,0,0,1,29,0,,Ontology learning from Italian legal texts,Alessandro Lenci; Simonetta Montemagni; Vito Pirrelli; Giulia Venturi,,conf/icail/LenciMPV09
895,1.54,ICAIL,1989,0,0,0,0,5,1,bounded-deontics,A Sketch of Logic Without Truth,Carlos E. Alchourrón; Antonio A. Martino,https://dl.acm.org/doi/pdf/10.1145/74014.74036,conf/icail/AlchourronM89
896,1.54,ICAIL,1989,0,0,0,2,8,0,,Expert Systems in Case-Based Law: The Hearsay Rule Advisor,M. T. MacCrimmon,https://dl.acm.org/doi/pdf/10.1145/74014.74024,conf/icail/MacCrimmon89
897,1.54,ICAIL,1997,0,0,0,2,8,0,,More than wyshful Thinking: AustLII&apos;s Legal Inferencing via the World Wide Web,Graham Greenleaf; Andrew Mowbray; Geoffrey King; Simon Cant; Philip Chung,,conf/icail/GreenleafMKCC97
898,1.54,ICAIL,2013,0,0,0,0,5,1,bounded-deontics,Legal documents categorization by compression,Antonio Mastropaolo; Francesco Pallante; Daniele Paolo Radicioni,http://hdl.handle.net/2318/135584,conf/icail/MastropaoloPR13
899,1.54,JURIX,2009,0,0,0,2,8,0,,MetaLex Naming Conventions and the Semantic Web,Alexander Boer,,conf/jurix/Boer09
900,1.54,JURIX,2013,0,0,0,0,5,1,intro-executable,"Classification of Regulatory Paragraphs by Discourse Structure, Reference Structure, and Regulation Type",Alan Buabuchachart; Katherine Metcalf; Nina Charness; Leora Morgenstern,,conf/jurix/BuabuchachartMCM13
901,1.54,JURIX,2018,0,0,0,0,5,1,determinacy,Towards Explainable Semantic Text Matching,Jörg Landthaler; Ingo Glaser; Florian Matthes,https://doi.org/10.3233/978-1-61499-935-5-200,conf/jurix/LandthalerGM18
902,1.54,JURIX,2022,0,0,0,0,5,1,bounded-deontics,Automating the Response to GDPR&apos;s Right of Access,Beatriz Esteves; Víctor Rodríguez-Doncel; Ricardo Longares,https://ebooks.iospress.nl/pdf/doi/10.3233/FAIA220462,conf/jurix/EstevesRL22
903,1.53,ICAIL,2019,0,1,0,0,2,0,,ADEPT: Automated Directive Extraction from Policy Texts,Karl Branting; Stacy Petersen; David Shin; Jim Finegan; Carlos Balhana; Alex Lyte; Craig Pfeifer,,conf/icail/BrantingPSFBLP19
904,1.53,ICAIL,2023,0,1,0,0,2,0,,Gender Disparities in Child Custody Sentencing in Spain: a Data Driven Analysis,Júlia Riera; David Solans; Marzieh Karimi-Haghighi; Carlos Castillo; Caterina Calsamiglia,,conf/icail/RieraSK0C23
905,1.53,JURIX,2020,0,1,0,0,2,0,,Ontology-Based Liability Decision Support in the International Maritime Law,Mirna El Ghosh; Habib Abdulrab,https://ebooks.iospress.nl/pdf/doi/10.3233/FAIA200882,conf/jurix/GhoshA20
906,1.53,JURIX,2022,0,1,0,0,2,0,,Extracting References from German Legal Texts Using Named Entity Recognition,Silvio Peikert; Celia Birle; Jamal Al Qundus; Le Duyen Sandra Vu; Adrian Paschke,https://ebooks.iospress.nl/pdf/doi/10.3233/FAIA220472,conf/jurix/PeikertBQVP22
907,1.53,JURIX,2023,0,1,0,0,2,0,,Challenges in Adapting LLMs for Transparency: Complying with Art. 14 EU AI Act,Lukasz Górski; Shashishekar Ramakrishna,https://ebooks.iospress.nl/pdf/doi/10.3233/FAIA230974,conf/jurix/GorskiR23
908,1.53,JURIX,2023,0,1,0,0,2,0,,Event Extraction and Semantic Representation from Spanish Workers&apos; Statute Using Large Language Models,Gabriela Argüelles Terrón; Patricia Martín-Chozas; Víctor Rodríguez-Doncel,https://ebooks.iospress.nl/pdf/doi/10.3233/FAIA230983,conf/jurix/TerronMR23
909,1.5,JURIX,2014,0,0,0,2,7,0,,"Punishments, Rewards, and the Production of Evidence",Alexander Boer,,conf/jurix/Boer14
910,1.48,DEON,2008,0,0,0,0,4,1,bounded-deontics,Strata of Intervenient Concepts in Normative Systems,Lars Lindahl; Jan Odelstad,,conf/deon/LindahlO08
911,1.48,ICAIL,1993,0,0,0,0,4,1,determinacy,Legal Knowledge Acquisition Using Case-Based Reasoning and Model Inference,Takahira Yamaguti; Masaki Kurematsu,https://dl.acm.org/doi/pdf/10.1145/158976.159003,conf/icail/YamagutiK93
912,1.48,ICAIL,2013,0,0,0,1,21,0,,A system for classifying multi-label text into EuroVoc,Guido Boella; Luigi Di Caro; Daniele Rispoli; Livio Robaldo,,conf/icail/BoellaCRR13
913,1.48,JURIX,2019,0,0,0,0,4,1,bounded-deontics,Privacy and Monopoly Concerns in Data-Driven Transactions,Duygu Aksit Karaçam,https://doi.org/10.3233/faia190316,conf/jurix/Karacam19
914,1.47,ICAIL,2007,0,0,0,1,20,0,,Bargaining in the shadow of the law - using utility functions to support legal negotiation,John Zeleznikow; Emilia Bellucci; Uri J. Schild; Geraldine Mackenzie,http://dro.deakin.edu.au/eserv/DU:30032778/bellucci-bargaininginthe-post-2007.pdf,conf/icail/ZeleznikowBSM07
915,1.46,JURIX,2013,0,0,0,2,6,0,,A Proposal for Introducing the ECLI Standard in the Italian Judicial Documentary System,Lorenzo Bacci; Enrico Francesconi; Maria-Teresa Sagri,,conf/jurix/BacciFS13
916,1.46,JURIX,2016,0,0,0,2,6,0,,Differentiation and Empirical Analysis of Reference Types in Legal Documents,Bernhard Waltl; Jörg Landthaler; Florian Matthes,,conf/jurix/WaltlLM16
917,1.46,JURIX,2017,0,0,0,2,6,0,,"Linking European Case Law: BO-ECLI Parser, an Open Framework for the Automatic Extraction of Legal Links",Tommaso Agnoloni; Lorenzo Bacci; Ginevra Peruginelli; Marc van Opijnen; Jos van den Oever; Monica Palmirani; Luca Cervone; Octavian Bujor; Arantxa Arsuaga Lecuona; Alberto Boada García; Luigi Di Caro; Giovanni Siragusa,https://doi.org/10.3233/978-1-61499-838-9-113,conf/jurix/AgnoloniBPOOPCB17
918,1.45,ICAIL,2017,0,0,0,1,19,0,,Effectiveness results for popular e-discovery algorithms,Eugene Yang; David A. Grossman; Ophir Frieder; Roman Yurchak,,conf/icail/YangGFY17
919,1.44,ICAIL,2021,0,0,0,1,18,0,,Enhancing a recidivism prediction tool with machine learning: effectiveness and algorithmic fairness,Marzieh Karimi-Haghighi; Carlos Castillo,,conf/icail/Karimi-Haghighi21
920,1.42,DEON,2010,0,0,0,1,17,0,,Privacy Policies with Modal Logic: The Dynamic Turn,Guillaume Aucher; Guido Boella; Leendert W. N. van der Torre,https://inria.hal.science/inria-00556079,conf/deon/AucherBT10
921,1.42,ICAIL,1987,0,0,0,2,5,0,,A Process Specification of Expert Lawyer Reasoning,D. P. O&apos;Neil,,conf/icail/ONeil87
922,1.42,ICAIL,2015,0,0,0,1,17,0,,"The case law of the Italian constitutional court, its power laws, and the web of scholarly opinions",Tommaso Agnoloni; Ugo Pagallo,,conf/icail/AgnoloniP15
923,1.42,JURIX,2012,0,0,0,0,3,1,defeasible-fm,Formalising a legal opinion on a legislative proposal in the ASPIC+ framework,Henry Prakken,,conf/jurix/Prakken12
924,1.42,JURIX,2023,0,0,0,0,3,1,bounded-deontics,Towards a Semantic Specification for GDPR Data Breach Reporting,Harshvardhan J. Pandit; Paul Ryan; Georg Philip Krog; Martin Crane; Rob Brennan,https://ebooks.iospress.nl/pdf/doi/10.3233/FAIA230956,conf/jurix/PanditRKCB23
925,1.42,JURIX,2024,0,0,0,2,5,0,,Using LLMs to Discover Legal Factors,Morgan A. Gray; Jaromír Savelka; Wesley M. Oliver; Kevin D. Ashley,https://ebooks.iospress.nl/pdf/doi/10.3233/FAIA241234,conf/jurix/GraySOA24
926,1.41,ICAIL,2003,0,1,0,0,1,0,,Analyzing the use of Dynamic Weights in Legal Case Based System,Tânia C. D&apos;Agostini Bueno; Andre Bortolon; Hugo Cesar Hoeschl; Eduardo da Silva Mattos; Marcelo S. Ribeiro,,conf/icail/BuenoBHMR03
927,1.41,ICAIL,2003,0,1,0,0,1,0,,About the Fusion of Legal Knowledge with Exceptions,Éric Grégoire,,conf/icail/Gregoire03
928,1.41,ICAIL,2003,0,1,0,0,1,0,,Using Configuration Technology as the Core of a Legal Decision Support System,Erik Roland van der Meer; I. S. Henriksen; Henrik Reif Andersen,,conf/icail/MeerHA03
929,1.41,ICAIL,2009,0,1,0,0,1,0,,Evidence transmutations: gathering admissible evidence using belief revision,Mary-Anne Williams,,conf/icail/Williams09
930,1.41,ICAIL,2013,0,1,0,0,1,0,,Semi-automatic creation of Wigmore Diagrams,Michal Chalamish; Moshe Hazoom; Uri J. Schild,,conf/icail/ChalamishHS13
931,1.41,ICAIL,2013,0,1,0,0,1,0,,Synthesising implicit contracts,Gordon J. Pace; Fernando Schapachnik,https://www.um.edu.mt/library/oar//handle/123456789/23054,conf/icail/PaceS13
932,1.41,ICAIL,2023,0,1,0,0,1,0,,Extraction and Classification of Statute Facets using Few-shot Learning,Sachin Pawar; Basit Ali; Girish K. Palshikar; Ramandeep Singh; Dhirendra Singh,,conf/icail/PawarAPSS23
933,1.41,JURIX,2016,0,1,0,0,1,0,,On Legal Validity,Michal Araszkiewicz; Pompeu Casanovas,https://ddd.uab.cat/record/203375,conf/jurix/AraszkiewiczC16
934,1.41,JURIX,2022,0,1,0,0,1,0,,On Capturing Legal Knowledge in Ontology and Process Models Combined,Melissa Zorzanelli Costa; Giancarlo Guizzardi; João Paulo A. Almeida,https://ebooks.iospress.nl/pdf/doi/10.3233/FAIA220478,conf/jurix/CostaGA22
935,1.41,JURIX,2023,0,1,0,0,1,0,,LeDA: A System for Legal Data Annotation,Subinay Adhikary; Dwaipayan Roy; Debasis Ganguly; Shouvik Kumar Guha; Kripabandhu Ghosh,https://ebooks.iospress.nl/pdf/doi/10.3233/FAIA230990,conf/jurix/Adhikary0GGG23
936,1.39,DEON,2004,0,0,0,1,15,0,,Specifying Multiagent Organizations,Leendert W. N. van der Torre; Joris Hulstijn; Mehdi Dastani; Jan M. Broersen,https://dspace.library.uu.nl/handle/1874/19965,conf/deon/TorreHDB04
937,1.37,ICAIL,1991,0,0,0,1,14,0,,Developer&apos;s Choice in the Legal Domain: The Sisyphean Journey with DBR or Down Hill with Rules (a working paper for the case-rules panel at the third international conference of artificial intelligence and law),Donald H. Berman,https://dl.acm.org/doi/pdf/10.1145/112646.112685,conf/icail/Berman91
938,1.37,JURIX,2017,0,0,0,1,14,0,,Answering Legal Research Questions About Dutch Case Law with Network Analysis and Visualization,Dafne E. van Kuppevelt; Gijs van Dijck,https://doi.org/10.3233/978-1-61499-838-9-95,conf/jurix/KuppeveltD17
939,1.37,JURIX,2021,0,0,0,1,14,0,,The Unreasonable Effectiveness of the Baseline: Discussing SVMs in Legal Text Classification,Benjamin Clavié; Marc Alphonsus,https://ebooks.iospress.nl/pdf/doi/10.3233/FAIA210317,conf/jurix/ClavieA21
940,1.36,ICAIL,1993,0,0,0,2,4,0,,Similarity in Harder Cases: Sentencing for Fraud,Ruth Murbach; Éva Nonn,,conf/icail/MurbachN93
941,1.36,ICAIL,2001,0,0,0,2,4,0,,Advisory systems for pro se litigants,Karl Branting,,conf/icail/Branting01
942,1.36,ICAIL,2015,0,0,0,2,4,0,,Elliptical lists in legislative texts,Réka Markovich; Syi; Gábor Hamp,,conf/icail/MarkovichSH15
943,1.36,JURIX,2016,0,0,0,2,4,0,,Towards Data-Driven Style Checking: An Example for Law Texts,Kyoko Sugisaki,https://www.zora.uzh.ch/id/eprint/128825/1/SUGISAKI_11.pdf,conf/jurix/Sugisaki16
944,1.36,JURIX,2020,0,0,0,2,4,0,,CAP-A: A Suite of Tools for Data Privacy Evaluation of Mobile Applications,Ioannis Chrysakis; Giorgos Flouris; George Ioannidis; Maria Makridaki; Theodore Patkos; Yannis Roussakis; Georgios Samaritakis; Alexandru Stan; Nikoleta Tsampanaki; Elias Tzortzakakis; Elisjana Ymeralli,https://ebooks.iospress.nl/pdf/doi/10.3233/FAIA200881,conf/jurix/ChrysakisFIMPRS20a
945,1.35,ICAIL,2001,0,0,0,1,13,0,,Automated reasoning with legal XML documents,Laurence L. Leff,,conf/icail/Leff01
946,1.35,ICAIL,2021,0,0,0,1,13,0,,Anonymization of german legal court rulings,Ingo Glaser; Tom Schamberger; Florian Matthes,,conf/icail/GlaserSM21
947,1.35,JURIX,2016,0,0,0,1,13,0,,On Top of Topics: Leveraging Topic Modeling to Study the Dynamic Case-Law of International Courts,Yannis Panagis; Martin Lolle Christensen; Urska Sadl,,conf/jurix/PanagisCS16
948,1.33,DEON,1996,0,0,0,0,2,1,bounded-deontics,The Logic of Normative Systems,Arnold A. Johanson,,conf/deon/Johanson96
949,1.33,DEON,2006,0,0,0,0,2,1,bounded-deontics,On the Normative Aspect of Signalling Conventions,Andrew J. I. Jones; Steven O. Kimbrough,,conf/deon/JonesK06
950,1.33,DEON,2014,0,0,0,0,2,1,bounded-deontics,Denial of Responsibility and Normative Negation,Federico L. G. Faroldi,https://philpapers.org/archive/FARDOR-3.pdf,conf/deon/Faroldi14
951,1.33,DEON,2014,0,0,0,0,2,1,bounded-deontics,Factoring Disjunction Out of Deontic Modal Puzzles,Melissa Fusco,,conf/deon/Fusco14
952,1.33,DEON,2014,0,0,0,0,2,1,bounded-deontics,Deontic Diversity,Sven Ove Hansson,,conf/deon/Hansson14
953,1.33,ICAIL,2003,0,0,0,0,2,1,determinacy,Client-System Collaboration for Legal Corpus Selection in an Online Production Environment,Jack G. Conrad; Joanne S. Claussen,,conf/icail/ConradC03
954,1.33,JURIX,2011,0,0,0,0,2,1,bounded-deontics,An experiment to find the deep structure of Estonian legislation,Ermo Täks; Leo Vohandu; Ahti Lohk; Innar Liiv,,conf/jurix/TaksVLL11
955,1.33,JURIX,2017,0,0,0,0,2,1,determinacy,Concept Recognition in European and National Law,Rohan Nanda; Giovanni Siragusa; Luigi Di Caro; Martin Theobald; Guido Boella; Livio Robaldo; Francesco Costamagna,https://doi.org/10.3233/978-1-61499-838-9-193,conf/jurix/NandaSCTBRC17
956,1.33,JURIX,2020,0,0,0,0,2,1,determinacy,Generalizing Culprit Resolution in Legal Debugging with Background Knowledge,Wachara Fungwacharakorn; Ken Satoh,https://ebooks.iospress.nl/pdf/doi/10.3233/FAIA200849,conf/jurix/Fungwacharakorn20
957,1.33,JURIX,2021,0,0,0,0,2,1,determinacy,Analyze the Usage of Legal Definitions in Indonesian Regulation Using Text Mining Case Study: Treasury and Budget Law,Bakhtiar Amaludin; Fitria Ratna Wardika; Putu Jasprayana Mudana Putra; I Gede Yudi Paramartha,https://ebooks.iospress.nl/pdf/doi/10.3233/FAIA210324,conf/jurix/AmaludinWPP21
958,1.33,JURIX,2023,0,0,0,0,2,1,determinacy,BUNDESTAG-MINE: Natural Language Processing for Extracting Key Information from Government Documents,Kevin Bönisch; Giuseppe Abrami; Sabine Wehnert; Alexander Mehler,https://ebooks.iospress.nl/pdf/doi/10.3233/FAIA230996,conf/jurix/AbramiWM23
959,1.33,JURIX,2023,0,0,0,0,2,1,intro-executable,Insurance Portfolio Analysis as Containment Testing,Preston Carlson; Michael R. Genesereth,https://ebooks.iospress.nl/pdf/doi/10.3233/FAIA230957,conf/jurix/CarlsonG23
960,1.33,JURIX,2024,0,0,0,0,2,1,bounded-deontics,Harmonizing AI Data Governance: Profiling ISO/IEC 5259 to Meet the Requirements of the EU AI Act,Kuruvilla George Aiyankovil; Dave Lewis,https://ebooks.iospress.nl/pdf/doi/10.3233/FAIA241270,conf/jurix/Aiyankovil024
961,1.32,ICAIL,1989,0,0,0,1,12,0,,A Specialized Expert System for Judicial Decision Support,V. P. Pethe; C. P. Rippey; Laxmikant V. Kalé,https://dl.acm.org/doi/pdf/10.1145/74014.74038,conf/icail/PetheRK89
962,1.32,ICAIL,2013,0,0,0,1,12,0,,Extracting debate graphs from parliamentary transcripts: a study directed at UK house of commons debates,Zaher Salah; Frans Coenen; Davide Grossi,,conf/icail/SalahCG13
963,1.3,ICAIL,1991,0,0,0,1,11,0,,Conceptual Information Retrieval in Litigation Support Systems,Vijay Mital; Agathoclis Kyprou Stylianou; Les Johnson,,conf/icail/MitalSJ91
964,1.3,ICAIL,2007,0,0,0,1,11,0,,P2P systems in legal networks: another &quot;small world&quot; case,Ugo Pagallo; Giancarlo Ruffo,,conf/icail/PagalloR07
965,1.3,ICAIL,2019,0,0,0,1,11,0,,Machine learning for explaining and ranking the most influential matters of law,Max Raphael Sobroza Marques; Tommaso Bianco; Maxime Roodnejad; Thomas Baduel; Claude Berrou,,conf/icail/MarquesBRBB19
966,1.3,ICAIL,2023,0,0,0,1,11,0,,Keyword-based Augmentation Method to Enhance Abstractive Summarization for Legal Documents,Huyen Nguyen; Junhua Ding,,conf/icail/NguyenD23
967,1.3,JURIX,2012,0,0,0,1,11,0,,Citation Analysis and Beyond: in Search of Indicators Measuring Case Law Importance,Marc van Opijnen,,conf/jurix/Opijnen12
968,1.3,JURIX,2020,0,0,0,1,11,0,,A Common Semantic Model of the GDPR Register of Processing Activities,Paul Ryan; Harshvardhan J. Pandit; Rob Brennan,https://ebooks.iospress.nl/pdf/doi/10.3233/FAIA200876,conf/jurix/RyanPB20
969,1.29,ICAIL,2023,0,0,0,2,3,0,,Beyond Readability with RateMyPDF: A Combined Rule-based and Machine Learning Approach to Improving Court Forms,Quinten Steenhuis; Bryce Willey; David Colarusso,,conf/icail/SteenhuisWC23
970,1.29,JURIX,2018,0,0,0,2,3,0,,Using Agreement Statements to Identify Majority Opinion in UKHL Case Law,Josef Valvoda; Oliver Ray; Ken Satoh,https://doi.org/10.3233/978-1-61499-935-5-141,conf/jurix/ValvodaRS18
971,1.29,JURIX,2020,0,0,0,2,3,0,,Evaluating the Data Privacy of Mobile Applications Through Crowdsourcing,Ioannis Chrysakis; Giorgos Flouris; George Ioannidis; Maria Makridaki; Theodore Patkos; Yannis Roussakis; Georgios Samaritakis; Alexandru Stan; Nikoleta Tsampanaki; Elias Tzortzakakis; Elisjana Ymeralli,https://ebooks.iospress.nl/pdf/doi/10.3233/FAIA200868,conf/jurix/ChrysakisFIMPRS20
972,1.29,JURIX,2023,0,0,0,2,3,0,,Centrality Scores and Precedent Value in Legal Network Analysis,Gijs van Dijck,https://ebooks.iospress.nl/pdf/doi/10.3233/FAIA230970,conf/jurix/Dijck23
973,1.27,ICAIL,2007,0,0,0,1,10,0,,Legal atlas: access to legal sources through maps,Radboud Winkels; Alexander Boer; Erik Hupkes,,conf/icail/WinkelsBH07
974,1.27,ICAIL,2017,0,0,0,1,10,0,,A sequence approach to case outcome detection,Tom Vacek; Frank Schilder,,conf/icail/VacekS17
975,1.27,JURIX,2018,0,0,0,1,10,0,,Chronicle of a Clash Foretold: Blockchains and the GDPR&apos;s Right to Erasure,Ugo Pagallo; Eleonora Bassi; Marco Crepaldi; Massimo Durante,https://doi.org/10.3233/978-1-61499-935-5-81,conf/jurix/PagalloBCD18
976,1.25,ICAIL,1989,0,0,0,1,9,0,,An Attempted Dimensional Analysis of the Law Governing Government Appeals in Criminal Cases,Simon Mendelson,https://dl.acm.org/doi/pdf/10.1145/74014.74032,conf/icail/Mendelson89
977,1.25,ICAIL,1993,0,0,0,1,9,0,,Towards a Legal Analogical Reasoning System: Knowledge Representation and Reasoning Methods,Hajime Yoshino; Makoto Haraguchi; Seiichiro Sakurai; Sigeru Kagayama,,conf/icail/YoshinoHSK93
978,1.25,ICAIL,1995,0,0,0,1,9,0,,Intelligent Computer Systems for Criminal Sentencing,Uri J. Schild,https://dl.acm.org/doi/pdf/10.1145/222092.222247,conf/icail/Schild95
979,1.25,JURIX,2008,0,0,0,1,9,0,,Development of a mediation tool in Family Law: AssetDivider,Emilia Bellucci,,conf/jurix/Bellucci08
980,1.25,JURIX,2012,0,0,0,1,9,0,,Multi-label Classification of Legislative Text into EuroVoc,Guido Boella; Luigi Di Caro; Leonardo Lesmo; Daniele Rispoli; Livio Robaldo,,conf/jurix/BoellaCLRR12
981,1.21,DEON,2006,0,0,0,0,1,1,bounded-deontics,Propositional Quantifiers in Deontic Logic,Gert-Jan C. Lokhorst,,conf/deon/Lokhorst06
982,1.21,DEON,2014,0,0,0,0,1,1,bounded-deontics,A Deontic Logic of Actions and States,Robert Trypuz; Piotr Kulicki,,conf/deon/TrypuzK14
983,1.21,ICAIL,1995,0,0,0,1,8,0,,Just Decisions Using Multiple Criteria Or: Who Gets the Porsche? An Application of Ronald R. Yager&apos;s Fuzzy Logic Method,Lothar Philipps,https://dl.acm.org/doi/pdf/10.1145/222092.222237,conf/icail/Philipps95
984,1.21,ICAIL,2001,0,0,0,0,1,1,determinacy,System development a la MODDE,Tunde Meikle; John Yearwood,,conf/icail/MeikleY01
985,1.21,ICAIL,2009,0,0,0,0,1,1,determinacy,Intelligent hybrid approach to false identity detection,Tossapon Boongoen; Qiang Shen,,conf/icail/BoongoenS09
986,1.21,ICAIL,2009,0,0,0,1,8,0,,Definitions in Court Decisions - Automatic Extraction and Ontology Acquisition,Stephan Walter; Manfred Pinkal,,conf/icail/WalterP09
987,1.21,ICAIL,2021,0,0,0,0,1,1,determinacy,Prediction of monetary penalties for data protection cases in multiple languages,Aaron Ceross; Tingting Zhu,,conf/icail/CerossZ21
988,1.21,ICAIL,2025,0,0,0,0,1,1,determinacy,"Bridging Legal Knowledge and AI: Retrieval-Augmented Generation with Vector Stores, Knowledge Graphs, and Hierarchical Non-negative Matrix Factorization",Ryan Calvin Barron; Maksim Ekin Eren; Olga M. Serafimova; Cynthia Matuszek; Boian S. Alexandrov,https://doi.org/10.1145/3769126.3769215,conf/icail/BarronESMA25
989,1.21,ICAIL,2025,0,0,0,0,1,1,determinacy,From Legal Text to Tech Specs: Generative AI&apos;s Interpretation of Consent in Privacy Law,Aniket Kesari; Travis D. Breaux; Sarah Santos; Tom Norton; Anmol Singhal,https://doi.org/10.1145/3769126.3769241,conf/icail/KesariBSNS25
990,1.21,JURIX,2008,0,0,0,0,1,1,determinacy,Representing narrative and testimonial knowledge in sense-making software for crime analysis,Susan W. van den Braak; Herre van Oostendorp; Henry Prakken; Gerard Vreeswijk,,conf/jurix/BraakOPV08
991,1.21,JURIX,2009,0,0,0,1,8,0,,Link Analysis of Fuel Laundering Scams and Implications of Results for Scheme Understanding and Prosecutor Strategy,Czeslaw Jedrzejek; Maciej Falkowski; Maciej Smolenski,,conf/jurix/JedrzejekFS09
992,1.21,JURIX,2010,0,0,0,0,1,1,defeasible-fm,Argumentation with Value Judgments - An Example of Hypothetical Reasoning,Matthias Grabmair; Kevin D. Ashley,,conf/jurix/GrabmairA10
993,1.21,JURIX,2013,0,0,0,0,1,1,bounded-deontics,LKIF in Commercial Legal Practice: Transaction Configuration from Eurobonds to Copyright,Orlando Conetta; Burkhard Schafer,,conf/jurix/ConettaS13
994,1.21,JURIX,2016,0,0,0,1,8,0,,Making a Cold Start in Legal Recommendation: An Experiment,Alexander Boer; Radboud Winkels,https://pure.uva.nl/ws/files/8187553/nieuwepaper_cold_start.pdf,conf/jurix/BoerW16
995,1.21,JURIX,2020,0,0,0,1,8,0,,The Role of Vocabulary Mediation to Discover and Represent Relevant Information in Privacy Policies,Valentina Leone; Luigi Di Caro,https://ebooks.iospress.nl/pdf/doi/10.3233/FAIA200851,conf/jurix/LeoneC20
996,1.21,JURIX,2023,0,0,0,0,1,1,bounded-deontics,Connecting Rule-Based and Case-Based Representations of Soft-Constraint Norms,Wachara Fungwacharakorn; Kanae Tsushima; Hiroshi Hosobe; Hideaki Takeda; Ken Satoh,https://ebooks.iospress.nl/pdf/doi/10.3233/FAIA230959,conf/jurix/Fungwacharakorn23
997,1.21,JURIX,2023,0,0,0,0,1,1,intro-executable,Executing United States Bills into Law: A Working Application in the United States House,Sela Mador-Haim; Ari Hershowitz,https://ebooks.iospress.nl/pdf/doi/10.3233/FAIA230969,conf/jurix/Mador-HaimH23
998,1.21,JURIX,2023,0,0,0,0,1,1,determinacy,Assessing Ocean&apos;s Legal Protection Using AI: A New Dataset and a BERT-Based Classifier,Youssef Al Mouatamid; Jihad Zahir; Marie Bonnin; Hajar Mousannif,https://ebooks.iospress.nl/pdf/doi/10.3233/FAIA230972,conf/jurix/MouatamidZBM23
999,1.21,JURIX,2024,0,0,0,0,1,1,intro-executable,Fighting the Knowledge Representation Bottleneck with Large Language Models,Marco Billi; Giuseppe Pisano; Marco Sanchi,https://ebooks.iospress.nl/pdf/doi/10.3233/FAIA241230,conf/jurix/BilliPS24
1000,1.21,JURIX,2024,0,0,0,0,1,1,bounded-deontics,Ontology-Based Approach for Mapping Concepts and Requirements from Regulations and Standards: The Case of the EU AI Act and International Standards,Julio Hernandez; Delaram Golpayegani; David Lewis,https://ebooks.iospress.nl/pdf/doi/10.3233/FAIA241258,conf/jurix/HernandezG024
1001,1.2,ICAIL,1993,0,1,0,0,0,0,,The Use of an ATMS Inconsistency Checking of a Legal Expert System,Olav Hødnebø; Edvard Løkketangen,,conf/icail/HodneboL93
1002,1.2,ICAIL,1995,0,1,0,0,0,0,,Enhancing the Applicability of Empirical Data Using Legal Knowledge Based Systems,Jorgen S. Svensson,https://dl.acm.org/doi/pdf/10.1145/222092.222199,conf/icail/Svensson95
1003,1.2,ICAIL,2003,0,1,0,0,0,0,,A Meta-Level Approach to the Analysis of Legal Phenomena based on the Key Concept of Reduction,Clara P. Smith,,conf/icail/Smith03
1004,1.2,ICAIL,2025,0,1,0,0,0,0,,ALEXChat: a Generative - Symbolic Approach to Legal eXplainability,Marco Billi; Alessandro Parenti; Giuseppe Pisano; Marco Sanchi,https://doi.org/10.1145/3769126.3769234,conf/icail/BilliPPS25
1005,1.2,JURIX,2022,0,1,0,0,0,0,,Fundamental Revisions on Constraint Hierarchies for Ethical Norms,Wachara Fungwacharakorn; Kanae Tsushima; Ken Satoh,https://ebooks.iospress.nl/pdf/doi/10.3233/FAIA220464,conf/jurix/Fungwacharakorn22
1006,1.2,JURIX,2022,0,1,0,0,0,0,,Toward an Integrated Annotation and Inference Platform for Enhancing Justifications for Algorithmically Generated Legal Recommendations and Decisions,Yi-Tang Huang; Hong-Ren Lin; Chao-Lin Liu,https://ebooks.iospress.nl/pdf/doi/10.3233/FAIA220481,conf/jurix/HuangLL22
1007,1.2,JURIX,2022,0,1,0,0,0,0,,Scribe: A Specialized Collaborative Tool for Legal Judgment Annotation,Sid Ali Mahmoudi; Guillaume Zambrano; Charles Condevaux; Stéphane Mussard,https://ebooks.iospress.nl/pdf/doi/10.3233/FAIA220483,conf/jurix/MahmoudiZCM22
1008,1.18,ICAIL,1989,0,0,0,1,7,0,,Legal Reasoning - a Jurisprudential Description,P. Wahlgren,https://dl.acm.org/doi/pdf/10.1145/74014.74034,conf/icail/Wahlgren89
1009,1.18,ICAIL,1991,0,0,0,1,7,0,,Loge-Expert: From a Legal Expert System to an Information System for Non-Lawyers,Louis-Claude Paquin; François Blanchard; Claude Thomasset,,conf/icail/PaquinBT91
1010,1.18,ICAIL,1995,0,0,0,1,7,0,,Context Sensitive Case Comparisons in Practical Ethics: Reasoning About Reasons,Bruce M. McLaren; Kevin D. Ashley,,conf/icail/McLarenA95
1011,1.18,ICAIL,2017,0,0,0,1,7,0,,A scalable approach to legal question answering,Zachary Bennett; Tony Russell-Rose; Kate Farmer,https://research.gold.ac.uk/id/eprint/27125/1/ICAIL2017_LexisAnswers_camera_ready%20v10.pdf,conf/icail/BennettRF17
1012,1.18,JURIX,2009,0,0,0,1,7,0,,BestPortal: Lessons Learned in Lightweight Semantic Access to Court Proceedings,Rinke Hoekstra,,conf/jurix/Hoekstra09
1013,1.18,JURIX,2021,0,0,0,1,7,0,,Semantic Search and Summarization of Judgments Using Topic Modeling,Tien-Hsuan Wu; Ben Kao; Felix Chan; Anne S. Y. Cheung; Michael M. K. Cheung; Guowen Yuan; Yongxi Chen,https://ebooks.iospress.nl/pdf/doi/10.3233/FAIA210323,conf/jurix/WuKCCCYC21
1014,1.18,JURIX,2022,0,0,0,1,7,0,,Why Do Tenants Sue Their Landlords? Answers from a Topic Model,Olivier Salaün; Fabrizio Gotti; Philippe Langlais; Karim Benyekhlef,https://ebooks.iospress.nl/pdf/doi/10.3233/FAIA220454,conf/jurix/SalaunGLB22
1015,1.14,ICAIL,1989,0,0,0,1,6,0,,LESTER: Using Paradigm Cases in a Quasi-Precedential Legal Domain,Kenneth A. Lambert; Mark H. Grunewald,https://dl.acm.org/doi/pdf/10.1145/74014.74027,conf/icail/LambertG89
1016,1.14,ICAIL,1997,0,0,0,1,6,0,,The Use of Lexicons in Information Retrieval in Legal Databases,J. C. Smith,,conf/icail/Smith97
1017,1.14,ICAIL,2009,0,0,0,1,6,0,,Analyzing a complaint database by means of a genetic-based data mining algorithm,Jan van Dijk; Sunil Choenni; Frans Leeuw,,conf/icail/DijkCL09
1018,1.14,ICAIL,2009,0,0,0,1,6,0,,Legal metadata interchange framework to match CEN metalex,Monica Palmirani; Luca Cervone; Fabio Vitali,,conf/icail/PalmiraniCV09
1019,1.14,ICAIL,2023,0,0,0,1,6,0,,Improving Translation of Case Descriptions into Logical Fact Formulas using LegalCaseNER,May Myo Zin; Ha-Thanh Nguyen; Ken Satoh; Saku Sugawara; Fumihito Nishino,,conf/icail/ZinNSSN23
1020,1.14,JURIX,2012,0,0,0,1,6,0,,Argument Analysis with Factor Annotation Tool,Shumpei Kubosawa; Youwei Lu; Shogo Okada; Katsumi Nitta,,conf/jurix/KubosawaLON12
1021,1.12,DEON,2008,0,0,0,0,41,0,,Information Security Economics - and Beyond,Ross J. Anderson,https://link.springer.com/content/pdf/10.1007/978-3-540-74143-5_5.pdf,conf/deon/Anderson08
1022,1.1,ICAIL,1987,0,0,0,0,38,0,,Esplex: A Rule and Conceptual Model for Representing Statutes,Carlo Biagioli; Paola Mariani; Daniela Tiscornia,https://dl.acm.org/doi/pdf/10.1145/41735.41762,conf/icail/BiagioliMT87
1023,1.09,DEON,2006,0,0,0,1,5,0,,Speech Acts with Institutional Effects in Agent Societies,Robert Demolombe; Vincent Louis,,conf/deon/DemolombeL06
1024,1.09,DEON,2010,0,0,0,1,5,0,,Forbidding Undesirable Agreements: A Dependence-Based Approach to the Regulation of Multi-agent Systems,Paolo Turrini; Davide Grossi; Jan M. Broersen; John-Jules Ch. Meyer,,conf/deon/TurriniGBM10
1025,1.09,ICAIL,1997,0,0,0,1,5,0,,The Logic of Enactment (abstract),Lambèr M. M. Royakkers; Frank Dignum,https://dl.acm.org/doi/pdf/10.1145/261618.261666,conf/icail/RoyakkersD97
1026,1.09,ICAIL,2005,0,0,0,1,5,0,,Methodological Perspectives for Legal Ontologies Building: an Interdisciplinary Experience,Danièle Bourcier; Mélanie Dulong de Rosnay; Jacky Legrand,https://shs.hal.science/halshs-00632272,conf/icail/BourcierRL05
1027,1.09,ICAIL,2005,0,0,0,1,5,0,,Computational Linguistic Support for Legal Ontology Construction,Stephan Walter; Manfred Pinkal,http://www.coli.uni-saarland.de/projects/corte/icail.pdf,conf/icail/WalterP05
1028,1.09,ICAIL,2019,0,0,0,1,5,0,,Automated Bundle Pagination Using Machine Learning,Alessandro Torrisi; Robert Bevan; Katie Atkinson; Danushka Bollegala; Frans Coenen,,conf/icail/TorrisiBABC19
1029,1.09,JURIX,2008,0,0,0,1,5,0,,Police Investigation Management System Based on the Workflow Technology,Jolanta Cybulka; Czeslaw Jedrzejek; Jacek Martinek,,conf/jurix/CybulkaJM08
1030,1.09,JURIX,2008,0,0,0,1,5,0,,Thesauri Alignment for EU eGovernment Services: a Methodological Framework,Enrico Francesconi; Sebastiano Faro; Elisabetta Marinai,,conf/jurix/FrancesconiFM08
1031,1.09,JURIX,2012,0,0,0,1,5,0,,Compiling Regular Expressions to Extract Legal Modifications,Livio Robaldo; Leonardo Lesmo; Daniele Paolo Radicioni,http://hdl.handle.net/2318/135429,conf/jurix/RobaldoLR12
1032,1.09,JURIX,2013,0,0,0,1,5,0,,Creating Context Networks in Dutch Legislation,Radboud Winkels; Alexander Boer; Ivan Plantevin,https://pure.uva.nl/ws/files/55575853/136219_Winkels.pdf,conf/jurix/WinkelsBP13
1033,1.09,JURIX,2014,0,0,0,1,5,0,,Development of the eLen Regulation Database to Support Legislation of Municipalities,Makoto Nakamura; Tokuyasu Kakuta,,conf/jurix/NakamuraK14
1034,1.09,JURIX,2019,0,0,0,1,5,0,,Governmental Transparency in the Era of Artificial Intelligence,Tom M. van Engers; Dennis M. de Vries,https://dare.uva.nl/personal/pure/en/publications/governmental-transparency-in-the-era-of-artificial-intelligence(a2dc5842-e531-4205-93f4-0a9039339ee0).html,conf/jurix/EngersV19
1035,1.09,JURIX,2019,0,0,0,1,5,0,,Comparing Alternative Factor- and Precedent-Based Accounts of Precedential Constraint,Henry Prakken,https://doi.org/10.3233/faia190308,conf/jurix/Prakken19
1036,1.09,JURIX,2019,0,0,0,1,5,0,,Neural Network Based Rhetorical Status Classification for Japanese Judgment Documents,Hiroaki Yamada; Simone Teufel; Takenobu Tokunaga,https://doi.org/10.3233/faia190314,conf/jurix/YamadaTT19
1037,1.09,JURIX,2020,0,0,0,1,5,0,,Transformers for Classifying Fourth Amendment Elements and Factors Tests,Evan Gretok; David Langerman; Wesley M. Oliver,https://ebooks.iospress.nl/pdf/doi/10.3233/FAIA200850,conf/jurix/GretokLO20
1038,1.09,JURIX,2021,0,0,0,1,5,0,,A GDPR International Transfer Compliance Framework Based on an Extended Data Privacy Vocabulary (DPV),David Hickey; Rob Brennan,https://ebooks.iospress.nl/pdf/doi/10.3233/FAIA210332,conf/jurix/HickeyB21
1039,1.09,JURIX,2023,0,0,0,1,5,0,,A Question-Answering Approach to Evaluating Legal Summaries,Huihui Xu; Kevin D. Ashley,https://ebooks.iospress.nl/pdf/doi/10.3233/FAIA230977,conf/jurix/XuA23
1040,1.08,ICAIL,2009,0,0,0,0,35,0,,Creating an argumentation corpus: do theories apply to real arguments?: a case study on the legal argumentation of the ECHR,Raquel Mochales Palau; Aagje Ieven,,conf/icail/PalauI09
1041,1.04,ICAIL,1993,0,0,0,1,4,0,,SmartLaw: Adapting &quot;Classic&quot; Expert System Techniques for the Legal Research Domain,Carole D. Hafner; Virginia J. Wise,https://dl.acm.org/doi/pdf/10.1145/158976.158993,conf/icail/HafnerW93
1042,1.04,ICAIL,2001,0,0,0,1,4,0,,An AI investigation of citation&apos;s cognitive role,Kevin D. Ashley; Bruce M. McLaren,https://figshare.com/articles/journal_contribution/An_AI_Investigation_of_Citation_s_Epistemological_Role/6469787,conf/icail/AshleyM01
1043,1.04,ICAIL,2001,0,0,0,0,31,0,,Introducing PETE: computer support for teaching ethics,Ilya M. Goldin; Kevin D. Ashley; Rosa Lynn Pinkus,,conf/icail/GoldinAP01
1044,1.04,ICAIL,2007,0,0,0,1,4,0,,Negotiating logic: for richer or poorer,Pamela N. Gray; Xenogene Gray; John Zeleznikow,,conf/icail/GrayGZ07
1045,1.04,ICAIL,2019,0,0,0,1,4,0,,A Reliable and Accurate Multiple Choice Question Answering System for Due Diligence,Radha Chitta; Alexander K. Hudek,,conf/icail/ChittaH19
1046,1.04,JURIX,2009,0,0,0,1,4,0,,"Mediation, ODR, and the Web 2.0: A Case for Relational Justice",Marta Poblet; Pompeu Casanovas; José Manuel López Cobo; Alvaro Cabrerizo; Juan Antonio Prieto,,conf/jurix/PobletCCCP09
1047,1.04,JURIX,2018,0,0,0,1,4,0,,Efficient and Effective Case Reject-Accept Filtering: A Study Using Machine Learning,Robert Bevan; Alessandro Torrisi; Katie Atkinson; Danushka Bollegala; Frans Coenen,https://doi.org/10.3233/978-1-61499-935-5-171,conf/jurix/BevanTABC18
1048,1.04,JURIX,2020,0,0,0,1,4,0,,Retrieval of Prior Court Cases Using Witness Testimonies,Kripabandhu Ghosh; Sachin Pawar; Girish K. Palshikar; Pushpak Bhattacharyya; Vasudeva Varma,https://ebooks.iospress.nl/pdf/doi/10.3233/FAIA200848,conf/jurix/GhoshPPBV20
1049,1.04,JURIX,2021,0,0,0,1,4,0,,Improving Legal Case Summarization Using Document-Specific Catchphrases,Arpan Mandal; Paheli Bhattacharya; Sekhar Mandal; Saptarshi Ghosh,https://ebooks.iospress.nl/pdf/doi/10.3233/FAIA210320,conf/jurix/MandalBM021
1050,1.04,JURIX,2022,0,0,0,1,4,0,,An Interactive Natural Language Interface for PROLEG,Ha-Thanh Nguyen; Fumihito Nishino; Megumi Fujita; Ken Satoh,https://ebooks.iospress.nl/pdf/doi/10.3233/FAIA220484,conf/jurix/NguyenNFS22
1051,1.03,ICAIL,2021,0,0,0,0,30,0,,Regulating artificial intelligence: a technology regulator&apos;s perspective,Joshua Ellul; Gordon J. Pace; Stephen McCarthy; Trevor Sammut; Juanita Brockdorff; Matthew Scerri,https://dl.acm.org/doi/pdf/10.1145/3462757.3466093,conf/icail/EllulPMSBS21
1052,1.0,DEON,2004,0,0,0,0,0,1,bounded-deontics,"Obligation, Contracts, and Negotiation",Mark A. Brown,,conf/deon/Brown04
1053,1.0,DEON,2006,0,0,0,0,0,1,bounded-deontics,"Roles, Counts-as and Deontic and Action Logics",José Carmo,,conf/deon/Carmo06
1054,1.0,DEON,2006,0,0,0,0,0,1,bounded-deontics,Emotion Models for Situated Normative Systems?,Paolo Petta,,conf/deon/Petta06
1055,1.0,DEON,2016,0,0,0,0,,1,bounded-deontics,A Structured Argumentation Framework for Detaching Conditional Obligations,Mathieu Beirlaen; Christian Straßer,,conf/deon/BeirlaenS16
1056,1.0,DEON,2016,0,0,0,0,,1,bounded-deontics,Basic Action Deontic Logic,Alessandro Giordani; Ilaria Canavotto,,conf/deon/GiordaniC16
1057,1.0,DEON,2016,0,0,0,0,,1,bounded-deontics,Sequence Semantics for Norms and Obligations,Guido Governatori; Francesco Olivieri; Erica Calardo; Antonino Rotolo,,conf/deon/GovernatoriOCR16
1058,1.0,DEON,2016,0,0,0,0,,1,bounded-deontics,Conditional Normative Reasoning with Substructural Logics,Clayton Peterson; Piotr Kulicki,,conf/deon/PetersonK16
1059,1.0,DEON,2016,0,0,0,0,,1,bounded-deontics,Coarse Deontic Logic (short version),Frederik Van De Putte,,conf/deon/Putte16
1060,1.0,DEON,2018,0,0,0,0,,1,intro-executable,A Formalization of Kant&apos;s Second Formulation of the Categorical Imperative,Felix Lindner; Martin Mose Bentzen,,conf/deon/0001B18
1061,1.0,DEON,2018,0,0,0,0,,1,bounded-deontics,A Dyadic Deontic Logic in HOL,Christoph Benzmüller; Ali Farjami; Xavier Parent,,conf/deon/BenzmullerFP18
1062,1.0,DEON,2018,0,0,0,0,,1,bounded-deontics,Normative Conflicts in a Dynamic Logic of Norms and Codes,Ilaria Canavotto; Alessandro Giordani,,conf/deon/CanavottoG18
1063,1.0,DEON,2018,0,0,0,0,,1,bounded-deontics,Resolving Conflicting Obligations in M={I}M={A}S={A}: a Sequent-based Approach,Agata Ciabattoni; Francesca Gulisano; Björn Lellmann,,conf/deon/CiabattoniGL18
1064,1.0,DEON,2018,0,0,0,0,,1,bounded-deontics,S5 as a Deontic Logic,Fengkui Ju,,conf/deon/Ju18
1065,1.0,DEON,2018,0,0,0,0,,1,bounded-deontics,Contraction of Combined Normative Sets,Juliano Maranhão; Edelcio Gonçalves de Souza,,conf/deon/MaranhaoS18
1066,1.0,DEON,2018,0,0,0,0,,1,bounded-deontics,How to Take Heroin (if at all). Holistic Detachment in Deontic Logic,Frederik Van De Putte; Stefan Frijters; Joke Meheus,,conf/deon/PutteFM18
1067,1.0,DEON,2021,0,0,0,0,,1,bounded-deontics,The Varieties of Ought-Implies-Can and Deontic STIT Logic,Kees van Berkel; Tim S. Lyon,,conf/deon/0002L21
1068,1.0,DEON,2021,0,0,0,0,,1,bounded-deontics,Deontic Action Logics via Algebra,Pablo F. Castro; Valentin Cassano; Raul Fervari; Carlos Areces,,conf/deon/CastroCFA21
1069,1.0,DEON,2021,0,0,0,0,,1,bounded-deontics,Impossible and Conflicting Obligations in Justification Logic,Federico L. G. Faroldi; Meghdad Ghari,,conf/deon/FaroldiG21
1070,1.0,DEON,2021,0,0,0,0,,1,bounded-deontics,The Manchester Twins: Conflicts Between Directed Obligations,Stef Frijters; Thijs De Coninck,,conf/deon/FrijtersC21
1071,1.0,DEON,2021,0,0,0,0,,1,bounded-deontics,Reason-Based Deontic Logic,Alessandro Giordani,,conf/deon/Giordani21
1072,1.0,DEON,2021,0,0,0,0,,1,bounded-deontics,A Reduction in Violation Logic,Timo Lang,,conf/deon/Lang21
1073,1.0,DEON,2021,0,0,0,0,,1,bounded-deontics,Deontic Logic Based on Inquisitive Semantics,Karl Nygren,,conf/deon/Nygren21
1074,1.0,DEON,2021,0,0,0,0,,1,bounded-deontics,Input/Output Logic With a Consistency Check - the Case of Permission,Maya Olszewski; Xavier Parent; Leendert van der Torre,,conf/deon/OlszewskiPT21
1075,1.0,DEON,2021,0,0,0,0,,1,bounded-deontics,Term-Sequence-Dyadic Deontic Logic,Takahiro Sawasaki; Katsuhiko Sano,,conf/deon/SawasakiS21
1076,1.0,DEON,2023,0,0,0,0,,1,bounded-deontics,Inconsistent Precedents and Deontic Logic,Ilaria Canavotto,,conf/deon/Canavotto23
1077,1.0,DEON,2023,0,0,0,0,,1,bounded-deontics,Rights and Practical Reasoning in Deontic Logic,Huimin Dong; Dragan Doder; Xu Li; Réka Markovich; Leendert van der Torre; Marc van Zee,,conf/deon/DongDLMTZ23
1078,1.0,DEON,2023,0,0,0,0,,1,bounded-deontics,An Andersonian-Kangerian Reduction of Term-Modal Deontic Logics,Stef Frijters,,conf/deon/Frijters23
1079,1.0,DEON,2023,0,0,0,0,,1,bounded-deontics,Deontic Logic in a Hierarchical Framework,Rodrigo Mena González,,conf/deon/Gonzalez23
1080,1.0,DEON,2023,0,0,0,0,,1,bounded-deontics,Normative Properties of Sequential Actions,Fengkui Ju; Karl Nygren,,conf/deon/JuN23
1081,1.0,DEON,2023,0,0,0,0,,1,bounded-deontics,Beyond Reasons and Obligations: A Dual-Role Approach to Reasons and Supererogation,Aleks Knoks; David Streit,,conf/deon/KnoksS23
1082,1.0,DEON,2023,0,0,0,0,,1,bounded-deontics,Proof Theory for Admissibility in Two-Player (Deontic) Games,Edi Pavlovic; Frederik Van De Putte,,conf/deon/PavlovicP23
1083,1.0,DEON,2023,0,0,0,0,,1,bounded-deontics,Strong Permission Bundled: First Steps,Zilu Wang; Yanjing Wang,,conf/deon/WangW23
1084,1.0,DEON,2025,0,0,0,0,,1,bounded-deontics,Reasoning With and About Normative Conflicts,Kees van Berkel; Christian Straßer,,conf/deon/0002S25
1085,1.0,DEON,2025,0,0,0,0,,1,bounded-deontics,Norm Avoidance and Reinforcement Learning: Definitions and Analysis,Benoît Alcaraz; Emery A. Neufeld; Amro Najjar,,conf/deon/AlcarazNN25
1086,1.0,DEON,2025,0,0,0,0,,1,bounded-deontics,deolingo: Extending Answer Set Programming with Deontic Reasoning,Pedro Cabalar; Ovidio Manteiga,,conf/deon/CabalarM25
1087,1.0,DEON,2025,0,0,0,0,,1,bounded-deontics,Deontic Explanations in Åqvist&apos;s Systems,Agata Ciabattoni; Blaz Istenic Urh; Xavier Parent,,conf/deon/CiabattoniU025
1088,1.0,DEON,2025,0,0,0,0,,1,determinacy,When Judges Go Wrong: Modeling Discretion and the Duty of Care,Josephine Dik; Réka Markovich,,conf/deon/DikM25
1089,1.0,DEON,2025,0,0,0,0,,1,bounded-deontics,Navigating Permission and Exceptions: A First-Order Perspective,Josephine Dik; Dominik Pichler,,conf/deon/DikP25
1090,1.0,DEON,2025,0,0,0,0,,1,bounded-deontics,Normative Implications,Andrea De Domenico; Ali Farjami; Krishna Manoorkar; Alessandra Palmigiano; Mattia Panettiere; Apostolos Tzimoulis; Xiaolong Wang,,conf/deon/DomenicoFMPPTW25
1091,1.0,DEON,2025,0,0,0,0,,1,bounded-deontics,Trivalent Semantics for Conditional Obligations,Paul Égré; Lorenzo Rossi; Jan Sprenger,,conf/deon/Egre0S25
1092,1.0,DEON,2025,0,0,0,0,,1,intro-executable,Formalizing flint: A Logic of Preconditions and Consequences of Actions,Thom van Gessel; Frank Goossens,,conf/deon/GesselG25
1093,1.0,DEON,2025,0,0,0,0,,1,bounded-deontics,Deontic Argumentation,Guido Governatori; Antonino Rotolo,,conf/deon/GovernatoriR25
1094,1.0,DEON,2025,0,0,0,0,,1,bounded-deontics,Is Moral Particularism a Problem for Rule-Based Artificial Normative Systems?,Joris Graff,,conf/deon/Graff25
1095,1.0,DEON,2025,0,0,0,0,,1,defeasible-fm,"Reasons Against, Balancing, and Defeasible Logic",Aleks Knoks,,conf/deon/Knoks25
1096,1.0,DEON,2025,0,0,0,0,,1,bounded-deontics,Reasons and the Logic of Obligation,Stephan Krämer,,conf/deon/Kramer25
1097,1.0,DEON,2025,0,0,0,0,,1,bounded-deontics,Deontically Constrained Policy Improvement in Reinforcement Learning Agents,Alena Makarova; Houssam Abbas,,conf/deon/MakarovaA25
1098,1.0,DEON,2025,0,0,0,0,,1,bounded-deontics,Quantified Deontic STIT Logic,Edward Roussel; Stef Frijters,,conf/deon/RousselF25
1099,1.0,DEON,2025,0,0,0,0,,1,bounded-deontics,Integrating Action Choices and Well-Founded Semantics for Deontic Planning,Davide Soldà,,conf/deon/Solda25
1100,1.0,ICAIL,1999,0,0,0,0,,1,bounded-deontics,"Application of enriched deontic legal relations: Federal Rules of Civil Procedure Rule 7(a), pleadings",Layman E. Allen; Charles S. Saxon,,conf/icail/AllenS99
1101,1.0,ICAIL,1999,0,0,0,0,,1,bounded-deontics,"Precedent, deontic logic, and inheritance",John F. Horty,,conf/icail/Horty99
1102,1.0,ICAIL,1999,0,0,0,0,,1,determinacy,Developing computational models of discretion to build legal knowledge based systems,Yaakov HaCohen-Kerner; Uri J. Schild; John Zeleznikow,,conf/icail/KernerSZ99
1103,1.0,ICAIL,2003,0,0,0,0,0,1,bounded-deontics,Formal representation of the Institute of Criminal Liability,Bostjan Bercic,,conf/icail/Bercic03
1104,1.0,ICAIL,2007,0,0,0,0,0,1,bounded-deontics,Research abstracts 1: Logical structure of change of legal relations and its representation in legal knowledge base system,Hajime Yoshino,,conf/icail/Yoshino07
1105,1.0,ICAIL,2019,0,0,0,0,0,1,determinacy,Reducing Subjectivity and Bias in an Officer&apos;s Analysis of Suspicion in Drug Interdiction Stops,Arthur Crivella; Wesley M. Oliver; Morgan A. Gray,,conf/icail/CrivellaOG19
1106,1.0,ICAIL,2021,0,0,0,0,0,1,intro-executable,Labels distribution matters in performance achieved in legal judgment prediction tasks,Olivier Salaün; Philippe Langlais; Karim Benyekhlef,,conf/icail/SalaunLB21
1107,1.0,ICAIL,2023,0,0,0,0,0,1,determinacy,On the Semantic Difference of Judicial and Standard Language,Gregor Behnke; Niklas Wais,https://dl.acm.org/doi/pdf/10.1145/3594536.3595123,conf/icail/BehnkeW23
1108,1.0,ICAIL,2025,0,0,0,0,0,1,determinacy,EVENS: Equality versus Equity Notion Spectrum of LLMs,Qingjing Chen; Rongxin Cheng; Yan Liu; Ziheng Xie; Kangxin Zhao; Peiming Li; Antonino Rotolo; Yun Liu; Weixing Shen,https://doi.org/10.1145/3769126.3769262,conf/icail/ChenCLXZLA0S25
1109,1.0,ICAIL,2025,0,0,0,0,0,1,determinacy,Feasibility of Artificial Intelligence Driven Analysis in the Context of Nepalese Legal System,Abhiyan Dhakal; Sugat Sujakhu; Pranish Kafle; Kausik Paudel; Prakash Poudyal,https://doi.org/10.1145/3769126.3769249,conf/icail/DhakalSKPP25
1110,1.0,ICAIL,2025,0,0,0,0,0,1,determinacy,Decoding SEC Actions: Enforcement Trends through Analyzing Blockchain Litigation using LLM-based Thematic Factor Mapping,Junliang Luo; Xihan Xiong; William Knottenbelt; Xue Liu,https://doi.org/10.1145/3769126.3769235,conf/icail/LuoXK025
1111,1.0,ICAIL,2025,0,0,0,0,0,1,determinacy,Multi - agent Cooperative Mechanisms for Legal Adjudication: The Crucial Role of Automatic Prompt Optimization,Jiayu Ma; Shengran Wang; Yun Liu,https://doi.org/10.1145/3769126.3769213,conf/icail/MaWL25
1112,1.0,ICAIL,2025,0,0,0,0,0,1,bounded-deontics,ViNo - A Tool for the Visualisation of Norms,Bianca Steffes; Diogo Sasdelli,https://doi.org/10.1145/3769126.3769204,conf/icail/SteffesS25
1113,1.0,ICAIL,2025,0,0,0,0,0,1,determinacy,LLMs for Legal Subsumption in German Employment Contracts,Oliver Wardas; Florian Matthes,https://doi.org/10.1145/3769126.3769209,conf/icail/WardasM25
1114,1.0,JURIX,2005,0,0,0,0,,1,determinacy,Towards Modeling Systematic Interpretation of Codified Law,Matthias Grabmair; Kevin D. Ashley,,conf/jurix/GrabmairA05
1115,1.0,JURIX,2006,0,0,0,0,,1,bounded-deontics,Open and Closed Intermediaries in Normative Systems,Lars Lindahl; Jan Odelstad,,conf/jurix/LindahlO06
1116,1.0,JURIX,2013,0,0,0,0,0,1,bounded-deontics,Reflex Responsibility of Agents,Clara Smith; Antonino Rotolo; Giovanni Sartor,,conf/jurix/SmithRS13
1117,1.0,JURIX,2014,0,0,0,0,0,1,determinacy,Application of Topic Models to Judgments from Public Procurement Domain,Michal Lopuszynski,https://depot.ceon.pl/handle/123456789/5931,conf/jurix/Lopuszynski14
1118,1.0,JURIX,2015,0,0,0,0,0,1,determinacy,Towards Meaningful Maps of Polish Case Law,Michal Jungiewicz; Michal Lopuszynski,http://arxiv.org/pdf/1510.03421,conf/jurix/JungiewiczL15
1119,1.0,JURIX,2017,0,0,0,0,0,1,bounded-deontics,Timed Contract Compliance Under Event Timing Uncertainty,María-Emilia Cambronero; Luis Llana; Gordon J. Pace,https://doi.org/10.3233/978-1-61499-838-9-33,conf/jurix/CambroneroLP17
1120,1.0,JURIX,2017,0,0,0,0,0,1,determinacy,Argument Schemes for Discussing Bayesian Modellings of Complex Criminal Cases,Henry Prakken,,conf/jurix/Prakken17
1121,1.0,JURIX,2019,0,0,0,0,,1,intro-executable,On the Optimized Utilization of Smart Contracts in DLTs from the Perspective of Legal Representation and Legal Reasoning,Liuwen Yu,,conf/jurix/Yu19
1122,1.0,JURIX,2020,0,0,0,0,0,1,bounded-deontics,Monitoring and Enforcement as a Second-Order Guidance Problem,Giovanni Sileno; Alexander Boer; Tom M. van Engers,https://ebooks.iospress.nl/pdf/doi/10.3233/FAIA200877,conf/jurix/SilenoBE20
1123,1.0,JURIX,2024,0,0,0,0,0,1,intro-executable,DIREGA - Building Decision Support for German Register Law,Axel Adrian; Osman Anil Basaran; Nathan Dykes; Stephanie Evert; Michael Gritz; Merlin Humml; Michael Kohlhase; Johannes Lindner; Andreas Maier; Stephan Prettner; Max Rapp; Lutz Schröder; Verena Stürmer,https://ebooks.iospress.nl/pdf/doi/10.3233/FAIA241269,conf/jurix/AdrianBDEGHKLMP24
1124,1.0,JURIX,2024,0,0,0,0,0,1,intro-executable,Decision Support in Law: From Formalizing Rules to Reasoning with Justification,Jeremy Bouche-Pillon; Nathalie Aussenac-Gilles; Yannick Chevalier; Pascale Zaraté,https://ebooks.iospress.nl/pdf/doi/10.3233/FAIA241231,conf/jurix/Bouche-PillonAC24
1125,1.0,JURIX,2024,0,0,0,0,0,1,defeasible-fm,Annotating Legal Argument Schemes: A Parametric Approach,F. J. A. Goossens; H. J. Plug; Jean H. M. Wagemans,https://ebooks.iospress.nl/pdf/doi/10.3233/FAIA241257,conf/jurix/GoossensPW24
1126,1.0,JURIX,2025,0,0,0,0,0,1,bounded-deontics,JuriDiscovery: Automated Analysis of Legal Dispute Triggered by Public Policies Using Artificial Intelligence. A Case Study Applied to the Individual Microentrepreneur,Loreane Brandizzi; Guilherme Rodrigues,https://doi.org/10.3233/faia251573,conf/jurix/BrandizziR25
1127,1.0,JURIX,2025,0,0,0,0,0,1,bounded-deontics,Unconstitutionality Prevention in Bills Using Hybrid AI,Michele Corazza; Pier Francesco Bresciani; Generoso Longo; Faria Ferooz; Salvatore Sapienza; Monica Palmirani,https://doi.org/10.3233/faia251574,conf/jurix/CorazzaBLFSP25
1128,1.0,JURIX,2025,0,0,0,0,0,1,cnl,Extracting Unwritten Sentencing Rules from Czech Higher Courts&apos; Verdicts,Tomás Knap,https://doi.org/10.3233/faia251623,conf/jurix/Knap25
1129,1.0,JURIX,2025,0,0,0,0,0,1,determinacy,A GraphRAG Approach to Enhancing the Ability of Causal Reasoning in Autonomous Driving Cases,Jia Liu; Xingtong Chen,https://doi.org/10.3233/faia251625,conf/jurix/LiuC25
1130,1.0,JURIX,2025,0,0,0,0,0,1,determinacy,The Result Model Under Inconsistent Knowledge: Theory and Experiments,Yoann Morello; Agata Ciabattoni; Morgan Gray,https://doi.org/10.3233/faia251583,conf/jurix/MorelloCG25
1131,1.0,JURIX,2025,0,0,0,0,0,1,bounded-deontics,Multilingual Legislative Definitions Retrieval and Generation Using LLM and Agentic AI,Leonardo Zilli; Michele Corazza; Monica Palmirani; Salvatore Sapienza,https://doi.org/10.3233/faia251593,conf/jurix/ZilliCPS25
1132,1.0,JURIX,2025,0,0,0,0,0,1,bounded-deontics,From Court Decisions to Guiding Principles: Advancing Complex Legal Summarization with LLMs,May Myo Zin; Ken Satoh; Georg Borges,https://doi.org/10.3233/faia251612,conf/jurix/ZinSB25
1133,0.99,ICAIL,2009,0,0,0,0,26,0,,Query-based opinion summarization for legal blog entries,Jack G. Conrad; Jochen L. Leidner; Frank Schilder; Ravi Kondadadi,http://www.conradweb.org/~jackg/pubs/ICAIL09_Conrad.pdf,conf/icail/ConradLSK09
1134,0.97,DEON,2006,0,0,0,1,3,0,,Don&apos;t Ever Do That! Long-Term Duties in PDeL,Jesse Hughes; Lambèr M. M. Royakkers,,conf/deon/HughesR06
1135,0.97,ICAIL,1993,0,0,0,1,3,0,,Identification of Implicit Legal Requirements with Legal Abstract Knowledge,Seiichiro Sakurai; Hajime Yoshino,https://dl.acm.org/doi/pdf/10.1145/158976.159013,conf/icail/SakuraiY93
1136,0.97,ICAIL,2003,0,0,0,1,3,0,,Intelligent Computer Evaluation of Offender&apos; Previous Record,Uri J. Schild; Ruth Kannai,,conf/icail/SchildK03
1137,0.97,ICAIL,2007,0,0,0,1,3,0,,Essential deduplication functions for transactional databases in law firms,Jack G. Conrad; Edward L. Raymond,,conf/icail/ConradR07
1138,0.97,ICAIL,2021,0,0,0,0,24,0,,BERT-based ensemble methods with data augmentation for legal textual entailment in COLIEE statute law task,Masaharu Yoshioka; Yasuhiro Aoki; Youta Suzuki,,conf/icail/YoshiokaAS21
1139,0.97,JURIX,2009,0,0,0,1,3,0,,Automated Handling of Amending Documents and Resulting Consolidations,Emile de Maat; Saskia van de Ven; Radboud Winkels; Tom M. van Engers,,conf/jurix/MaatVWE09
1140,0.97,JURIX,2011,0,0,0,1,3,0,,Implementing Compliance Controls in Public Administration,Alexander Boer; Tom M. van Engers,,conf/jurix/BoerE11
1141,0.97,JURIX,2013,0,0,0,1,3,0,,From Information Retrieval (IR) to Argument Retrieval (AR) for Legal Cases: Report on a Baseline Study,Kevin D. Ashley; Vern R. Walker,,conf/jurix/AshleyW13
1142,0.97,JURIX,2016,0,0,0,1,3,0,,A Text Similarity Approach for Automated Transposition Detection of European Union Directives,Rohan Nanda; Luigi Di Caro; Guido Boella,http://hdl.handle.net/2318/1641218,conf/jurix/NandaCB16
1143,0.97,JURIX,2016,0,0,0,1,3,0,,Building a Corpus of Multi-Lingual and Multi-Format International Investment Agreements,Kyoko Sugisaki; Martin Volk; Rodrigo Polanco; Wolfgang Alschner; Dmitriy Skougarevskiy,https://www.zora.uzh.ch/id/eprint/127362/1/SUGISAKI_32.pdf,conf/jurix/SugisakiVPAS16
1144,0.97,JURIX,2017,0,0,0,1,3,0,,Utilizing Vector Space Models for Identifying Legal Factors from Text,Mohammad Hassan Falakmasir; Kevin D. Ashley,,conf/jurix/FalakmasirA17
1145,0.97,JURIX,2019,0,0,0,1,3,0,,Computer-Assisted Creation of Boolean Search Rules for Text Classification in the Legal Domain,Hannes Westermann; Jaromír Savelka; Vern R. Walker; Kevin D. Ashley; Karim Benyekhlef,https://doi.org/10.3233/faia190313,conf/jurix/WestermannSWAB19
1146,0.97,JURIX,2023,0,0,0,1,3,0,,Re-Framing Case Law Citation Prediction from a Paragraph Perspective,Henrik Palmer Olsen; Nicolas Garneau; Yannis Panagis; Johan Lindholm; Anders Søgaard,https://ebooks.iospress.nl/pdf/doi/10.3233/FAIA230982,conf/jurix/OlsenGPLS23
1147,0.94,ICAIL,2019,0,0,0,0,22,0,,Statute Law Information Retrieval and Entailment,Mi-Young Kim; Juliano Rabelo; Randy Goebel,https://dl.acm.org/doi/pdf/10.1145/3322640.3326742,conf/icail/KimRG19
1148,0.88,ICAIL,1995,0,0,0,1,2,0,,Case Reconstruction Before Assessment,Henk de Bruijn; Radboud Winkels,https://dl.acm.org/doi/pdf/10.1145/222092.222248,conf/icail/BruijnW95
1149,0.88,ICAIL,2001,0,0,0,1,2,0,,AustLII&apos;s Aide - Natural language legislative rulebases,Russell Allen; Philip Chung; Andrew Mowbray; Graham Greenleaf,,conf/icail/AllenCMG01
1150,0.88,ICAIL,2007,0,0,0,0,18,0,,The legal crisis of next generation robots: on safety intelligence,Yueh-Hsuan Weng; Chien-Hsun Chen; Chuen-Tsai Sun,,conf/icail/WengCS07
1151,0.88,ICAIL,2009,0,0,0,0,18,0,,Improving the comprehension of legal documentation: the case of patent claims,Nadjet Bouayad-Agha; Gerard Casamayor; Gabriela Ferraro; Simon Mille; Vanesa Vidal; Leo Wanner,,conf/icail/Bouayad-AghaCFMVW09
1152,0.88,ICAIL,2011,0,0,0,1,2,0,,Intelligent tools for managing legal choices,Marc Lauritsen,,conf/icail/Lauritsen11
1153,0.88,ICAIL,2013,0,0,0,1,2,0,,Intelligent trademark analysis: experiments in large-scale evaluation of real-world legal AI,Anna Ronkainen,,conf/icail/Ronkainen13
1154,0.88,JURIX,2013,0,0,0,1,2,0,,Modeling Collections of French Local Administration Documents,Nada Mimouni; Sylvie Salotti; Ève Paul,,conf/jurix/MimouniSP13
1155,0.88,JURIX,2021,0,0,0,0,18,0,,An Information Retrieval Pipeline for Legislative Documents from the Brazilian Chamber of Deputies,Ellen Souza; Douglas Vitório; Gyovana Moriyama; Luiz Santos; Lucas Martins; Mariana Souza; Márcio Fonseca F. da Silva; Nádia Félix; André C. P. L. F. de Carvalho; Hidelberg Oliveira Albuquerque; Adriano L. I. Oliveira,https://ebooks.iospress.nl/pdf/doi/10.3233/FAIA210326,conf/jurix/0001VMSMSSFCAO21
1156,0.88,JURIX,2022,0,0,0,1,2,0,,Legal Text Summarization Using Argumentative Structures,Bianca Steffes; Piotr Ryszard Rataj,https://ebooks.iospress.nl/pdf/doi/10.3233/FAIA220474,conf/jurix/SteffesR22
1157,0.88,JURIX,2024,0,0,0,1,2,0,,Getting in the Door: Streamlining Intake in Civil Legal Services with Large Language Models,Quinten Steenhuis; Hannes Westermann,https://doi.org/10.3233/faia241242,conf/jurix/SteenhuisW24
1158,0.87,ICAIL,2021,0,0,0,0,17,0,,Using transformers to improve answer retrieval for legal questions,Andrew Vold; Jack G. Conrad,,conf/icail/VoldC21
1159,0.87,JURIX,2014,0,0,0,0,17,0,,Fighting Organized Crime Through Open Source Intelligence: Regulatory Strategies of the CAPER Project,Pompeu Casanovas; Juan Arraiza Irujo; Felipe Melero; Jorge González-Conejero; Gila Molcho; Montse Cuadros,https://ddd.uab.cat/record/143921,conf/jurix/CasanovasIMGMC14
1160,0.85,ICAIL,2009,0,0,0,0,16,0,,An Ontology-Based Decision Support System for Judges,Pompeu Casanovas; Nuria Casellas; Joan-Josep Vallbé,,conf/icail/CasanovasCV09
1161,0.85,ICAIL,2015,0,0,0,0,16,0,,A study of query reformulation for patent prior art search with partial patent applications,Mohamed Reda Bouadjenek; Scott Sanner; Gabriela Ferraro,https://hal-lirmm.ccsd.cnrs.fr/lirmm-01134828/document,conf/icail/BouadjenekSF15
1162,0.85,JURIX,2013,0,0,0,0,16,0,,Ontology-driven Data Acquisition: Intelligent Support to Legal ODR Systems,Gaia Arosio; Giuliana Bagnara; Nicola Capuano; Elisabetta Fersini; Daniele Toti,,conf/jurix/ArosioBCFT13
1163,0.85,JURIX,2018,0,0,0,0,16,0,,A Question Answering System on Regulatory Documents,Diego Collarana; Timm Heuss; Jens Lehmann; Ioanna Lytra; Gaurav Maheshwari; Rostislav Nedelchev; Thorsten Schmidt; Priyansh Trivedi,https://doi.org/10.3233/978-1-61499-935-5-41,conf/jurix/CollaranaHLLMNS18
1164,0.85,JURIX,2023,0,0,0,0,16,0,,Using Large Language Models to Support Thematic Analysis in Empirical Legal Studies,Jakub Drápal; Hannes Westermann; Jaromír Savelka,https://ebooks.iospress.nl/pdf/doi/10.3233/FAIA230965,conf/jurix/DrapalWS23
1165,0.83,ICAIL,2007,0,0,0,0,15,0,,The search problem posed by large heterogeneous data sets in litigation: possible future approaches to research,Jason R. Baron; Paul Thompson,,conf/icail/BaronT07
1166,0.83,JURIX,2009,0,0,0,0,15,0,,The Legal Precedent in Online Dispute Resolution,Davide Carneiro; Paulo Novais; Francisco Andrade; John Zeleznikow; José Neves,http://hdl.handle.net/1822/19082,conf/jurix/CarneiroNAZN09
1167,0.81,ICAIL,2021,0,0,0,0,14,0,,Process mining-enabled jurimetrics: analysis of a Brazilian court&apos;s judicial performance in the business law processing,Adriana Jacoto Unger; José Francisco dos Santos Neto; Marcelo Fantinato; Sarajane Marques Peres; Julio Trecenti; Renata Hirota,,conf/icail/UngerNFPTH21
1168,0.79,ICAIL,2003,0,0,0,0,13,0,,Creation of an Expert Witness Database Through Text Mining,Christopher Dozier; Peter Jackson; Xi S. Guo; Mark Chaudhary; Yohendran Arumainayagam,,conf/icail/DozierJGCA03
1169,0.79,ICAIL,2003,0,0,0,0,13,0,,Concept Extraction from Legal Cases: The Use of a Statistic of Coincidence,Marie-Francine Moens; Roxana Angheluta,,conf/icail/MoensA03
1170,0.79,ICAIL,2011,0,0,0,0,13,0,,Applying key phrase extraction to aid invalidity search,Manisha Verma; Vasudeva Varma,,conf/icail/VermaV11
1171,0.79,JURIX,2009,0,0,0,0,13,0,,Network Analysis of the French Environmental Code,Romain Boulet; Pierre Mazzega; Danièle Bourcier,https://arxiv.org/pdf/1201.1259,conf/jurix/BouletMB09
1172,0.79,JURIX,2015,0,0,0,0,13,0,,Temporal Properties of Legal Decision Networks: A Case Study from the International Criminal Court,Fabien Tarissan; Raphaëlle Nollez-Goldbach,https://hal.science/hal-01217997,conf/jurix/TarissanN15
1173,0.77,ICAIL,2023,0,0,0,0,12,0,,Argument Mining with Graph Representation Learning,Gechuan Zhang; Paul Nulty; David Lillis,https://doi.org/10.1145/3594536.3595152,conf/icail/ZhangNL23
1174,0.76,ICAIL,1987,0,0,0,1,1,0,,Reasoning about &apos;hard&apos; Cases in Talmudic Law,S. S. Weiner,,conf/icail/Weiner87
1175,0.76,ICAIL,1997,0,0,0,1,1,0,,Bringing IT Support for Legislative Drafting one Step Further: From Drafting Dupport to Design Assistance (Abstract),Wim Voermans; Robert W. van Kralingen,,conf/icail/VoermansK97
1176,0.76,ICAIL,2005,0,0,0,1,1,0,,Conclusion of contracts by electronic agents,Christoph Sorge,,conf/icail/Sorge05
1177,0.76,ICAIL,2019,0,0,0,1,1,0,,Legal Knowledge Representation Using a Faceted Scheme,Michelle Cumyn; Günter Reiner; Sabine Mas; David Lesieur,,conf/icail/CumynRML19
1178,0.76,JURIX,2010,0,0,0,1,1,0,,An alternative method for computerized legal text restructuring,Ermo Täks; Ahti Lohk,,conf/jurix/TaksL10
1179,0.76,JURIX,2013,0,0,0,1,1,0,,Flexible Processing and Classification for eDiscovery,Daniel Krasner; Ian Langmore,,conf/jurix/KrasnerL13
1180,0.76,JURIX,2018,0,0,0,1,1,0,,Analysing the Impact of Legal Change Through Case Classification,Roos Slingerland; Alexander Boer; Radboud Winkels,https://doi.org/10.3233/978-1-61499-935-5-121,conf/jurix/SlingerlandBW18
1181,0.76,JURIX,2019,0,0,0,1,1,0,,Verifying Meaning Equivalence in Bilingual International Treaties,Linyuan Tang; Kyo Kageura,https://doi.org/10.3233/faia190311,conf/jurix/TangK19
1182,0.76,JURIX,2023,0,0,0,1,1,0,,"LawGiBa - Combining GPT, Knowledge Bases, and Logic Programming in a Legal Assistance System",Ha Thanh Nguyen; Randy Goebel; Francesca Toni; Kostas Stathis; Ken Satoh,https://ebooks.iospress.nl/pdf/doi/10.3233/FAIA230991,conf/jurix/NguyenGTSS23
1183,0.76,JURIX,2024,0,0,0,1,1,0,,Citation Anchor Text for Improving Precedent Retrieval: An Experimental Study on Indian Legal Documents,Gaurang Patil; Bhoomeendra Singh Sisodiya; P. Krishna Reddy; K. V. K. Santhy,https://ebooks.iospress.nl/pdf/doi/10.3233/FAIA241241,conf/jurix/PatilSRS24
1184,0.76,JURIX,2024,0,0,0,1,1,0,,Optimizing Keyphrase Extraction for Court Decisions Using Legal References,Zoltán Szoplák; Peter Gurský; Dávid Varga,https://ebooks.iospress.nl/pdf/doi/10.3233/FAIA241265,conf/jurix/SzoplakGV24
1185,0.75,DEON,2010,0,0,0,0,11,0,,Characterising Responsibility in Organisational Structures: The Problem of Many Hands,Rosja Mastop,,conf/deon/Mastop10
1186,0.75,ICAIL,2001,0,0,0,0,11,0,,Using logic programming to model multi-agent Web legal systems - an application report,Paulo Quaresma; Irene Rodrigues,,conf/icail/QuaresmaR01
1187,0.75,ICAIL,2003,0,0,0,0,11,0,,Using RBC to Classify Judicial Petition on e-Court,Tânia C. D&apos;Agostini Bueno; Hugo Cesar Hoeschl; Cristina Souza Santos; Andre Bortolon; Eduardo da Silva Mattos; Irineu Theiss,,conf/icail/BuenoHSBMT03
1188,0.75,ICAIL,2003,0,0,0,0,11,0,,SHYSTER-MYCIN: A Hybrid Legal Expert System,Thomas A. O&apos;Callaghan; James Popple; Eric McGreath,,conf/icail/OCallaghanPM03
1189,0.75,ICAIL,2007,0,0,0,0,11,0,,Searching and retrieving legal literature through automated semantic indexing,Enrico Francesconi; Ginevra Peruginelli,,conf/icail/FrancesconiP07
1190,0.75,ICAIL,2007,0,0,0,0,11,0,,Representational complexity in law,Harry Surden; Michael R. Genesereth; Bret Logu,,conf/icail/SurdenGL07
1191,0.75,ICAIL,2015,0,0,0,0,11,0,,Machine learning for readability of legislative sentences,Michael Curtotti; Eric McCreath; Tom Bruce; Sara S. Frug; Wayne Weibel; Nicolas Ceynowa,,conf/icail/CurtottiMBFWC15
1192,0.75,ICAIL,2023,0,0,0,0,11,0,,On evaluating legal summaries with ROUGE,Bianca Steffes; Piotr Ryszard Rataj; Luise Burger; Lukas Roth,https://doi.org/10.1145/3594536.3595150,conf/icail/SteffesRBR23
1193,0.75,JURIX,2013,0,0,0,0,11,0,,Unsupervised Keyword Extraction for Japanese Legal Documents,Tho Thi Ngoc Le; Minh Le Nguyen; Akira Shimazu,,conf/jurix/LeNS13
1194,0.75,JURIX,2014,0,0,0,0,11,0,,A model of Air Transport Passenger Incidents and Rights,Víctor Rodríguez-Doncel; Cristiana Teixeira Santos; Pompeu Casanovas,https://ddd.uab.cat/record/158639,conf/jurix/Rodriguez-DoncelSC14
1195,0.75,JURIX,2016,0,0,0,0,11,0,,Identification of Case Content with Quantitative Network Analysis: An Example from the ECtHR,Martin Lolle Christensen; Henrik Palmer Olsen; Fabien Tarissan,https://hal.archives-ouvertes.fr/hal-01386810/file/final.pdf,conf/jurix/ChristensenOT16
1196,0.72,DEON,2014,0,0,0,0,10,0,,Chisholm&apos;s Paradox and Conditional Oughts,Catharine Saint Croix; Richmond H. Thomason,https://philpapers.org/archive/SAICPA-2.pdf,conf/deon/CroixT14
1197,0.72,ICAIL,2007,0,0,0,0,10,0,,Mapping regulations to industry-specific taxonomies,Chin Pang Cheng; Gloria T. Lau; Kincho H. Law,http://eil.stanford.edu/publications/jack_cheng/icail07.pdf,conf/icail/ChengLL07
1198,0.72,ICAIL,2021,0,0,0,0,10,0,,CriminelBART: a French Canadian legal language model specialized in criminal law,Nicolas Garneau; Eve Gaumond; Luc Lamontagne; Pierre-Luc Déziel,,conf/icail/GarneauGLD21a
1199,0.72,JURIX,2009,0,0,0,0,10,0,,STIA: Experience of Semantic Annotation in Jurisprudence Domain,Maria Teresa Pazienza; Noemi Scarpato; Armando Stellato,,conf/jurix/PazienzaSS09
1200,0.69,DEON,2014,0,0,0,0,9,0,,Open Reading without Free Choice,Albert J. J. Anglberger; Huimin Dong; Olivier Roy,,conf/deon/AnglbergerDR14
1201,0.69,ICAIL,1993,0,0,0,0,9,0,,Developing Legal Knowledge Based Systems Using Decision Tables,Jan Vanthienen; F. Robben,,conf/icail/VanthienenR93
1202,0.69,ICAIL,1995,0,0,0,0,9,0,,An Intelligent Interface for Legal Databases,Luuk Matthijssen,,conf/icail/Matthijssen95
1203,0.69,ICAIL,2009,0,0,0,0,9,0,,The e-Sentencias Prototype: A Procedural Ontology for Legal Multimedia Applications in the Spanish Civil Courts,Pompeu Casanovas; Xavier Binefa; Ciro Gracia; Emma Teodoro; Núria Galera; Mercedes Blázquez; Marta Poblet; Jordi Carrabina; Marius Monton; Carlos Montero; Javier Serrano; José Manuel López Cobo,https://ddd.uab.cat/record/143923,conf/icail/CasanovasBGTGBPCMMSC09
1204,0.69,ICAIL,2009,0,0,0,0,9,0,,Introducing pattern-based design for legal ontologies,Aldo Gangemi,,conf/icail/Gangemi09
1205,0.69,ICAIL,2021,0,0,0,0,9,0,,To tune or not to tune?: zero-shot models for legal case entailment,Guilherme Moraes Rosa; Ruan Chaves Rodrigues; Roberto de Alencar Lotufo; Rodrigo Nogueira,https://arxiv.org/pdf/2202.03120,conf/icail/RosaRLN21
1206,0.69,ICAIL,2023,0,0,0,0,9,0,,EQUALS: A Real-world Dataset for Legal Question Answering via Reading Chinese Laws,Andong Chen; Feng Yao; Xinyan Zhao; Yating Zhang; Changlong Sun; Yun Liu; Weixing Shen,,conf/icail/ChenYZZSLS23
1207,0.69,ICAIL,2023,0,0,0,0,9,0,,Rebuilding &apos;ethics&apos; to govern AI: How to re-set the boundaries for the legal sector?,Mehmet Bilal Ünver,https://dl.acm.org/doi/pdf/10.1145/3594536.3595156,conf/icail/Unver23
1208,0.66,ICAIL,2007,0,0,0,0,8,0,,Towards automatic identification of completeness and consistency in digital dossiers,Martijn Warnier; Frances M. T. Brazier; Martin Apistola; Anja Oskamp,https://research.vu.nl/en/publications/e857dcb6-c74a-42df-bafa-835042707026,conf/icail/WarnierBAO07
1209,0.66,ICAIL,2013,0,0,0,0,8,0,,Identifying patent monetization entities,Mihai Surdeanu; Sara Jeruss,http://www.surdeanu.info/mihai/papers/icail2013.pdf,conf/icail/SurdeanuJ13
1210,0.66,ICAIL,2015,0,0,0,0,8,0,,Using &apos;big&apos; metadata for criminal intelligence: understanding limitations and appropriate safeguards,Alana Maurushat; Lyria Bennett Moses; David Vaile,http://handle.unsw.edu.au/1959.4/unsworks_41315,conf/icail/MaurushatMV15
1211,0.66,JURIX,2011,0,0,0,0,8,0,,Automatic Classification of Personal Conflict Styles in Conflict Resolution,Davide Carneiro; Marco Gomes; Paulo Novais; Francisco Andrade; José Neves,http://hdl.handle.net/1822/15598,conf/jurix/CarneiroGNAN11
1212,0.66,JURIX,2017,0,0,0,0,8,0,,Passing the Brazilian OAB Exam: Data Preparation and Some Experiments,Pedro Delfino; Bruno Cuconato; Edward Hermann Haeusler; Alexandre Rademaker,https://doi.org/10.3233/978-1-61499-838-9-89,conf/jurix/DelfinoCHR17
1213,0.66,JURIX,2019,0,0,0,0,8,0,,Legal Search in Case Law and Statute Law,Julien Rossi; Evangelos Kanoulas,https://doi.org/10.3233/faia190309,conf/jurix/RossiK19
1214,0.62,DEON,2008,0,0,0,0,7,0,,"Acting, Events and Actions",Mark A. Brown,,conf/deon/Brown08
1215,0.62,ICAIL,1987,0,0,0,0,7,0,,Expert Systems in Law: The Datalex Project,Graham Greenleaf; Andrew Mowbray; Alan Tyree,https://dl.acm.org/doi/pdf/10.1145/41735.41737,conf/icail/GreenleafMT87
1216,0.62,ICAIL,2001,0,0,0,0,7,0,,A simple model to structure the information of parties in online alternative dispute resolution,Arno R. Lodder,,conf/icail/Lodder01
1217,0.62,ICAIL,2011,0,0,0,0,7,0,,Catching Gray Cygnets: an initial exploration,Edwina L. Rissland; Xiaoxi Xu,,conf/icail/RisslandX11
1218,0.62,ICAIL,2011,0,0,0,0,7,0,,The systematization of law in terms of the validity,Hajime Yoshino,,conf/icail/Yoshino11
1219,0.62,ICAIL,2017,0,0,0,0,7,0,,Scenario analytics: analyzing jury verdicts to evaluate legal case outcomes,Jack G. Conrad; Khalid Al-Kofahi,,conf/icail/ConradA17
1220,0.62,ICAIL,2017,0,0,0,0,7,0,,Experimenting word embeddings in assisting legal review,Ngoc Phuoc An Vo; Caroline Privault; Fabien Guillot,,conf/icail/VoPG17
1221,0.62,ICAIL,2019,0,0,0,0,7,0,,Why blockchains need the law: Secondary rules as the missing piece of blockchain governance,Marco Crepaldi,https://dl.acm.org/doi/abs/10.1145/3322640.3328780,conf/icail/Crepaldi19
1222,0.62,ICAIL,2021,0,0,0,0,7,0,,Making intelligent online dispute resolution tools available to self-represented litigants in the public justice system: towards and ethical use of the ai technology in the administration of justice,Fernando Esteban de la Rosa; John Zeleznikow,http://hdl.handle.net/10481/71649,conf/icail/RosaZ21
1223,0.62,ICAIL,2023,0,0,0,0,7,0,,sustain.AI: a Recommender System to analyze Sustainability Reports,Lars Hillebrand; Maren Pielka; David Leonhard; Tobias Deußer; Tim Dilmaghani Khameneh; Bernd Kliem; Rüdiger Loitz; Milad Morad; Christian Temath; Thiago Bell; Robin Stenzel; Rafet Sifa,https://dl.acm.org/doi/pdf/10.1145/3594536.3595131,conf/icail/HillebrandPLDKK23
1224,0.62,JURIX,2012,0,0,0,0,7,0,,Supporting Transnational Judicial Procedures between European Member States: the e-Codex Project,Enrico Francesconi,,conf/jurix/Francesconi12
1225,0.62,JURIX,2012,0,0,0,0,7,0,,An hybrid approach for legal information extraction,Prakash Poudyal; Paulo Quaresma,,conf/jurix/PoudyalQ12
1226,0.62,JURIX,2014,0,0,0,0,7,0,,Swiss Federal Publication Workflow with Akoma Ntoso,Monica Palmirani; Fabio Vitali; Albano Bernasconi; Luca Gambazzi,,conf/jurix/PalmiraniVBG14
1227,0.62,JURIX,2018,0,0,0,0,7,0,,E-Science and the Law. Three Experimental Platforms for Legal Analytics,Nicola Lettieri; Alfonso Guarino; Delfina Malandrino,https://doi.org/10.3233/978-1-61499-935-5-71,conf/jurix/LettieriGM18
1228,0.62,JURIX,2020,0,0,0,0,7,0,,Integrating Domain Knowledge in AI-Assisted Criminal Sentencing of Drug Trafficking Cases,Tien-Hsuan Wu; Ben Kao; Anne S. Y. Cheung; Michael M. K. Cheung; Chen Wang; Yongxi Chen; Guowen Yuan; Reynold Cheng,https://ebooks.iospress.nl/pdf/doi/10.3233/FAIA200861,conf/jurix/WuKCCWCYC20
1229,0.58,DEON,2008,0,0,0,0,6,0,,Pushing Anderson&apos;s Envelope: The Modal Logic of Ascription,Davide Grossi,,conf/deon/Grossi08
1230,0.58,ICAIL,1987,0,0,0,0,6,0,,Conceptual Legal Document Retrieval Using the RUBRIC System,Richard M. Tong; C. A. Reid; G. J. Crowe; P. R. Douglas,,conf/icail/TongRCD87
1231,0.58,ICAIL,1993,0,0,0,0,6,0,,KICS: A Knowledge-Intensive Case-Based Reasoning System for Statutory Building Regulations and Case Histories,Soon-Ae Yang; David Stuart Robertson; John Lee,,conf/icail/YangRL93
1232,0.58,ICAIL,2009,0,0,0,0,6,0,,Copyright Licenses Reasoning an OWL-DL Ontology,Roberto García; Rosa Gil,,conf/icail/GarciaG09
1233,0.58,ICAIL,2013,0,0,0,0,6,0,,Reference resolution in legal texts,Oanh Thi Tran; Minh Le Nguyen; Akira Shimazu,,conf/icail/TranNS13
1234,0.58,ICAIL,2015,0,0,0,0,6,0,,Visualizing Brazilian justice: the supreme court 2.0 project,Daniel M. Chada; Felipe A. Silva; Patrícia Borges,,conf/icail/ChadaSB15
1235,0.58,ICAIL,2019,0,0,0,0,6,0,,Argument Identification in Public Comments from eRulemaking,Vlad Eidelman; Brian Grom,https://arxiv.org/pdf/1905.00572,conf/icail/EidelmanG19
1236,0.58,ICAIL,2019,0,0,0,0,6,0,,Automatic Construction of a Polish Legal Dictionary with Mappings to Extra-Legal Terms Established via Word Embeddings,Aleksander Smywinski-Pohl; Karol Lasocki; Krzysztof Wróbel; Marek Strzalta,https://ruj.uj.edu.pl/xmlui/handle/item/149177,conf/icail/Smywinski-PohlL19
1237,0.58,ICAIL,2023,0,0,0,0,6,0,,On predicting and explaining asylum adjudication,Sebastiano Antonio Piccolo; Panagiota Katsikouli; Thomas Gammeltoft-Hansen; Tijs Slaats,https://curis.ku.dk/ws/files/377063260/UPDATED_Mobile_Working_Paper_Series_Working_Paper_5.pdf,conf/icail/PiccoloKGS23
1238,0.58,JURIX,2014,0,0,0,0,6,0,,Facilitating Re-use of Legal Data in Applications - Finnish Law as a Linked Open Data Service,Matias Frosterus; Jouni Tuominen; Eero Hyvönen,,conf/jurix/FrosterusTH14
1239,0.58,JURIX,2019,0,0,0,0,6,0,,ANOPPI: A Pseudonymization Service for Finnish Court Documents,Arttu Oksanen; Minna Tamper; Jouni Tuominen; Aki Hietanen; Eero Hyvönen,https://doi.org/10.3233/faia190335,conf/jurix/OksanenTTHH19
1240,0.58,JURIX,2023,0,0,0,0,6,0,,Information Extraction from Lengthy Legal Contracts: Leveraging Query-Based Summarization and GPT-3.5,May Myo Zin; Ha-Thanh Nguyen; Ken Satoh; Saku Sugawara; Fumihito Nishino,https://ebooks.iospress.nl/pdf/doi/10.3233/FAIA230963,conf/jurix/ZinNSSN23
1241,0.54,DEON,2006,0,0,0,0,5,0,,Norms and Electronic Institutions,Frank Dignum,,conf/deon/Dignum06
1242,0.54,DEON,2012,0,0,0,0,5,0,,Agreements as Norms,Paolo Turrini,,conf/deon/Turrini12
1243,0.54,ICAIL,1991,0,0,0,0,5,0,,The JURICAS-System: New Applications and Future Development,C. van Noortwijk; P. A. W. Piepers; J. G. L. van der Wees; Richard V. de Mulder,https://dl.acm.org/doi/pdf/10.1145/112646.112671,conf/icail/NoortwijkPWM91
1244,0.54,ICAIL,2001,0,0,0,0,5,0,,Design and implementation of GungaWeb: an application of classical expert system technology to the production of Web-based commercial systems,David E. Woodin,,conf/icail/Woodin01
1245,0.54,ICAIL,2007,0,0,0,0,5,0,,Case law retrieval by concept search and visualization,Elisabeth M. Uijttenbroek; Michel C. A. Klein; Arno R. Lodder; Frank van Harmelen,https://research.vu.nl/en/publications/ab77811a-4b95-4f9a-992b-4347c8b7bd11,conf/icail/UijttenbroekKLH07
1246,0.54,ICAIL,2009,0,0,0,0,5,0,,Automatic Argumentation Detection and its Role in Law and the Semantic Web,Raquel Mochales Palau; Marie-Francine Moens,,conf/icail/PalauM09
1247,0.54,ICAIL,2011,0,0,0,0,5,0,,Retrieving information in online dispute resolution platforms: a hybrid method,Davide Carneiro; Paulo Novais; Francisco Andrade; José Neves,http://hdl.handle.net/1822/14515,conf/icail/CarneiroNAN11
1248,0.54,ICAIL,2017,0,0,0,0,5,0,,LexrideLaw: an argument based legal search engine,Matthew Gifford,,conf/icail/Gifford17
1249,0.54,ICAIL,2017,0,0,0,0,5,0,,A knowledge organization system for e-participation in law-making,Peter Schmitz; Enrico Francesconi; Simon-Pierre Landercy; Brahim Batouche; V. Touly,,conf/icail/SchmitzFLBT17
1250,0.54,ICAIL,2017,0,0,0,0,5,0,,Predicting litigation likelihood and time to litigation for patents,P. Wongchaisuwat; Diego Klabjan; John O. McGinnis,https://arxiv.org/pdf/1603.07394,conf/icail/WongchaisuwatKM17
1251,0.54,ICAIL,2019,0,0,0,0,5,0,,AI-Enabled Litigation Evaluation: Data-Driven Empowerment for Legal Decision Makers,Dennis P. Michalopoulos; Jessica Jacob; Alfredo Coviello,,conf/icail/MichalopoulosJC19
1252,0.54,ICAIL,2021,0,0,0,0,5,0,,AI systems and product liability,Georg Borges,,conf/icail/Borges21
1253,0.54,ICAIL,2023,0,0,0,0,5,0,,LeArNER: Few-shot Legal Argument Named Entity Recognition,Shao-Man Lee; Yu-Hsiang Tan; Han-Ting Yu,,conf/icail/LeeTY23
1254,0.54,ICAIL,2023,0,0,0,0,5,0,,No Labels?: No Problem! Experiments with active learning strategies for multi-class classification in imbalanced low-resource settings,Emiel Steegh; Giovanni Sileno,https://pure.uva.nl/ws/files/169471588/3594536.3595171.pdf,conf/icail/SteeghS23
1255,0.54,JURIX,2010,0,0,0,0,5,0,,Semantic Analysis of Paragraphs Consisting of Multiple Sentences - Towards Development of a Logical Formulation System,Kenji Takano; Makoto Nakamura; Yoshiko Oyama; Akira Shimazu,,conf/jurix/TakanoNOS10
1256,0.48,DEON,2010,0,0,0,0,4,0,,A Logical Analysis of Commitment Dynamics,Emiliano Lorini,https://hal.archives-ouvertes.fr/hal-03672504/file/DEON_Lorini_CameraReady.pdf,conf/deon/Lorini10
1257,0.48,DEON,2014,0,0,0,0,4,0,,"&apos;Must&apos;, &apos;Ought&apos; and the Structure of Standards",Gunnar Björnsson; Robert Shanklin,https://philpapers.org/archive/BJRMOA.pdf,conf/deon/BjornssonS14
1258,0.48,ICAIL,1993,0,0,0,0,4,0,,Issue Spotting in Legal Cases,Barbara Cuthill; Robert McCartney,,conf/icail/CuthillM93
1259,0.48,ICAIL,1993,0,0,0,0,4,0,,The Credit Act Advisory System (CAAS): Conversion from an Expert System Prototype to a C++ Commercial System,George Vossos; John Zeleznikow; Allan Moore; Daniel Hunter,,conf/icail/VossosZMH93
1260,0.48,ICAIL,1995,0,0,0,0,4,0,,MILIEU: A LKBS to Support Prosecution of Environmental Offenders,Cees Groendijk; Maaike Tragter,,conf/icail/GroendijkT95
1261,0.48,ICAIL,2007,0,0,0,0,4,0,,Assessing patent value through advanced text analysis,Mohammad Al Hasan; W. Scott Spangler,,conf/icail/HasanS07
1262,0.48,ICAIL,2013,0,0,0,0,4,0,,"Computer assisted extraction, merging and correlation of identities with tracks inspector",Jop Hofste; Hans Henseler; Maurice van Keulen,https://ris.utwente.nl/ws/files/5440009/demo_TI_ICAIL2013_hofste_henseler_vankeulen_finalv2.pdf,conf/icail/HofsteHK13
1263,0.48,ICAIL,2013,0,0,0,0,4,0,,Experiments in automated support for argument reconstruction,Radboud Winkels; Jochem Douw; Sara Veldhoen,https://pure.uva.nl/ws/files/2054634/127349_ArgumentMining.pdf,conf/icail/WinkelsDV13
1264,0.48,ICAIL,2015,0,0,0,0,4,0,,How to ground a language for legal discourse in a prototypical perceptual semantics,L. Thorne McCarty,,conf/icail/McCarty15
1265,0.48,ICAIL,2015,0,0,0,0,4,0,,"Originalism, hypothesis testing and big data",John O. McGinnis; Branden Stein,,conf/icail/McGinnisS15
1266,0.48,ICAIL,2015,0,0,0,0,4,0,,Evaluating expertise and sample bias effects for privilege classification in e-discovery,Jyothi K. Vinjumur,,conf/icail/Vinjumur15
1267,0.48,ICAIL,2017,0,0,0,0,4,0,,Early predictability of asylum court decisions,Matthew Dunn; Levent Sagun; Hale Sirin; Daniel Chen,https://publications.ut-capitole.fr/id/eprint/23223/1/Early_Predictability_of_Asylum_Court_Decisions_ICAIL.pdf,conf/icail/DunnSSC17
1268,0.48,ICAIL,2017,0,0,0,0,4,0,,The opportunity prior: a simple and practical solution to the prior probability problem for legal cases,Norman E. Fenton; David A. Lagnado; Christian Dahlman; Martin Neil,https://qmro.qmul.ac.uk/xmlui/bitstream/123456789/22709/1/Fenton%20The%20Opportunity%20Prior%202017%20Accepted.pdf,conf/icail/FentonLDN17
1269,0.48,ICAIL,2017,0,0,0,0,4,0,,Legal content fusion for legal information retrieval,Seongwan Heo; Kihyun Hong; Young-Yik Rhim,,conf/icail/HeoHR17
1270,0.48,ICAIL,2019,0,0,0,0,4,0,,"Westlaw Edge AI Features Demo: KeyCite Overruling Risk, Litigation Analytics, and WestSearch Plus",Tonya Custis; Frank Schilder; Thomas Vacek; Gayle McElvain; Héctor Martínez Alonso,,conf/icail/CustisSVMA19
1271,0.48,ICAIL,2019,0,0,0,0,4,0,,Facts2Law: using deep learning to provide a legal qualification to a set of facts,Ivan Mokanov; Daniel Shane; Benjamin Cerat,,conf/icail/MokanovSC19
1272,0.48,ICAIL,2021,0,0,0,0,4,0,,Predicting legal proceedings status: approaches based on sequential text data,Felipe Maia Polo; Itamar Ciochetti; Emerson Bertolo,https://arxiv.org/pdf/2003.11561,conf/icail/PoloCB21
1273,0.48,ICAIL,2023,0,0,0,0,4,0,,Uncovering Trauma in Genocide Tribunals: An NLP Approach Using the Genocide Transcript Corpus,Miriam Schirmer; Isaac Misael Olguín Nolasco; Edoardo Mosca; Shanshan Xu; Jürgen Pfeffer,,conf/icail/SchirmerNMXP23
1274,0.48,JURIX,2010,0,0,0,0,4,0,,Sharing Knowledge by Conceptual Mapping: the case of EU Thesaural Interoperability,Giacomo Bartoloni; Enrico Francesconi,,conf/jurix/BartoloniF10
1275,0.48,JURIX,2012,0,0,0,0,4,0,,The FSTP Test: a novel approach for an invention&apos;s non-obviousness analysis,Shashishekar Ramakrishna; Naouel Karam; Adrian Paschke,,conf/jurix/RamakrishnaKP12
1276,0.48,JURIX,2013,0,0,0,0,4,0,,Towards Semi-Automatic Identification of Functional Requirements in Legal Texts for Public Administration,Yutaka Yoshida; Kozo Honda; Yuichi Sei; Hiroyuki Nakagawa; Yasuyuki Tahara; Akihiko Ohsuga,,conf/jurix/YoshidaHSNTO13
1277,0.48,JURIX,2014,0,0,0,0,4,0,,Open-Access Grant Data: Towards Meta-Research Innovation,Marta Poblet; Amir Aryani; Kate Caldecott; Timos K. Sellis; Pompeu Casanovas,,conf/jurix/PobletACSC14
1278,0.48,JURIX,2019,0,0,0,0,4,0,,ERST: Leveraging Topic Features for Context-Aware Legal Reference Linking,Sabine Wehnert; Gabriel Campero Durand; Gunter Saake,https://doi.org/10.3233/faia190312,conf/jurix/WehnertDS19
1279,0.48,JURIX,2020,0,0,0,0,4,0,,Natural Language Processing Applications in Case-Law Text Publishing,Francesco Tarasconi; Milad Botros; Matteo Caserio; Gianpiero Sportelli; Giuseppe Giacalone; Carlotta Uttini; Luca Vignati; Fabrizio Zanetta,https://ebooks.iospress.nl/pdf/doi/10.3233/FAIA200859,conf/jurix/TarasconiBCSGUV20
1280,0.48,JURIX,2021,0,0,0,0,4,0,,Automatically Identifying Eviction Cases and Outcomes Within Case Law of Dutch Courts of First Instance,Masha Medvedeva; Thijmen Dam; Martijn Wieling; Michel Vols,https://ebooks.iospress.nl/pdf/doi/10.3233/FAIA210312,conf/jurix/MedvedevaDWV21
1281,0.48,JURIX,2023,0,0,0,0,4,0,,Prompt Engineering and Provision of Context in Domain Specific Use of GPT,Marton Ribary; Paul Krause; Miklos Orban; Eugenio Vaccari; Thomas Wood,https://ebooks.iospress.nl/pdf/doi/10.3233/FAIA230979,conf/jurix/RibaryKOVW23
1282,0.48,JURIX,2024,0,0,0,0,4,0,,Legal Chunking: Evaluating Methods for Effective Legal Text Retrieval,Andrea Filippo Ferraris; Davide Audrito; Giovanni Siragusa; Alessandro Piovano,https://ebooks.iospress.nl/pdf/doi/10.3233/FAIA241255,conf/jurix/FerrarisASP24
1283,0.48,JURIX,2025,0,0,0,0,4,0,,"An Ontology-Driven Graph RAG for Legal Norms: A Hierarchical, Temporal, and Deterministic Approach",Hudson de Martim,https://doi.org/10.3233/faia251598,conf/jurix/Martim25
1284,0.42,DEON,2010,0,0,0,0,3,0,,Where Did Mally Go Wrong?,Gert-Jan C. Lokhorst,,conf/deon/Lokhorst10
1285,0.42,DEON,2012,0,0,0,0,3,0,,Causality in the Context of Multiple Agents,Robert Demolombe,,conf/deon/Demolombe12
1286,0.42,ICAIL,1987,0,0,0,0,3,0,,An Expert System for Screening Employee Pension Plans for the Internal Revenue Service,G. Grdy; Ramesh S. Patil,,conf/icail/GrdyP87
1287,0.42,ICAIL,1989,0,0,0,0,3,0,,Xcite (An Expert System for Naturalization Cases),A. Galtung; D. S. Maesel,,conf/icail/GaltungM89
1288,0.42,ICAIL,1989,0,0,0,0,3,0,,Representing Developing Legal Doctrine,Anne v. d. L. Gardner,https://dl.acm.org/doi/pdf/10.1145/74014.74017,conf/icail/Gardner89
1289,0.42,ICAIL,1989,0,0,0,0,3,0,,Market Realities of Rule-Based Software for Lawyers: Where the Rubber Meets the Road,R. W. Morrison,,conf/icail/Morrison89
1290,0.42,ICAIL,1991,0,0,0,0,3,0,,Knowledge Acquisition and Knowledge Base Refinement Problems in Developing the KBS Legal Expert System,Julia Barragán; Luciano Barragán,,conf/icail/BarraganB91
1291,0.42,ICAIL,1991,0,0,0,0,3,0,,THUMPER: An Expert System for Stamp Duty,Gail Swaffield,,conf/icail/Swaffield91
1292,0.42,ICAIL,1997,0,0,0,0,3,0,,Question/Answer Dialogues for Interfacing a Database with Supreme Court Decisions (Abstract),José Gabriel Lopes; Paulo Quaresma; Irene Rodrigues,https://dl.acm.org/doi/pdf/10.1145/261618.261664,conf/icail/LopesQR97
1293,0.42,ICAIL,1997,0,0,0,0,3,0,,Knowledge for Automated Legal Problem Solving: Theory Versus Practice,Anja Oskamp; Maaike Tragter,,conf/icail/OskampT97
1294,0.42,ICAIL,2001,0,0,0,0,3,0,,Conception of cognitive interfaces for legal knowledge,Filipe Borges; Danièle Bourcier; Evelyne Andreewsky; Raoul Borges,,conf/icail/BorgesBAB01
1295,0.42,ICAIL,2003,0,0,0,0,3,0,,A Knowledge Base for Automatic Capitulation in Expert System,Eduardo da Silva Mattos; Hugo Cesar Hoeschl; Marcelo S. Ribeiro; Tânia C. D&apos;Agostini Bueno,,conf/icail/MattosHRB03
1296,0.42,ICAIL,2007,0,0,0,0,3,0,,Conditions for access and use of legal document retrieval web services,Martine Boonk; Frances M. T. Brazier; David de Groot; Maarten van Stekelenburg; Anja Oskamp; Martijn Warnier,https://dl.acm.org/doi/pdf/10.1145/1276318.1276325,conf/icail/BoonkBGSOW07
1297,0.42,ICAIL,2009,0,0,0,0,3,0,,Incorporating issues of fairness into development of a multi-agent negotiation support system,John Zeleznikow; Brooke Abrahams,,conf/icail/ZeleznikowA09
1298,0.42,ICAIL,2011,0,0,0,0,3,0,,On using text analytics for event studies,Max R. Kimbrough; Steven O. Kimbrough; Priscilla Murphy,,conf/icail/KimbroughKM11
1299,0.42,ICAIL,2017,0,0,0,0,3,0,,Methods for retrieving alternative contract language using a prototype,Silviu Pitis,,conf/icail/Pitis17
1300,0.42,ICAIL,2019,0,0,0,0,3,0,,Legal Machine-Learning Analysis: First Steps towards A.I. Assisted Legal Research,Wai Yin Mok; Jonathan R. Mok,,conf/icail/MokM19a
1301,0.42,ICAIL,2019,0,0,0,0,3,0,,User-Friendly Open-Source Case-Based Legal Reasoning,Jason Morris,,conf/icail/Morris19
1302,0.42,JURIX,2011,0,0,0,0,3,0,,System for Detection of Illegal Drugs E-Trading,Witold Abramowicz; Piotr Stolarski; Agata Filipowska; Bartosz Perkowski; Krzysztof Wecel,,conf/jurix/AbramowiczSFPW11
1303,0.42,JURIX,2011,0,0,0,0,3,0,,On the Detection and Analysis of VAT Carousel Crime,Czeslaw Jedrzejek; Jaroslaw Bak; Maciej Falkowski; Jolanta Cybulka; Maciej Nowak,,conf/jurix/JedrzejekBFCN11
1304,0.42,JURIX,2012,0,0,0,0,3,0,,Refined Coherence as Constraint Satisfaction Framework for Representing Judicial Reasoning,Michal Araszkiewicz; Jaromír Savelka,http://ruj.uj.edu.pl/xmlui/handle/item/25044,conf/jurix/AraszkiewiczS12
1305,0.42,JURIX,2012,0,0,0,0,3,0,,Computational data protection law: trusting each other offline and online,William J. Buchanan; Lu Fan; Alistair Lawson; Burkhard Schafer; Russel Scott; Christoph Thuemmler; Omair Uthmani,,conf/jurix/BuchananFLSSTU12
1306,0.42,JURIX,2015,0,0,0,0,3,0,,The Role of AI &amp; Law in Legal Data Science,Erich Schweighofer,,conf/jurix/Schweighofer15
1307,0.42,JURIX,2016,0,0,0,0,3,0,,Computer Assisted Legal Linguistics (CAL2),Hanjo Hamann; Friedemann Vogel; Isabelle Gauer,,conf/jurix/HamannVG16
1308,0.42,JURIX,2016,0,0,0,0,3,0,,Arguments for Ethical Systems Design,Bart Verheij,,conf/jurix/Verheij16
1309,0.42,JURIX,2023,0,0,0,0,3,0,,Automatic Simplification of Legal Texts in Portuguese Using Machine Learning,Alexandre Alves; Péricles B. C. Miranda; Rafael Fe Mello; André C. A. Nascimento,https://ebooks.iospress.nl/pdf/doi/10.3233/FAIA230975,conf/jurix/AlvesMMN23
1310,0.42,JURIX,2023,0,0,0,0,3,0,,Benchmarking Abstractive Models for Italian Legal News Summarization,Irene Benedetto; Luca Cagliero; Francesco Tarasconi; Giuseppe Giacalone; Claudia Bernini,https://ebooks.iospress.nl/pdf/doi/10.3233/FAIA230980,conf/jurix/BenedettoCTGB23
1311,0.42,JURIX,2023,0,0,0,0,3,0,,CiteCaseLAW: Citation Worthiness Detection in Caselaw for Legal Assistive Writing,Mann Khatri; Reshma Sheik; Yaman Kumar; Rajiv Ratn Shah; Ponnurangam Kumaraguru,https://ebooks.iospress.nl/pdf/doi/10.3233/FAIA230971,conf/jurix/KhatriS0SK23
1312,0.42,JURIX,2024,0,0,0,0,3,0,,InSaAF: Incorporating Safety Through Accuracy and Fairness - Are LLMs Ready for the Indian Legal Domain?,Yogesh Tripathi; Raghav Donakanti; Sahil Girhepuje; Ishan Kavathekar; Bhaskara Hanuma Vedula; Gokul S. Krishnan; Anmol Goel; Shreya Goyal; Balaraman Ravindran; Ponnurangam Kumaraguru,https://ebooks.iospress.nl/pdf/doi/10.3233/FAIA241266,conf/jurix/TripathiDGKVKGG24
1313,0.33,DEON,2012,0,0,0,0,2,0,,"A Computationally Grounded Dynamic Logic of Agency, with an Application to Legal Actions",Andreas Herzig; Tiago de Lima; Emiliano Lorini; Nicolas Troquard,http://www.irit.fr/~Andreas.Herzig/P/Deon12.pdf,conf/deon/HerzigLLT12
1314,0.33,ICAIL,1987,0,0,0,0,2,0,,System = Program + Users + Law,Naftaly H. Minsky; David Rozenshtein,https://dl.acm.org/doi/pdf/10.1145/41735.41755,conf/icail/MinskyR87
1315,0.33,ICAIL,1987,0,0,0,0,2,0,,Knowledge Representation in &quot;Default&quot;: An Attempt to Classify General Types of Knowledge used by Legal Experts,R. D. Purdy,https://dl.acm.org/doi/pdf/10.1145/41735.41758,conf/icail/Purdy87
1316,0.33,ICAIL,2003,0,0,0,0,2,0,,Applying Case-Based Reasoning to Knowledge Representation of Tributary Decisions,Alexandre Serra Barreto; Tânia C. D&apos;Agostini Bueno; Hugo Cesar Hoeschl,,conf/icail/BarretoBH03
1317,0.33,ICAIL,2003,0,0,0,0,2,0,,Knowledge-Based System Applied on the Previous Consent of Brazilian National Defense Council,Hugo Cesar Hoeschl; Tânia C. D&apos;Agostini Bueno; Eduardo da Silva Mattos; Ricardo Miranda Barcia; Marcelo S. Ribeiro,,conf/icail/HoeshlBMBR03
1318,0.33,ICAIL,2005,0,0,0,0,2,0,,Re-usable Retrieval Concepts for the Classification of Legal Documents,Kees van Noortwijk; Johanna Visser; Richard V. de Mulder,,conf/icail/NoortwijkVM05
1319,0.33,ICAIL,2007,0,0,0,0,2,0,,The construction of a juridical ontology,Isa Mara da Rosa Alves; Rove Luiza de Oliveira Chishman; Paulo Miguel Torres; Duarte Quaresma,http://hdl.handle.net/10174/1444,conf/icail/AlvesCTQ07
1320,0.33,ICAIL,2007,0,0,0,0,2,0,,Divergence between will and declaration in intelligent agent contracting,Francisco Andrade; Paulo Novais; José Neves,,conf/icail/AndradeNN07
1321,0.33,ICAIL,2011,0,0,0,0,2,0,,Using an OWL ontology to support legal negotiation about owners corporation disputes,Brooke Abrahams; Peter Condliffe; John Zeleznikow,,conf/icail/AbrahamsCZ11
1322,0.33,ICAIL,2011,0,0,0,0,2,0,,Adapting specialized legal metadata to the digital environment: the code of federal regulations parallel table of authorities and rules,Robert C. Richards Jr.; Thomas R. Bruce,,conf/icail/RichardsB11
1323,0.33,ICAIL,2011,0,0,0,0,2,0,,Classifying online dispute resolution through a comparison of family mediation and the Israel - Palestinian conflict,John Zeleznikow; Emilia Bellucci,,conf/icail/ZeleznikowB11
1324,0.33,ICAIL,2015,0,0,0,0,2,0,,"Writing and reviewing contracts: don&apos;t you wish to save time, effort, and money?",Jason Gabbard; Jana Z. Sukkarieh; Federico Silva,,conf/icail/GabbardSS15
1325,0.33,ICAIL,2019,0,0,0,0,2,0,,Towards Computer-aided Analysis of Readability and Comprehensibility of Patient Information in the Context of Clinical Research Projects,Ingo Glaser; Georg Bonczek; Jörg Landthaler; Florian Matthes,,conf/icail/GlaserBLM19
1326,0.33,ICAIL,2019,0,0,0,0,2,0,,Exploiting Search Logs to Aid in Training and Automating Infrastructure for Question Answering in Professional Domains,Filippo Pompili; Jack G. Conrad; Carter Kolbeck,,conf/icail/PompiliCK19
1327,0.33,ICAIL,2021,0,0,0,0,2,0,,Automatic extraction of amendments from polish statutory law,Aleksander Smywinski-Pohl; Mateusz Piech; Zbigniew Kaleta; Krzysztof Wróbel,https://ruj.uj.edu.pl/xmlui/handle/item/288219,conf/icail/Smywinski-PohlP21
1328,0.33,ICAIL,2021,0,0,0,0,2,0,,Live demonstration of a working collaborative enegotiation system (smartsettle infinity),Ernest Thiessen; Graham Ross,,conf/icail/ThiessenR21
1329,0.33,ICAIL,2021,0,0,0,0,2,0,,A simple mathematical model for the legal concept of balancing of interests,Frederike Zufall; Rampei Kimura; Linyu Peng,,conf/icail/ZufallKP21
1330,0.33,ICAIL,2023,0,0,0,0,2,0,,MultiLegalSBD: A Multilingual Legal Sentence Boundary Detection Dataset,Tobias Brugger; Matthias Stürmer; Joel Niklaus,https://dl.acm.org/doi/pdf/10.1145/3594536.3595132,conf/icail/BruggerSN23
1331,0.33,ICAIL,2023,0,0,0,0,2,0,,The Perfect Victim: Computational Analysis of Judicial Attitudes towards Victims of Sexual Violence,Eliya Habba; Renana Keydar; Dan Bareket; Gabriel Stanovsky,,conf/icail/HabbaKBS23
1332,0.33,ICAIL,2023,0,0,0,0,2,0,,Image Analysis Approach to Trademark Congestion and Depletion,Amit Haim; Aniket Kesari,,conf/icail/HaimK23
1333,0.33,ICAIL,2023,0,0,0,0,2,0,,Confidence Sequences for Evaluating One-Phase Technology-Assisted Review,David D. Lewis; Lenora Gray; Mark Noel,https://dl.acm.org/doi/pdf/10.1145/3594536.3595167,conf/icail/LewisGN23
1334,0.33,ICAIL,2023,0,0,0,0,2,0,,Don&apos;t Use a Cannon to Kill a Fly: An Efficient Cascading Pipeline for Long Documents,Zehua Li; Neel Guha; Julian Nyarko,,conf/icail/LiGN23
1335,0.33,ICAIL,2023,0,0,0,0,2,0,,Automated Anonymization of Court Decisions: Facilitating the Publication of Court Decisions through Algorithmic Systems,Kalliopi Terzidou,https://dl.acm.org/doi/pdf/10.1145/3594536.3595151,conf/icail/Terzidou23
1336,0.33,ICAIL,2025,0,0,0,0,2,0,,LLMs Provide Unstable Answers to Legal Questions,Andrew Blair-Stanek; Benjamin Van Durme,https://doi.org/10.1145/3769126.3769245,conf/icail/Blair-StanekD25
1337,0.33,ICAIL,2025,0,0,0,0,2,0,,An Overview of the COLIEE 2025 Competition: Legal Case Law and Statute Law Information Retrieval and Entailment,Randy Goebel; Yoshinobu Kano; Mi-Young Kim; Calum Kwan; Ken Satoh; Hiroaki Yamada; Masaharu Yoshioka,https://doi.org/10.1145/3769126.3785016,conf/icail/GoebelKKKS0Y25
1338,0.33,ICAIL,2025,0,0,0,0,2,0,,AI for Statutory Simplification: A Comprehensive State Legal Corpus and Labor Benchmark,Emaan Hariri; Daniel E. Ho,https://doi.org/10.1145/3769126.3769256,conf/icail/HaririH25
1339,0.33,JURIX,2009,0,0,0,0,2,0,,XDTD as a Simple Validation Language for XML-based Legal Documents,Gioele Barabucci; Fabio Vitali,,conf/jurix/BarabucciV09
1340,0.33,JURIX,2009,0,0,0,0,2,0,,Emerald: Legal Knowledge Engineering Using OWL and Rules,András Förhécz; Gábor Korösi; András Millinghoffer; György Strausz,,conf/jurix/ForheczKMS09
1341,0.33,JURIX,2009,0,0,0,0,2,0,,An Ontology for the Implementation of the EU Services Directive,Doris Liebwald,,conf/jurix/Liebwald09
1342,0.33,JURIX,2010,0,0,0,0,2,0,,Canonicalizing Complex Case Law Citations,Marc van Opijnen,,conf/jurix/Opijnen10
1343,0.33,JURIX,2010,0,0,0,0,2,0,,Update Legal Documents Using Hierarchical Ranking Models and Word Clustering,Minh Quang Nhat Pham; Minh Le Nguyen; Akira Shimazu,,conf/jurix/PhamNS10
1344,0.33,JURIX,2014,0,0,0,0,2,0,,Towards Graph-based and Semantic Search in Legal Information Access Systems,Nada Mimouni; Adeline Nazarenko; Ève Paul; Sylvie Salotti,,conf/jurix/MimouniNPS14
1345,0.33,JURIX,2015,0,0,0,0,2,0,,Business Process Management for Legal Domains: Supporting Execution and Management of Preliminary Injunctions,Federico Capuzzimati; Andrea Violato; Matteo Baldoni; Guido Boella,,conf/jurix/CapuzzimatiVBB15
1346,0.33,JURIX,2015,0,0,0,0,2,0,,Improvements in Information Extraction in Legal Text by Active Learning,Cristian Cardellino; Laura Alonso Alemany; Serena Villata; Elena Cabrio,https://inria.hal.science/hal-01236697/document,conf/jurix/CardellinoAVC15
1347,0.33,JURIX,2015,0,0,0,0,2,0,,No Match-making but Biconditionals: - Agents and the Role of the State in Legal Relations,Réka Markovich,,conf/jurix/Markovich15
1348,0.33,JURIX,2016,0,0,0,0,2,0,,Explaining Bayesian Belief Revision for Legal Applications,Jeroen Keppens,,conf/jurix/Keppens16
1349,0.33,JURIX,2018,0,0,0,0,2,0,,Query Generation for Patent Retrieval with Keyword Extraction Based on Syntactic Features,Julien Rossi; Evangelos Kanoulas,https://dare.uva.nl/personal/pure/en/publications/query-generation-for-patent-retrieval-with-keyword-extraction-based-on-syntactic-features(36860c31-195f-4ff7-a053-2bdacaab3f6f).html,conf/jurix/RossiK18
1350,0.33,JURIX,2018,0,0,0,0,2,0,,Japanese Legal Term Correction Using Random Forests,Takahiro Yamakoshi; Takahiro Komamizu; Yasuhiro Ogawa; Katsuhiko Toyama,,conf/jurix/YamakoshiKOT18
1351,0.33,JURIX,2019,0,0,0,0,2,0,,Improving the Processing of Question Answer Based Legal Documents,Saurabh Chakravarty; Maanav Mehrotra; Raja Venkata Satya Phanindra Chava; Han Liu; Matthew Krivansky; Edward A. Fox,https://doi.org/10.3233/faia190302,conf/jurix/ChakravartyMCLK19
1352,0.33,JURIX,2019,0,0,0,0,2,0,,The NAI Suite - Drafting and Reasoning over Legal Texts,Tomer Libal; Alexander Steen,http://ebooks.iospress.nl/publication/53680,conf/jurix/LibalS19
1353,0.33,JURIX,2019,0,0,0,0,2,0,,Application of Character-Level Language Models in the Domain of Polish Statutory Law,Aleksander Smywinski-Pohl; Krzysztof Wróbel; Karol Lasocki; Michal Jungiewicz,https://doi.org/10.3233/faia190328,conf/jurix/Smywinski-PohlW19
1354,0.33,JURIX,2020,0,0,0,0,2,0,,Plain Language Assessment of Statutes,Wolfgang Alschner; Daniel D&apos;Alimonte; Giovanni C. Giuga; Sophie Gadbois,https://ebooks.iospress.nl/pdf/doi/10.3233/FAIA200865,conf/jurix/AlschnerDGG20
1355,0.33,JURIX,2020,0,0,0,0,2,0,,Automatic Removal of Identifying Information in Official EU Languages for Public Administrations: The MAPA Project,Lucie Gianola; Eriks Ajausks; Victoria Arranz; Chomicha Bendahman; Laurent Bié; Claudia Borg; Aleix Cerdà-i-Cucó; Khalid Choukri; Montse Cuadros; Ona de Gibert; Hans Degroote; Elena Edelman; Thierry Etchegoyhen; Ángela Franco Torres; Mercedes García Hernandez; Aitor García-Pablos; Albert Gatt; Cyril Grouin; Manuel Herranz; Alejandro Adolfo Kohan; Thomas Lavergne; Maite Melero; Patrick Paroubek; Mickaël Rigault; Mike Rosner; Roberts Rozis; Lonneke van der Plas; Rinalds Viksna; Pierre Zweigenbaum,https://ebooks.iospress.nl/pdf/doi/10.3233/FAIA200869,conf/jurix/GianolaAABBBCCC20
1356,0.33,JURIX,2021,0,0,0,0,2,0,,Visualization of Legal Informatics,Friedrich Lachmayer; Vytautas Cyras,https://ebooks.iospress.nl/pdf/doi/10.3233/FAIA210310,conf/jurix/LachmayerC21
1357,0.33,JURIX,2022,0,0,0,0,2,0,,Investigating Strategies for Clause Recommendation,Sagar Joshi; Sumanth Balaji; Jerrin Thomas; Aparna Garimella; Vasudeva Varma,https://ebooks.iospress.nl/pdf/doi/10.3233/FAIA220450,conf/jurix/JoshiBTGV22
1358,0.33,JURIX,2022,0,0,0,0,2,0,,WhenTheFact: Extracting Events from European Legal Decisions,María Navas-Loro; Víctor Rodríguez-Doncel,https://ebooks.iospress.nl/pdf/doi/10.3233/FAIA220470,conf/jurix/Navas-LoroR22
1359,0.33,JURIX,2023,0,0,0,0,2,0,,Advancing Knowledge Discoveries in Criminal Investigations with Semantic Textual Similarity,Katrin Franke,https://ebooks.iospress.nl/pdf/doi/10.3233/FAIA230973,conf/jurix/Franke23
1360,0.33,JURIX,2023,0,0,0,0,2,0,,LogiLaw Dataset Towards Reinforcement Learning from Logical Feedback (RLLF),Ha-Thanh Nguyen; Wachara Fungwacharakorn; Ken Satoh,https://ebooks.iospress.nl/pdf/doi/10.3233/FAIA230967,conf/jurix/NguyenFS23
1361,0.33,JURIX,2024,0,0,0,0,2,0,,Impacts of Continued Legal Pre-Training and IFT on LLMs&apos; Latent Representations of Human-Defined Legal Concepts,Shaun Ho,https://ebooks.iospress.nl/pdf/doi/10.3233/FAIA241259,conf/jurix/Ho24
1362,0.33,JURIX,2024,0,0,0,0,2,0,,Similar Phrases for Cause of Actions of Civil Cases,Ho-Chien Huang; Chao-Lin Liu,https://ebooks.iospress.nl/pdf/doi/10.3233/FAIA241274,conf/jurix/HuangL24
1363,0.33,JURIX,2024,0,0,0,0,2,0,,Combining Rule-Based and Machine Learning Methods for Efficient Information Extraction from Enforcement Decisions,Harry Nan; Maarten Marx; Johan Wolswinkel,https://ebooks.iospress.nl/pdf/doi/10.3233/FAIA241262,conf/jurix/NanMW24
1364,0.33,JURIX,2024,0,0,0,0,2,0,,A Multi-Stage Prompting and RAG Approach to Generating Legal Analysis in Common Law Systems,Titus T. H. Ng; Tien-Hsuan Wu; Benjamin Minhao Chen; Yongxi Chen; Ben Kao,https://ebooks.iospress.nl/pdf/doi/10.3233/FAIA241278,conf/jurix/NgWCCK24
1365,0.33,JURIX,2024,0,0,0,0,2,0,,ConsRAG: Minimize LLM Hallucinations in the Legal Domain,Ha-Thanh Nguyen; Ken Satoh,https://ebooks.iospress.nl/pdf/doi/10.3233/FAIA241263,conf/jurix/NguyenS24
1366,0.33,JURIX,2024,0,0,0,0,2,0,,Robots in the Middle: Evaluating LLMs in Dispute Resolution,Jinzhe Tan; Hannes Westermann; Nikhil Reddy Pottanigari; Jaromír Savelka; Sébastien Meeùs; Mia Godet; Karim Benyekhlef,https://ebooks.iospress.nl/pdf/doi/10.3233/FAIA241243,conf/jurix/TanWPSMGB24
1367,0.33,JURIX,2025,0,0,0,0,2,0,,Do LLMs Truly &quot;Understand&quot; when a Precedent Is Overruled?,Li Zhang; Jaromír Savelka; Kevin D. Ashley,https://doi.org/10.3233/faia251592,conf/jurix/ZhangSA25
1368,0.21,DEON,2008,0,0,0,0,1,0,,Norms in Branching Space-Times,Nuel Belnap,,conf/deon/Belnap08
1369,0.21,ICAIL,1987,0,0,0,0,1,0,,Handing of Significant Deviations from Boilerplate Text,Gary Morris; Keith Taylor; Maury Harwood,,conf/icail/MorrisTH87
1370,0.21,ICAIL,1989,0,0,0,0,1,0,,Knowledge and Tools in Building GRANDJUR 1.1,R. D. Purdy,,conf/icail/Purdy89
1371,0.21,ICAIL,1989,0,0,0,0,1,0,,CACE: Computer-Assisted Case Evaluation in the Brooklyn District Attorney&apos;s Office,S. S. Weiner,,conf/icail/Weiner89
1372,0.21,ICAIL,1991,0,0,0,0,1,0,,SIREDOJ: A Legal Assistance Application about Contracts in the Building Industry,Diego Bercovich,https://dl.acm.org/doi/pdf/10.1145/112646.112679,conf/icail/Bercovich91
1373,0.21,ICAIL,1991,0,0,0,0,1,0,,Perpetuities Reasoning Captured and Automated in a Logic Program,Barnett Glickfeld,,conf/icail/Glickfeld91
1374,0.21,ICAIL,1993,0,0,0,0,1,0,,Towards a Methodology for the Validation of Expert Systems: The Case of Loge-Expert,Robert Dupuis; Claude Thomasset; Louis-Claude Paquin; François Blanchard,https://dl.acm.org/doi/pdf/10.1145/158976.158984,conf/icail/DupuisTPB93
1375,0.21,ICAIL,1997,0,0,0,0,1,0,,Determination of Residence Status for Taxation Law: Development of a Rule-Based Expert System,Rodney Fisher,,conf/icail/Fisher97
1376,0.21,ICAIL,1997,0,0,0,0,1,0,,Tools for Automated Legislative Drafting (Abstract),Nienke den Haan,,conf/icail/Haan97
1377,0.21,ICAIL,1997,0,0,0,0,1,0,,MicroMax at Seven (Abstract),Marc Lauritsen,https://dl.acm.org/doi/pdf/10.1145/261618.261663,conf/icail/Lauritsen97
1378,0.21,ICAIL,1997,0,0,0,0,1,0,,Attacking Legal Argument by Examining Stability of Case Citation with Goal-Dependent Abstraction,Yoshiaki Okubo; Makoto Haraguchi,,conf/icail/OkuboH97
1379,0.21,ICAIL,2001,0,0,0,0,1,0,,A categorization method for French legal documents on the web,Guiraude Lame,,conf/icail/Lame01
1380,0.21,ICAIL,2003,0,0,0,0,1,0,,New Procedures For Environment Licensing with Artificial Intelligence - CIPPLA,Filipe Corrêa da Costa; Tânia C. D&apos;Agostini Bueno; Hugo Cesar Hoeschl; Érica Bezerra Queiroz Ribeiro,,conf/icail/CostaBR03
1381,0.21,ICAIL,2003,0,0,0,0,1,0,,The Fraunce (1588) Model of Case-based Reasoning,Pamela N. Gray; Scott Mann,,conf/icail/GrayM03
1382,0.21,ICAIL,2003,0,0,0,0,1,0,,Interoperability from Electronic Commerce to Litigation Using XML Rules,Zaw Z. Han; Tin T. Khine; Imtinan Ahmad; Sunil Shrestha; Laurence L. Leff,,conf/icail/HanKASL03
1383,0.21,ICAIL,2003,0,0,0,0,1,0,,Dynamically Contextualized Knowledge Representation of The United Nations Security Council Resolution,Hugo Cesar Hoeschl; Tânia C. D&apos;Agostini Bueno; Andre Bortolon; Eduardo da Silva Mattos; Marcelo S. Ribeiro; Irineu Theiss,,conf/icail/HoeschlBBMRT03
1384,0.21,ICAIL,2007,0,0,0,0,1,0,,A constructivist model for the judicial determination of facts,Enrique Cáceres,,conf/icail/Caceres07
1385,0.21,ICAIL,2009,0,0,0,0,1,0,,"e-dossier at the Dutch Council of State: design, implementation and lessons learned",R. A. Hilhorst; Tom M. van Engers,,conf/icail/HilhorstE09
1386,0.21,ICAIL,2009,0,0,0,0,1,0,,Plausibility schemas: templates for legal factfinding,Vern R. Walker,,conf/icail/Walker09
1387,0.21,ICAIL,2019,0,0,0,0,1,0,,The Application of ODCM for Building Well-Founded Legal Domain Ontologies: A Case Study in the Domain of Carriage of Goods by Sea,Mirna El Ghosh; Habib Abdulrab,,conf/icail/GhoshA19
1388,0.21,ICAIL,2019,0,0,0,0,1,0,,Neural Attention Learning for Legal Query Reformulation,Arunprasath Shankar; Venkata Nagaraju Buddarapu,,conf/icail/ShankarB19a
1389,0.21,ICAIL,2021,0,0,0,0,1,0,,Applying decision tree analysis to family court decisions: factors determining child custody in Taiwan,Sieh-Chuen Huang; Hsuan-Lei Shao; Robert B. Leflar,,conf/icail/HuangSL21
1390,0.21,ICAIL,2023,0,0,0,0,1,0,,&quot;What&apos;s wrong with this product?&quot;: Detection of product safety issues based on information consumers share online,Max Fuchs; Amit Jadhav; Advaith Jaishankar; Caroline Cauffman; Gerasimos Spanakis,https://cris.maastrichtuniversity.nl/en/publications/f8d512ec-4cd3-4f16-a0c6-1f0334dce799,conf/icail/FuchsJJCS23
1391,0.21,ICAIL,2023,0,0,0,0,1,0,,Applying NLLP and ML to Predict Damages as a Remedy for Contract Breach,Frank Giaoui; Luv Aggarwal; Diego Lobo; Joan Gondolo; Philippe Lachkeur; Satvik Jain,,conf/icail/GiaouiALGLJ23
1392,0.21,ICAIL,2023,0,0,0,0,1,0,,Binding Language in Administrative Guidance Documents,Amit Haim,,conf/icail/Haim23
1393,0.21,ICAIL,2023,0,0,0,0,1,0,,Conceptual Questions in Developing Expert-Annotated Data,Megan Ma; Brandon Waldon; Julian Nyarko,,conf/icail/MaWN23
1394,0.21,ICAIL,2023,0,0,0,0,1,0,,Analysing the Resourcefulness of the Paragraph for Precedence Retrieval,Bhoomeendra Singh Sisodiya; Narendra Babu Unnam; P. Krishna Reddy; Apala Das; K. V. K. Santhy; V. Balakista Reddy,,conf/icail/SisodiyaURDSR23
1395,0.21,ICAIL,2025,0,0,0,0,1,0,,Assessing the performance gap between lexical and semantic models for information retrieval with formulaic legal language,Larissa Mori; Carlos Sousa de Oliveira; Yuehwern Yih; Mario Ventresca,https://doi.org/10.1145/3769126.3769205,conf/icail/MoriOYV25
1396,0.21,ICAIL,2025,0,0,0,0,1,0,,Learning from Computer Vision: The Effects of Loss Functions on Legal Text Classification with Class Imbalance,Niklas Wais; Matthias Grabmair,https://doi.org/10.1145/3769126.3769263,conf/icail/WaisG25
1397,0.21,ICAIL,2025,0,0,0,0,1,0,,Addressing the Right to Explanation and the Right to Challenge through Hybrid-AI: Symbolic Constraints over Large Language Models via Prompt Engineering,Liuwen Yu; Davide Liga; Réka Markovich,https://doi.org/10.1145/3769126.3769252,conf/icail/YuLM25
1398,0.21,JURIX,2008,0,0,0,0,1,0,,Finding Case Law on a European Scale - Current Practice and Future Work,Marc van Opijnen,,conf/jurix/Opijnen08
1399,0.21,JURIX,2009,0,0,0,0,1,0,,Legal Multimedia Management through JPEG2000 Framework,Jorge González-Conejero,,conf/jurix/Gonzalez-Conejero09
1400,0.21,JURIX,2009,0,0,0,0,1,0,,Generating Cases for E-Learning,Michael Sonntag,,conf/jurix/Sonntag09
1401,0.21,JURIX,2010,0,0,0,0,1,0,,A Legal Decision Support Guide for Owners Corporation Cases,Peter Condliffe; Brooke Abrahams; John Zeleznikow,,conf/jurix/CondliffeAZ10
1402,0.21,JURIX,2011,0,0,0,0,1,0,,Legal N-Grams? A Simple Approach to Track the Evolution of Legal Language,Daniel Martin Katz; Michael J. Bommarito II; Julie Seaman; Eugene Agichtein,,conf/jurix/KatzBSA11
1403,0.21,JURIX,2012,0,0,0,0,1,0,,A Unified Change Management of Regulations and their Formal Representations based on the FRBR Framework and the Direct Method,Akos Szoke; András Förhécz; György Strausz,,conf/jurix/SzokeFS12
1404,0.21,JURIX,2014,0,0,0,0,1,0,,Managing Motivation at the Workplace through Negotiation,Davide Carneiro; Paulo Novais; John Zeleznikow; Francisco Andrade; José Neves,http://hdl.handle.net/1822/34234,conf/jurix/CarneiroNZAN14
1405,0.21,JURIX,2015,0,0,0,0,1,0,,Treaty Texts as Data - Developing New Tools for Negotiators and Litigators to Compare Bilateral Investment Treaties,Wolfgang Alschner; Dmitriy Skougarevskiy,,conf/jurix/AlschnerS15
1406,0.21,JURIX,2015,0,0,0,0,1,0,,Search and Discovery in Legal Document Networks,Nada Mimouni; Adeline Nazarenko; Sylvie Salotti,,conf/jurix/MimouniNS15
1407,0.21,JURIX,2015,0,0,0,0,1,0,,"Bridging Representations of Laws, of Implementations and of Behaviours",Giovanni Sileno; Alexander Boer; Tom M. van Engers,https://dare.uva.nl/personal/pure/en/publications/bridging-representations-of-laws-of-implementations-and-of-behaviours(7485e39d-7136-4aec-8612-459c95a43578).html,conf/jurix/SilenoBE15
1408,0.21,JURIX,2015,0,0,0,0,1,0,,A Data Science Environment for Legal Texts,Bernhard Waltl; Marin Zec; Florian Matthes,,conf/jurix/WaltlZM15
1409,0.21,JURIX,2016,0,0,0,0,1,0,,Can Robots Write Treaties? Using Recurrent Neural Networks to Draft International Investment Agreements,Wolfgang Alschner; Dmitriy Skougarevskiy,,conf/jurix/AlschnerS16
1410,0.21,JURIX,2016,0,0,0,0,1,0,,"Automatic Identification, Extraction and Application of Textual Amendments in Greek Legislative Texts",John D. Garofalakis; Konstantinos Plessas; Athanasios Plessas,,conf/jurix/GarofalakisPP16
1411,0.21,JURIX,2016,0,0,0,0,1,0,,Towards a Global Importance Indicator for Court Decisions,Marc van Opijnen,,conf/jurix/Opijnen16
1412,0.21,JURIX,2016,0,0,0,0,1,0,,New Zealand Legislation Network,Neda Sakhaee; Mark C. Wilson; Golbon Zakeri,,conf/jurix/SakhaeeWZ16
1413,0.21,JURIX,2018,0,0,0,0,1,0,,Towards the Assessment of Gold-Standard Alignments Between Legal Thesauri,Armando Stellato; Andrea Turbati; Manuel Fiorelli; Tiziano Lorenzetti; Peter Schmitz; Enrico Francesconi; Najeh Hajlaoui; Brahim Batouche,https://doi.org/10.3233/978-1-61499-935-5-131,conf/jurix/StellatoTFL0FHB18
1414,0.21,JURIX,2019,0,0,0,0,1,0,,Frequent Use Cases Extraction from Legal Texts in the Data Protection Domain,Valentina Leone; Luigi Di Caro,https://doi.org/10.3233/faia190324,conf/jurix/LeoneC19
1415,0.21,JURIX,2019,0,0,0,0,1,0,,Facts2Law - Using Deep Learning to Provide a Legal Qualification to a Set of Facts,Ivan Mokanov,https://doi.org/10.3233/faia190334,conf/jurix/Mokanov19
1416,0.21,JURIX,2019,0,0,0,0,1,0,,Combining Textual and Visual Information for Typed and Handwritten Text Separation in Legal Documents,Alessandro Torrisi; Robert Bevan; Katie Atkinson; Danushka Bollegala; Frans Coenen,https://doi.org/10.3233/faia190329,conf/jurix/TorrisiBABC19
1417,0.21,JURIX,2020,0,0,0,0,1,0,,Summarisation with Majority Opinion,Oliver Ray; Amy Conroy; Rozano Imansyah,https://ebooks.iospress.nl/pdf/doi/10.3233/FAIA200875,conf/jurix/RayCI20
1418,0.21,JURIX,2020,0,0,0,0,1,0,,Sleeping Beauties in Case Law,Pedro V. Hernandez Serrano; Kody Moodley; Gijs van Dijck; Michel Dumontier,https://ebooks.iospress.nl/pdf/doi/10.3233/FAIA200871,conf/jurix/SerranoMDD20
1419,0.21,JURIX,2021,0,0,0,0,1,0,,Human Evaluation Experiment of Legal Information Retrieval Methods,Tereza Novotná,https://ebooks.iospress.nl/pdf/doi/10.3233/FAIA210328,conf/jurix/Novotna21
1420,0.21,JURIX,2022,0,0,0,0,1,0,,Recognising Legal Characteristics of the Judgments of the European Court of Justice: Difficult but Not Impossible,Alessandro Contini; Sebastiano Antonio Piccolo; Lucia Lopez Zurita; Urska Sadl,https://ebooks.iospress.nl/pdf/doi/10.3233/FAIA220461,conf/jurix/ContiniPZS22
1421,0.21,JURIX,2022,0,0,0,0,1,0,,Semantic Querying of Knowledge Rich Legal Digital Libraries Using Prism,Hasan Jamil,https://ebooks.iospress.nl/pdf/doi/10.3233/FAIA220449,conf/jurix/Jamil22
1422,0.21,JURIX,2022,0,0,0,0,1,0,,Consumer Dispute Resolution System Based on PROLEG,Shidaka Nishioka; Yuto Mori; Ken Satoh,https://ebooks.iospress.nl/pdf/doi/10.3233/FAIA220485,conf/jurix/NishiokaMS22
1423,0.21,JURIX,2023,0,0,0,0,1,0,,Legal Text Segmentation Through Breakpoint Detection,Roberto Abbruzzese,https://ebooks.iospress.nl/pdf/doi/10.3233/FAIA230968,conf/jurix/Abbruzzese23
1424,0.21,JURIX,2023,0,0,0,0,1,0,,&quot;Comparative Prints Suite&quot; of the United States House of Representatives: NLP for Tracking Changes in Bills and Laws,Ari Hershowitz; Sela Mador-Haim,https://ebooks.iospress.nl/pdf/doi/10.3233/FAIA230993,conf/jurix/HershowitzM23
1425,0.21,JURIX,2023,0,0,0,0,1,0,,Human-Centred Explanation of Rule-Based Decision-Making Systems in the Legal Domain: Demonstration,Suzan Zuurmond; AnneMarie Borg; Matthijs van Kempen; Remi Wieten,https://ebooks.iospress.nl/pdf/doi/10.3233/FAIA230992,conf/jurix/ZuurmondBKW23
1426,0.21,JURIX,2024,0,0,0,0,1,0,,Automated Semantic Annotation Pipeline for Brazilian Judicial Decisions,Melissa Zorzanelli Costa; Dylan Faria Robson; Thiago Baiense Peçanha Vieira; Jean-Rémi Bourguet; Giancarlo Guizzardi; João Paulo A. Almeida,https://ebooks.iospress.nl/pdf/doi/10.3233/FAIA241248,conf/jurix/CostaRVBGA24
1427,0.21,JURIX,2024,0,0,0,0,1,0,,Combining Network and Text to Provide Legal Pincites,Nicolas Garneau; Henrik Palmer Olsen; Antoine Corduant; Fabien Tarissan,https://ebooks.iospress.nl/pdf/doi/10.3233/FAIA241256,conf/jurix/GarneauOCT24
1428,0.21,JURIX,2024,0,0,0,0,1,0,,A Legal Assistant for Accountable Decision-Making,Adam Kaczmarczyk; Tomer Libal; Aleksander Smywinski-Pohl,https://ebooks.iospress.nl/pdf/doi/10.3233/FAIA241275,conf/jurix/KaczmarczykLS24
1429,0.21,JURIX,2024,0,0,0,0,1,0,,A Narrative Assistant for Traffic Accidents Based on Large Language Models (LLM),Jo-Chi Kung; Chia-Hui Chang; Huai-Hsuan Huang; Kuo-Chun Chien,https://ebooks.iospress.nl/pdf/doi/10.3233/FAIA241236,conf/jurix/KungCHC24
1430,0.21,JURIX,2024,0,0,0,0,1,0,,TENJI: A Textbook Entity Network and Jurisprudence Interface,Sabine Wehnert; Pramod Kumar Bontha; Kilian Lüders; Bent Stohlmann; Ernesto William De Luca,https://ebooks.iospress.nl/pdf/doi/10.3233/FAIA241282,conf/jurix/WehnertBLSL24
1431,0.21,JURIX,2024,0,0,0,0,1,0,,LeReRAG: Measuring Legal Relevance in Retrieval Augmented Generation Applications,Gineke Wiggers; Christian Hartz,https://ebooks.iospress.nl/pdf/doi/10.3233/FAIA241284,conf/jurix/WiggersH24
1432,0.21,JURIX,2025,0,0,0,0,1,0,,Modeling U.S. Supreme Court Briefs with Computational Argumentation,Heng Zheng; Dexter Williams; Bertram Ludäscher,https://doi.org/10.3233/faia251631,conf/jurix/0001WL25
1433,0.21,JURIX,2025,0,0,0,0,1,0,,Segmentation and Processing of German Court Decisions from Open Legal Data,Harshil Darji; Martin Heckelmann; Christina Kratsch; Gerard de Melo,https://doi.org/10.3233/faia251597,conf/jurix/DarjiHKM25
1434,0.21,JURIX,2025,0,0,0,0,1,0,,From Data to Equity: Predicting and Auditing Fairness in Indian Bail Decisions,Sneha Deshmukh; Prathmesh Kamble,https://doi.org/10.3233/faia251599,conf/jurix/DeshmukhK25
1435,0.21,JURIX,2025,0,0,0,0,1,0,,Can LLMs Create Legally Relevant Summaries and Analyses of Videos?,Lyra Hoeben-Kuil; Gijs van Dijck; Jaromír Savelka; Johanna Gunawan; Konrad Kollnig; Marta Kolacz; Mindy Duffourc; Shashank Chakravarthy; Hannes Westermann,https://doi.org/10.3233/faia251580,conf/jurix/Hoeben-KuilDSGK25
1436,0.21,JURIX,2025,0,0,0,0,1,0,,Reinforcement Learning with Argument-Structured Reward for Court Decision Abstractive Summarization,Yuntao Kong; Ye Xiong; Shuyuan Zheng; Ken Satoh,https://doi.org/10.3233/faia251603,conf/jurix/KongXZS25
1437,0.21,JURIX,2025,0,0,0,0,1,0,,Enhancing Automated Decision-Making in Administrative Law Through Digital Twins of Legislation. A Grounded Theory Approach,Florian Schnitzhofer; Christoph G. Schuetz,https://doi.org/10.3233/faia251630,conf/jurix/SchnitzhoferS25
1438,0.0,DEON,2006,0,0,0,0,0,0,,A Question of Trust: Assessing the Fulfillment of Commitments in Terms of Strategies,Thomas Müller,https://kops.uni-konstanz.de/server/api/core/bitstreams/1a0cb9fa-fb60-499c-a6f0-dda8871ddee1/content,conf/deon/Muller06
1439,0.0,DEON,2008,0,0,0,0,0,0,,Delegation of Control in Administrative Procedures,Joris Hulstijn; Jianwei Liu; Yao-Hua Tan,,conf/deon/HulstijnLT08
1440,0.0,DEON,2014,0,0,0,0,0,0,,Ingmar Pörn - In Memoriam,Andrew J. I. Jones,,conf/deon/Jones14
1441,0.0,DEON,2014,0,0,0,0,0,0,,The Logical Structure of Scanlon&apos;s Contractualism,Martin Rechenauer; Olivier Roy,,conf/deon/RechenauerR14
1442,0.0,DEON,2016,0,0,0,0,,0,,Cumulative aggregation,Diego Agustín Ambrossio; Xavier Parent; Leendert W. N. van der Torre,,conf/deon/AmbrossioPT16
1443,0.0,DEON,2016,0,0,0,0,,0,,Argumentation Frameworks with Justified Attacks,Sjur Kristoffer Dyrkolbotn; Truls Pedersen,,conf/deon/DyrkolbotnP16
1444,0.0,DEON,2016,0,0,0,0,,0,,"Arguments, Responsibilities and Moral Dilemmas in Abductive Default Logic",Sjur Kristoffer Dyrkolbotn; Truls Pedersen; Jan M. Broersen,,conf/deon/DyrkolbotnPB16
1445,0.0,DEON,2016,0,0,0,0,,0,,To Do Something Else,Fengkui Ju; Jan van Eijck,,conf/deon/JuE16
1446,0.0,DEON,2016,0,0,0,0,,0,,Multivalued Logics for Conflicting Norms,Piotr Kulicki; Robert Trypuz,,conf/deon/KulickiT16
1447,0.0,DEON,2016,0,0,0,0,,0,,Prioritized Norms and Defaults in Formal Argumentation,Beishui Liao; Nir Oren; Leendert W. N. van der Torre; Serena Villata,,conf/deon/LiaoOTV16
1448,0.0,DEON,2016,0,0,0,0,,0,,Reasons to Believe in a Social Environment,Fenrong Liu; Emiliano Lorini,,conf/deon/LiuL16
1449,0.0,DEON,2016,0,0,0,0,,0,,Objective Oughts and a Puzzle about Futurity,Alessandra Marra,,conf/deon/Marra16
1450,0.0,DEON,2016,0,0,0,0,,0,,Rights in Default Logic,Robert Mullins,,conf/deon/Mullins16
1451,0.0,DEON,2016,0,0,0,0,,0,,Logical Inference and Its Dynamics,Carlotta Pavese,,conf/deon/Pavese16
1452,0.0,DEON,2016,0,0,0,0,,0,,Update Semantics for Weak Necessity Modals,Alex Silk,,conf/deon/Silk16
1453,0.0,DEON,2018,0,0,0,0,,0,,Reasoning about Conditions in STIT Logic,Matthias Armgardt; Emiliano Lorini; Giovanni Sartor,,conf/deon/ArmgardtLS18
1454,0.0,DEON,2018,0,0,0,0,,0,,Knowledge and Subjective Oughts in STIT Logic,Jan M. Broersen; Aldo Iván Ramírez Abarca,,conf/deon/BroersenA18
1455,0.0,DEON,2018,0,0,0,0,,0,,A Look at Chisholm&apos;s Ethics of Requirement,Marian J. R. Gilton,,conf/deon/Gilton18
1456,0.0,DEON,2018,0,0,0,0,,0,,Ability and Responsibility in General Action Logic,Alessandro Giordani,,conf/deon/Giordani18
1457,0.0,DEON,2018,0,0,0,0,,0,,Dialogues on Moral Theories,Guido Governatori; Francesco Olivieri; Régis Riveret; Antonino Rotolo; Serena Villata,,conf/deon/GovernatoriORRV18
1458,0.0,DEON,2018,0,0,0,0,,0,,Epistemic Oughts in STIT Semantics (Abbreviated Version),John F. Horty,,conf/deon/KulickiT18
1459,0.0,DEON,2018,0,0,0,0,,0,,Towards a Formal Ethics for Autonomous Cars,Piotr Kulicki; Robert Trypuz; Michael P. Musielewicz,,conf/deon/KulickiTM18
1460,0.0,DEON,2018,0,0,0,0,,0,,You Must! Maybe You Won&apos;t,Matthew Mandelkern,,conf/deon/Mandelkern18
1461,0.0,DEON,2018,0,0,0,0,,0,,I/O Logics with a Consistency Check,Xavier Parent; Leendert W. N. van der Torre,,conf/deon/ParentT18
1462,0.0,DEON,2018,0,0,0,0,,0,,A Logic for Reasoning about Group Norms,Daniele Porello,,conf/deon/Porello18
1463,0.0,DEON,2021,0,0,0,0,,0,,The Gentle Murder Paradox in Sanskrit Philosophy,Kees van Berkel; Agata Ciabattoni; Elisa Freschi; Francesca Gulisano; Maya Olszewski,,conf/deon/0002CFGO21
1464,0.0,DEON,2021,0,0,0,0,,0,,"If You Want to Smoke, Don&apos;t Buy Cigarettes: Near-Anankastics, Contexts, and Hyper Modality",Kees van Berkel; Dov M. Gabbay; Leendert van der Torre,,conf/deon/0002GT21
1465,0.0,DEON,2021,0,0,0,0,,0,,Sequent Rules for Reasoning and Conflict Resolution in Conditional Norms,Agata Ciabattoni; Björn Lellmann,,conf/deon/CiabattoniL21
1466,0.0,DEON,2021,0,0,0,0,,0,,The Original Position: A Logical Analysis,Thijs De Coninck; Frederik Van De Putte,,conf/deon/ConinckP21
1467,0.0,DEON,2021,0,0,0,0,,0,,Proof Systems for the Logics of Bringing-It-About,Tiziano Dalmonte; Charles Grellois; Nicola Olivetti,,conf/deon/DalmonteGO21
1468,0.0,DEON,2021,0,0,0,0,,0,,Axiomatizing Norms Across Time and the &apos;Paradox of the Court&apos;,Daniela Glavanicová; Matteo Pascucci,,conf/deon/GlavanicovaP21
1469,0.0,DEON,2021,0,0,0,0,,0,,"Moral Principles: Hedged, Contributory, Mixed",Aleks Knoks,,conf/deon/Knoks21
1470,0.0,DEON,2021,0,0,0,0,,0,,A Logical Analysis of Freedom of Thought,Réka Markovich; Olivier Roy,,conf/deon/MarkovichR21
1471,0.0,DEON,2021,0,0,0,0,,0,,Forms and Norms of Indecision in Argumentation Theory,Daniela Schuster,,conf/deon/Schuster21
1472,0.0,DEON,2021,0,0,0,0,,0,,Goal-Directed Decision Procedures for Input/Output Logics,Alexander Steen,,conf/deon/Steen21
1473,0.0,DEON,2021,0,0,0,0,,0,,Prioritized Defaults and Formal Argumentation,Christian Straßer; Pere Pardo,,conf/deon/StrasserP21
1474,0.0,DEON,2023,0,0,0,0,,0,,Analytic Proof Theory for Åqvist&apos;s System F,Agata Ciabattoni; Nicola Olivetti; Xavier Parent; Revantha Ramanayake; Dmitry Rozplokhas,,conf/deon/CiabattoniOPRR23
1475,0.0,DEON,2023,0,0,0,0,,0,,All-Things-Considered Ought via Reasons in Justification Logic,Federico L. G. Faroldi; Tudor Protopopescu,,conf/deon/FaroldiP23
1476,0.0,DEON,2023,0,0,0,0,,0,,Numeric Default Logic as a Framework for Ethical AI,Joris Graff,,conf/deon/Graff23
1477,0.0,DEON,2023,0,0,0,0,,0,,What Should I Do and Why?,Joris Hulstijn; Leendert van der Torre,,conf/deon/HulstijnT23
1478,0.0,DEON,2023,0,0,0,0,,0,,Reason-Based Detachment,Aleks Knoks; Leendert van der Torre,,conf/deon/KnoksT23
1479,0.0,DEON,2023,0,0,0,0,,0,,A Dynamic Logic of the Right to Know,Xu Li; Réka Markovich,,conf/deon/LiM23
1480,0.0,DEON,2023,0,0,0,0,,0,,Conceptual and Logical Analysis of the Right to Know,Réka Markovich; Olivier Roy,,conf/deon/MarkovichR23
1481,0.0,DEON,2023,0,0,0,0,,0,,Extensions and Variations of the DWE Framework,Paul McNamara,,conf/deon/McNamara23
1482,0.0,DEON,2023,0,0,0,0,,0,,On Floating Conclusions,Daniela Schuster; Jan M. Broersen; Henry Prakken,,conf/deon/SchusterBP23
1483,0.0,DEON,2023,0,0,0,0,,0,,"Allowed, or Enabled, That is the Question",Giovanni Sileno; Matteo Pascucci; Réka Markovich,,conf/deon/SilenoPM23
1484,0.0,DEON,2023,0,0,0,0,,0,,Autonomous Decisions and Rational Choice: How to Model Epistemic Rationality?,Nicolas Tardif; Clayton Peterson,,conf/deon/TardifP23
1485,0.0,DEON,2025,0,0,0,0,,0,,Rational Monotony in Input/Output Logic,Xu Li; Liuwen Yu; Leendert van der Torre,,conf/deon/0037YT25
1486,0.0,DEON,2025,0,0,0,0,,0,,Reconsidering the Formalisation of Backward Looking Responsibility,Jan M. Broersen,,conf/deon/Broersen25
1487,0.0,DEON,2025,0,0,0,0,,0,,Bridging AI Risk Assessment and Rights Promotion and Protection: A Semantic Model,Beatrice Ferrigno; Antonino Rotolo,,conf/deon/FerrignoR25
1488,0.0,DEON,2025,0,0,0,0,,0,,A Truthmaker Semantics for Reason-Based Conditionals,Alessandro Giordani; Vita Saitta,,conf/deon/GiordaniS25
1489,0.0,DEON,2025,0,0,0,0,,0,,Input/Output Logic via Neighborhood Semantics,Brandon Hopkins,,conf/deon/Hopkins25
1490,0.0,DEON,2025,0,0,0,0,,0,,Modal Logic for Agent-Based Legal Classifications,Daniil Khaitovich; Lorenz Hornung,,conf/deon/KhaitovichH25
1491,0.0,DEON,2025,0,0,0,0,,0,,Extending Recent Modifications of the DWE Framework,Paul McNamara,,conf/deon/McNamara25
1492,0.0,DEON,2025,0,0,0,0,,0,,Casuistical Reasoning in Bioethics as an Argumentation-Based Dialogue Game,Luca Redondi,,conf/deon/Redondi25
1493,0.0,DEON,2025,0,0,0,0,,0,,Two Semantic Approaches For Non-Dilemmatic Situations,Mahan Vaz Silva; Daniel Skurt,,conf/deon/SilvaS25
1494,0.0,DEON,2025,0,0,0,0,,0,,A Contrastive Semantics for Iffy Oughts,Xuefeng Wen; Yanan Liu,,conf/deon/WenL25
1495,0.0,DEON,2025,0,0,0,0,,0,,Toward a Principle-Based Analysis of Dual-Scale Detachment,Vincent de Wit; Aleks Knoks; Leendert van der Torre,,conf/deon/WitKT25
1496,0.0,DEON,2025,0,0,0,0,,0,,Ought to Do Based on Action and Belief,Qiaoyang Zhang,,conf/deon/Zhang25
1497,0.0,ICAIL,1987,0,0,0,0,0,0,,Legal Data Modeling: The Prohibited Transaction Exemption Analyst,Keith Bellairs,,conf/icail/Bellairs87
1498,0.0,ICAIL,1987,0,0,0,0,,0,,The Application of Expert Systems Technology to Case-Based Law,J. C. Smith; Cal Deedman,,conf/icail/SmithD87
1499,0.0,ICAIL,1989,0,0,0,0,0,0,,&quot;Boyd V. Deaver - Litigation Strategies&quot; Videodisc: An Opportunity to Improve Curriculum and Prototype Expert Systems,D. Burnstein,https://dl.acm.org/doi/pdf/10.1145/74014.74041,conf/icail/Burnstein89
1500,0.0,ICAIL,1991,0,0,0,0,0,0,,Expert Systems in Alternative Dispute Resolution,Michael L. Kayman; Moonja P. Kim,,conf/icail/KaymanK91
1501,0.0,ICAIL,1991,0,0,0,0,0,0,,An expert system for the application of import and export regulations,G. Van Nevel; F. Balfroid; R. Venken,https://dl.acm.org/doi/pdf/10.1145/112646.112681,conf/icail/NevelBV91
1502,0.0,ICAIL,1997,0,0,0,0,0,0,,Legal Principles and Analogical Reasoning (Extended Abstract),Michael Aikenhead,https://dl.acm.org/doi/pdf/10.1145/261618.261660,conf/icail/Aikenhead97
1503,0.0,ICAIL,1997,0,0,0,0,,0,,Family_Negotiator: An Intelligent Tool for Supporting Legal Negotiation in Australian Family Law (Abstract),Emilia Bellucci; John Zeleznikow,,conf/icail/BellucciZ97
1504,0.0,ICAIL,1997,0,0,0,0,0,0,,A Model for Rule Based Legal Knowledge Representation (Abstract),Raf van Kuyck; Beatrice Van Buggenhout,,conf/icail/KuyckB97
1505,0.0,ICAIL,1997,0,0,0,0,0,0,,The Application of Artificial Intelligence to Law Enforcement (Abstract),José Neves; José Machado; António Abelha,https://dl.acm.org/doi/pdf/10.1145/261618.261665,conf/icail/NevesMA97
1506,0.0,ICAIL,1997,0,0,0,0,0,0,,Improving Human-Computer Interaction for Legal KBS (Abstract),Radboud Winkels; David Bosschaert,https://dl.acm.org/doi/pdf/10.1145/261618.261669,conf/icail/WinkelsB97
1507,0.0,ICAIL,1999,0,0,0,0,,0,,Anaphora resolution in the extraction of treatment history language from court opinions by partial parsing,Khalid Al-Kofahi; Brian Grom; Peter Jackson,,conf/icail/Al-KofahiGJ99
1508,0.0,ICAIL,1999,0,0,0,0,,0,,AI techniques for modelling legal negotiation,Emilia Bellucci; John Zeleznikow,,conf/icail/BellucciZ99
1509,0.0,ICAIL,1999,0,0,0,0,,0,,Some observations on modelling case based reasoning with formal argument models,Trevor J. M. Bench-Capon,,conf/icail/Bench-Capon99
1510,0.0,ICAIL,1999,0,0,0,0,,0,,A generative model of narrative cases,Karl Branting,,conf/icail/Branting99
1511,0.0,ICAIL,1999,0,0,0,0,,0,,Integrating discourse and domain knowledge for document drafting,Karl Branting; Charles B. Callaway; Bradford W. Mott; James C. Lester,,conf/icail/BrantingCML99
1512,0.0,ICAIL,1999,0,0,0,0,,0,,Toward adding knowledge to learning algorithms for indexing legal cases,Stefanie Brüninghaus; Kevin D. Ashley,,conf/icail/BruninghausA99
1513,0.0,ICAIL,1999,0,0,0,0,,0,,JurisConsulto: retrieval in jurisprudencial text bases using juridical terminology,Tânia C. D&apos;Agostini Bueno; Christiane Gresse von Wangenheim; Eduardo da Silva Mattos; Hugo Cesar Hoeschl; Ricardo Miranda Barcia,,conf/icail/BuenoWMHB99
1514,0.0,ICAIL,1999,0,0,0,0,,0,,Checking regulation consistency by using SOL-resolution,Laurence Cholvy,,conf/icail/Cholvy99
1515,0.0,ICAIL,1999,0,0,0,0,,0,,Verification and normalization of sentences,Marco Costa; José Neves; Orlando Sousa; Simas Santos,,conf/icail/CostaNSS99
1516,0.0,ICAIL,1999,0,0,0,0,,0,,Sentencing and information management: consistency and the particularities of a case,Marius J. A. Duker; Arno R. Lodder,,conf/icail/DukerL99
1517,0.0,ICAIL,1999,0,0,0,0,,0,,Bankruptcy case law: a hybrid IR-CBR approach,Mohamed T. Elhadi; Tibor Vámos,,conf/icail/ElhadiV99
1518,0.0,ICAIL,1999,0,0,0,0,,0,,With a wysh and a prayer: an experiment in cooperative development of legal knowledgebases,Graham Greenleaf; Philip Chung; Daniel Austin; Russell Allen; Andrew Mowbray,,conf/icail/GreenleafCAAM99
1519,0.0,ICAIL,1999,0,0,0,0,,0,,Dialectic semantics for argumentation frameworks,Hadassa Jakobovits; Dirk Vermeir,,conf/icail/JakobovitsV99
1520,0.0,ICAIL,1999,0,0,0,0,,0,,A demonstration of a legal reasoning system based on teleological analogies,Tokuyasu Kakuta; Makoto Haraguchi,,conf/icail/KakutaH99
1521,0.0,ICAIL,1999,0,0,0,0,,0,,Time and norms: a formalisation in the event-calculus,Rafaél Hernández Marín; Giovanni Sartor,,conf/icail/MarinS99
1522,0.0,ICAIL,1999,0,0,0,0,,0,,Knowledge criteria for the evaluation of legal beliefs,Laurens Mommers; H. Jaap van den Herik,,conf/icail/MommersH99
1523,0.0,ICAIL,1999,0,0,0,0,,0,,Automating forms publishing with the Intelligent Filing Manager,K. C. Mukherjee,,conf/icail/Mukherjee99
1524,0.0,ICAIL,1999,0,0,0,0,,0,,A legal negotiation support system,Katsumi Nitta; Masato Shibasaki; Akira Yamazaki; Yoshiaki Yasumura,,conf/icail/NittaSYY99
1525,0.0,ICAIL,1999,0,0,0,0,,0,,JUSTICE: a judicial search tool using intelligent concept extraction,James Osborn; Leon Sterling,,conf/icail/OsbornS99
1526,0.0,ICAIL,1999,0,0,0,0,,0,,Mutual benefits for AI &amp; law and knowledge management,Anja Oskamp; Maaike Tragter; Arno R. Lodder,,conf/icail/OskampTL99
1527,0.0,ICAIL,1999,0,0,0,0,,0,,A collaborative legal information retrieval system using dynamic logic programming,Paulo Quaresma; Irene Pimenta Rodrigues,,conf/icail/QuaresmaR99
1528,0.0,ICAIL,1999,0,0,0,0,,0,,I yield one minute...: an analysis of the final speeches from the House impeachment hearings,Edwina L. Rissland,,conf/icail/Rissland99
1529,0.0,ICAIL,1999,0,0,0,0,,0,,From collective to individual commitments,Lambèr M. M. Royakkers; Frank Dignum,,conf/icail/RoyakkersD99
1530,0.0,ICAIL,1999,0,0,0,0,,0,,A learning technique for legal document analysis,Erich Schweighofer; Dieter Merkl,,conf/icail/SchweighoferM99
1531,0.0,ICAIL,1999,0,0,0,0,,0,,The evaluation of legal knowledge based systems,Andrew Stranieri; John Zeleznikow,,conf/icail/StranieriZ99
1532,0.0,ICAIL,1999,0,0,0,0,,0,,Automated argument assistance for lawyers,Bart Verheij,,conf/icail/Verheij99
1533,0.0,ICAIL,1999,0,0,0,0,,0,,Intelligent jurisprudence research: a new concept,Rosina Weber,,conf/icail/Weber99
1534,0.0,ICAIL,1999,0,0,0,0,,0,,Generating exception structures for legal information serving,Radboud Winkels; D. J. B. Bosscher; A. W. F. Boer; J. A. Breuker,,conf/icail/WinkelsBBB99
1535,0.0,ICAIL,1999,0,0,0,0,,0,,"The integration of retrieval, reasoning and drafting for refugee law: a third generation legal knowledge based system",John Yearwood; Andrew Stranieri,,conf/icail/YearwoodS99
1536,0.0,ICAIL,2001,0,0,0,0,0,0,,On the automation of legal reasoning about the attribution of responsibility,Jos Lehmann; Abdullatif A. O. Elhag,,conf/icail/LehmannE01
1537,0.0,ICAIL,2001,0,0,0,0,0,0,,AI techniques and concept analysis,Anja Oskamp,,conf/icail/Oskamp01
1538,0.0,ICAIL,2003,0,0,0,0,,0,,Suggestions for Standard Example Sets,Trevor J. M. Bench-Capon,,conf/icail/Bench-Capon03
1539,0.0,ICAIL,2003,0,0,0,0,,0,,An Agenda for Empirical Research in AI and Law,Karl Branting,,conf/icail/Branting03a
1540,0.0,ICAIL,2003,0,0,0,0,,0,,The use of legal knowledge-based systems in public administration: what can go wrong?,Hugo de Bruin; Henry Prakken; Jörgen S. Svensson,,conf/icail/BruinPS03
1541,0.0,ICAIL,2003,0,0,0,0,,0,,Experimental Design for Evaluating an AI and Law Program,Stefanie Brüninghaus; Kevin D. Ashley,,conf/icail/BruninghausA03a
1542,0.0,ICAIL,2003,0,0,0,0,,0,,Validation: A Critical First Step in the Evaluation of Systems for Legal Corpus Determination,Jack G. Conrad; Joanne S. Claussen,,conf/icail/ConradC03a
1543,0.0,ICAIL,2003,0,0,0,0,,0,,A proposal for an evaluation repository for AI and Law systems,Jean Hall; Richard Hall; John Zeleznikow,,conf/icail/HallHZ03a
1544,0.0,ICAIL,2003,0,0,0,0,,0,,An Evaluation Forum for Legal IR System?,Marie-Francine Moens,,conf/icail/Moens03
1545,0.0,ICAIL,2003,0,0,0,0,0,0,,An Online Moot Court System Mediated by an Agent,Katsumi Nitta; Yoshiaki Yasumura; Masahide Yuasa; Takahiro Tanaka,,conf/icail/NittaYYT03
1546,0.0,ICAIL,2005,0,0,0,0,0,0,,A Lawyer Directory Service using Legal Documents and Profile Information as Support,Gloria T. Lau; Tomasz Pawlowski; Rob Pasadas; Wlodek P. Kubalski,,conf/icail/LauPPK05
1547,0.0,ICAIL,2005,0,0,0,0,0,0,,Tracing Legal Knowledge Evolution: Temporal Representation for Law,Maria Mach,,conf/icail/Mach05
1548,0.0,ICAIL,2005,0,0,0,0,0,0,,Methods and techniques for building a digital historic-law dictionary,Paola Mariani; Costanza Badii,,conf/icail/MarianiB05
1549,0.0,ICAIL,2005,0,0,0,0,0,0,,The Integration of Narrative and Argumentation for a Scenario based Learning Environment in Law,Andrew Stranieri; John Yearwood,,conf/icail/StranieriY05
1550,0.0,ICAIL,2007,0,0,0,0,,0,,Developing Ontologies for Legal Multimedia Applications,Xavier Binefa; Ciro Gracia; Marius Monton; Jordi Carrabina; Carlos Montero; Javier Serrano; Mercedes Blázquez; V. Richard Benjamins; Emma Teodoro; Marta Poblet; Pompeu Casanovas,,conf/icail/BinefaGMCMSBBTPC07
1551,0.0,ICAIL,2007,0,0,0,0,,0,,A Linguistic-ontological Support for Multilingual Legislative Drafting: the DALOS Project,Enrico Francesconi; Pier-Luigi Spinosa; Daniela Tiscornia,,conf/icail/FrancesconiST07
1552,0.0,ICAIL,2007,0,0,0,0,,0,,Design Patterns for Legal Ontology Constructions,Aldo Gangemi,,conf/icail/Gangemi07
1553,0.0,ICAIL,2007,0,0,0,0,,0,,The Ontology of Legal Possibilities and Legal Potentialities,Pamela N. Gray,,conf/icail/Gray07
1554,0.0,ICAIL,2007,0,0,0,0,,0,,The LKIF Core Ontology of Basic Legal Concepts,Rinke Hoekstra; Joost Breuker; Marcello Di Bello; Alexander Boer,,conf/icail/HoekstraBBB07
1555,0.0,ICAIL,2007,0,0,0,0,,0,,NLP-based Ontology Learning from Legal Texts. A Case Study,Alessandro Lenci; Simonetta Montemagni; Vito Pirrelli; Giulia Venturi,,conf/icail/LenciMPV07
1556,0.0,ICAIL,2007,0,0,0,0,,0,,Semantic Spaces and Multilingualism in the Law: The Challenge of Legal Knowledge Management,Doris Liebwald,,conf/icail/Liebwald07
1557,0.0,ICAIL,2007,0,0,0,0,,0,,The Legal-RDF Ontology. A Generic Model for Legal Documents,John McClure,,conf/icail/McClure07
1558,0.0,ICAIL,2007,0,0,0,0,,0,,Legal Query Expansion using Ontologies and Relevance Feedback,Erich Schweighofer; Anton Geist,,conf/icail/SchweighoferG07
1559,0.0,ICAIL,2009,0,0,0,0,0,0,,How to capture and use legal patterns in IT,Alzbeta Krausová; Fabio Massacci; Ayda Saïdane,,conf/icail/KrausovaMS09
1560,0.0,ICAIL,2011,0,0,0,0,0,0,,Public record aggregation using semi-supervised entity resolution,Jack G. Conrad; Christopher Dozier; Hugo Molina-Salgado; Merine Thomas; Sriharsha Veeramachaneni,,conf/icail/ConradDMTV11
1561,0.0,ICAIL,2011,0,0,0,0,0,0,,Discovering coherence and justification clusters in digital transcripts using epistemic analysis,Cameron Hughes; Tracey Hughes; Alina Lazar,,conf/icail/HughesHL11
1562,0.0,ICAIL,2013,0,0,0,0,0,0,,Software tools for the visualization of definition networks in legal contracts,Michael Curtotti; Eric McCreath; Srinivas Sridharan,https://papers.ssrn.com/sol3/Delivery.cfm/SSRN_ID2304668_code1224333.pdf?abstractid=2304668&mirid=2,conf/icail/CurtottiMS13
1563,0.0,ICAIL,2013,0,0,0,0,0,0,,"Hammurabi, the legal expert assistant platform for the French judge: how to deliver up to date knowledge of national and European laws and regulations in front of rapid expansion of legal information and decisions, with an automated software assistant",Luc Ferrand; Isabelle Pesquie-Geday,,conf/icail/FerrandP13
1564,0.0,ICAIL,2015,0,0,0,0,0,0,,AI analysis of trademark law: trademarknow NameCheck and NameWatch,Anna Ronkainen,,conf/icail/Ronkainen15
1565,0.0,ICAIL,2017,0,0,0,0,0,0,,Can machine learning help predict the outcome of asylum adjudications?,Daniel L. Chen; Jess Eagel,https://publications.ut-capitole.fr/id/eprint/23260/1/Can_Machine_Learning_Help_Predict_the_Outcome_of_Asylum_Adjudications_ICAIL.pdf,conf/icail/ChenE17
1566,0.0,ICAIL,2017,0,0,0,0,0,0,,Supertagging for domain adaptation: an approach with law texts,Kyoko Sugisaki,https://www.zora.uzh.ch/id/eprint/137500/1/icail_short.pdf,conf/icail/Sugisaki17
1567,0.0,ICAIL,2017,0,0,0,0,0,0,,The genealogy of ideology: predicting agreement and persuasive memes in the U.S. courts of appeals,Shivam Verma; Adithya Parthasarathy; Daniel L. Chen,https://publications.ut-capitole.fr/id/eprint/23261/1/The_Genealogy_of_Ideology_ICAIL.pdf,conf/icail/VermaPC17
1568,0.0,ICAIL,2019,0,0,0,0,0,0,,Adapting Covariate Shift for Legal AI,Venkata Nagaraju Buddarapu; Arunprasath Shankar,,conf/icail/BuddarapuS19a
1569,0.0,ICAIL,2021,0,0,0,0,,0,,A Conversational Interface for interacting with Machine Learning models,Davide Carneiro; Patrícia Veloso; Miguel Guimarães; Joana Baptista; Miguel Sousa,,conf/icail/0001VGBS21
1570,0.0,ICAIL,2021,0,0,0,0,,0,,Using Issues to Explain Legal Decisions,Trevor J. M. Bench-Capon,,conf/icail/Bench-Capon21
1571,0.0,ICAIL,2021,0,0,0,0,,0,,Socially Responsible Virtual Assistant for Privacy Protection: Implementing Trustworthy AI,Alzbeta Krausová; Miloslav Konopík; Ondrej Prazák; Jakub Sido; Veronika Zolnercíková; Václav Moravec; Jaromír Volek,,conf/icail/KrausovaKPSZMV21
1572,0.0,ICAIL,2021,0,0,0,0,0,0,,Sentence classification for contract law cases: a natural language processing approach,Jonathan R. Mok; Wai Yin Mok; Rachel V. Mok,,conf/icail/MokMM21
1573,0.0,ICAIL,2021,0,0,0,0,0,0,,Evaluating document representations for content-based legal literature recommendations,Malte Ostendorff; Elliott Ash; Terry Ruas; Bela Gipp; Julián Moreno Schneider; Georg Rehm,https://arxiv.org/pdf/2104.13841,conf/icail/OstendorffARGSR21
1574,0.0,ICAIL,2021,0,0,0,0,,0,,"Explanations in Risk Analysis: Responsibility, Trust and the Precautionary Principle",Salvatore Sapienza,,conf/icail/Sapienza21
1575,0.0,ICAIL,2021,0,0,0,0,,0,,Discovering the Rationale of Decisions: Experiments on Aligning Learning and Reasoning,Cor Steging; Bart Verheij; Silja Renooij,,conf/icail/StegingVR21
1576,0.0,ICAIL,2023,0,0,0,0,0,0,,Who really wrote Martin v. Hunter&apos;s Lessee?: Applying a machine learning ensemble to uncover a Chief Justice&apos;s unethical behavior,Seth J. Chandler; Emily A. Muenster; Daniel Lichtblau,,conf/icail/ChandlerML23
1577,0.0,ICAIL,2023,0,0,0,0,0,0,,A Quantitative Evaluation of Trademark Search Engines&apos; Performances through Large-Scale Statistical Analysis,Thomas Vandamme; Julien Cabay; Olivier Debeir,https://dl.acm.org/doi/pdf/10.1145/3594536.3595149,conf/icail/VandammeCD23
1578,0.0,ICAIL,2025,0,0,0,0,0,0,,Data Augmented Pipeline for Legal Information Extraction and Reasoning,Phuong Minh Nguyen; Thanh Ha Nguyen; May Myo Zin; Ken Satoh,https://doi.org/10.1145/3769126.3769200,conf/icail/0001NZS25
1579,0.0,ICAIL,2025,0,0,0,0,0,0,,"Identifying Legal Holdings with LLMs: A Systematic Study of Performance, Scale, and Memorization",Chuck Arvin,https://doi.org/10.1145/3769126.3769128,conf/icail/Arvin25
1580,0.0,ICAIL,2025,0,0,0,0,0,0,,Is Selective Masking A Key to Improving Domain Adaptation for Masked Language Model?,Anas Belfathi; Ygor Gallina; Nicolas Hernandez; Laura Monceaux; Richard Dufour,https://doi.org/10.1145/3769126.3769216,conf/icail/BelfathiGHMD25
1581,0.0,ICAIL,2025,0,0,0,0,0,0,,Automating Legal Reasoning with Generative AI: A Framework for Judicial Decision Support,Francisco das Chagas Jucá Bomfim; João A. Monteiro Neto; Alicia S. Neves; Vasco Furtado; Sara Pessoa Silva; Vládia Pinheiro,https://dl.acm.org/doi/pdf/10.1145/3769126.3769244?download=true,conf/icail/BomfimNNFSP25
1582,0.0,ICAIL,2025,0,0,0,0,0,0,,OSIRIS: A Domain-Guided Framework for Tax Foreclosure Automation Using Large Language Models,Fabricio Ataides Braz; Nilton Correia da Silva; Luciana Nishi; Eduardo Siqueira; Débora Bonat; Cristina Bertoncini; Izabela Melo,https://doi.org/10.1145/3769126.3769225,conf/icail/BrazSNSBBM25
1583,0.0,ICAIL,2025,0,0,0,0,,0,,Universal Legal Article Prediction via Tight Collaboration between Supervised Classification Model and LLM,Xiao Chi; Wenlin Zhong; Yiquan Wu; Wei Wang; Kun Kuang; Fei Wu; Minghui Xiong,https://doi.org/10.1145/3769126.3769221,conf/icail/ChiZ0WK0X25
1584,0.0,ICAIL,2025,0,0,0,0,0,0,,Intents in Actions,Joseph Y. Halpern; Meir Friedenberg,https://doi.org/10.1145/3769126.3769203,conf/icail/HalpernF25
1585,0.0,ICAIL,2025,0,0,0,0,0,0,,Graph-Based Categorization of Court Decisions by Legal Domain,Simon Horvát; Dávid Varga; Zoltán Szoplák; Peter Gurský; Stanislav Krajci,https://doi.org/10.1145/3769126.3769251,conf/icail/HorvatVSGK25
1586,0.0,ICAIL,2025,0,0,0,0,0,0,,Ordinance Template Composition System: Supporting legislative drafting in the eLen database system,Tokuyasu Kakuta; Kyoko Yoshimura; Tamaki Owa; Ukyo Sasaki; Daichi Saito,https://doi.org/10.1145/3769126.3769201,conf/icail/KakutaYOSS25
1587,0.0,ICAIL,2025,0,0,0,0,0,0,,explainy: A Toolkit for Legal-XAI,Aniket Kesari; Stefan Bechtold; Elliott Ash; Mauro Luzzatto,https://dl.acm.org/doi/pdf/10.1145/3769126.3769240?download=true,conf/icail/KesariBAL25
1588,0.0,ICAIL,2025,0,0,0,0,0,0,,"Human-Machine Legal Preference Benchmarking: An Experimental Pilot Evaluating the Comparative Performance of LLM Models, Enterprise Tools, and Humans on Legal Tasks",Megan Ma; Riya Ranjan,https://doi.org/10.1145/3769126.3769247,conf/icail/MaR25
1589,0.0,ICAIL,2025,0,0,0,0,0,0,,Scaling International Legal Workflows with Ordinis: A Neuro-Symbolic Framework for GenAI in High-Stakes Domains,Philip Ndikum; Serge Ndikum,,conf/icail/NdikumN25
1590,0.0,ICAIL,2025,0,0,0,0,0,0,,Which Demographic Features Are Relevant for Individual Fairness Evaluation of U.S. Recidivism Risk Assessment Tools?,Tin Trung Nguyen; Jiannan Xu; Phuong-Anh Nguyen-Le; Jonathan Lazar; Donald Braman; Hal Daumé III; Zubin Jelveh,https://doi.org/10.1145/3769126.3769199,conf/icail/NguyenXNLBDJ25
1591,0.0,ICAIL,2025,0,0,0,0,0,0,,MAIA: AI System for Repetitive Demand Resolution in Brazil,Eduardo Caruso Barbosa Pacheco; Glauber Machado Pinto,https://doi.org/10.1145/3769126.3769259,conf/icail/PachecoP25
1592,0.0,ICAIL,2025,0,0,0,0,0,0,,Is It Worth Using LLMs for Unfair Clause Detection in Terms of Service?,Marco Panarelli; Andrea Galassi; Francesca Lagioia; Ruta Liepina; Marco Lippi; Przemyslaw Palka; Giovanni Sartor,https://doi.org/10.1145/3769126.3769218,conf/icail/PanarelliGLL0PS25
1593,0.0,ICAIL,2025,0,0,0,0,0,0,,DRAssist: Dispute Resolution Assistance using Large Language Models,Sachin Sharad Pawar; Manoj Apte; Girish Keshav Palshikar; Basit Ali; Nitin Ramrakhiyani,https://doi.org/10.1145/3769126.3769210,conf/icail/PawarAPAR25
1594,0.0,ICAIL,2025,0,0,0,0,0,0,,Automatic Legal Writing Evaluation of LLMs,Ramon Pires; Roseval Malaquias Junior; Rodrigo Nogueira,https://doi.org/10.1145/3769126.3769227,conf/icail/PiresJ025
1595,0.0,ICAIL,2025,0,0,0,0,0,0,,Leveraging Artificial Intelligence as a Decision Support System in Belgian Commercial Courts,Stijn Van Ruymbeke; Aruna Audenaert; Henri Arno; Tibe Habils; Joke Baeck; Klaas Mulier; Thomas Demeester,https://doi.org/10.1145/3769126.3769232,conf/icail/RuymbekeAAHBMD25
1596,0.0,ICAIL,2025,0,0,0,0,0,0,,Faithfulness and Content Selection in Long-Input Multi-Document Summarisation of U.S. Civil Rights Litigation,Isabel Sebire; Claire Barale; Mirella Lapata,https://doi.org/10.1145/3769126.3769237,conf/icail/SebireBL25
1597,0.0,ICAIL,2025,0,0,0,0,0,0,,Improved Understanding of Legal Text with Graph Attention Networks,Andrew Shin; Kunitake Kaneko,https://doi.org/10.1145/3769126.3769214,conf/icail/ShinK25
1598,0.0,ICAIL,2025,0,0,0,0,0,0,,Optimizing Prompts for Legal Document Classification,Raquel Silveira; João Víctor López Matias; Caio Ponte; Isadora Donza Corrêa; André Câmara; Vasco Furtado,https://doi.org/10.1145/3769126.3769217,conf/icail/SilveiraMPCCF25
1599,0.0,ICAIL,2025,0,0,0,0,0,0,,Summarisation of German Judgments in conjunction with a Class-based Evaluation,Bianca Steffes; Nils Torben Wiedemann; Alexander Gratz; Pamela Hochreither; Jana Elina Meyer; Katharina Luise Schilke,https://doi.org/10.1145/3769126.3769229,conf/icail/SteffesWGHMS25
1600,0.0,ICAIL,2025,0,0,0,0,0,0,,What Is the Law? A System for Statutory Research (STARA) with Large Language Models,Faiz Surani; Lindsey A. Gailmard; Allison Casasola; Varun Magesh; Emily J. Robitschek; Daniel E. Ho,https://doi.org/10.1145/3769126.3769219,conf/icail/SuraniGCMRH25
1601,0.0,ICAIL,2025,0,0,0,0,0,0,,A Demonstration of a Semi-Structured Legal Reasoning Framework,Hannes Westermann,https://dl.acm.org/doi/pdf/10.1145/3769126.3769196?download=true,conf/icail/Westermann25
1602,0.0,ICAIL,2025,0,0,0,0,0,0,,Automated Mapping of Legal Criteria to the Texts of Adjudicatory Decisions Using LLMs,Hannes Westermann; Vern R. Walker; Jaromír Savelka,https://doi.org/10.1145/3769126.3769236,conf/icail/WestermannWS25
1603,0.0,ICAIL,2025,0,0,0,0,0,0,,Exploring Metric Correlations for Legal Text Summarization Evaluation,Martim Zanatti; Ricardo Ribeiro; H. Sofia Pinto,https://doi.org/10.1145/3769126.3769206,conf/icail/Zanatti0P25
1604,0.0,JURIX,2005,0,0,0,0,,0,,Some Foundational Linguistic Elements for QA Systems: an Application to E-government Services,Farida Aouladomar,,conf/jurix/Aouladomar05
1605,0.0,JURIX,2005,0,0,0,0,,0,,Theory and Practice in AI and Law: A Response to Branting,Katie Atkinson; Trevor J. M. Bench-Capon,,conf/jurix/AtkinsonB05
1606,0.0,JURIX,2005,0,0,0,0,,0,,A Semantics-based Visual Framework for Planning a New Bill,Carlo Biagioli; Enrico Francesconi,,conf/jurix/BiagioliF05
1607,0.0,JURIX,2005,0,0,0,0,,0,,Mixing Legal and Non-legal Norms,Alexander Boer; Tom M. van Engers; Radboud Winkels,,conf/jurix/BoerEW05
1608,0.0,JURIX,2005,0,0,0,0,,0,,How Technology Can Help Reducing the Legal Burden,Tom M. van Engers; Ron van Gog; Arian Jacobs,,conf/jurix/EngersGJ05
1609,0.0,JURIX,2005,0,0,0,0,,0,,An Ontological Approach for the Management of Rights Data Dictionaries,Roberto García; Jaime Delgado,,conf/jurix/GarciaD05
1610,0.0,JURIX,2005,0,0,0,0,,0,,Regulations Expressed As Logical Models (REALM),Christopher Giblin; Alice Y. Liu; Samuel Müller; Birgit Pfitzmann; Xin Zhou,,conf/jurix/GiblinLMPZ05
1611,0.0,JURIX,2005,0,0,0,0,,0,,Automated Analysis of Reasoning and Argumentation Structures in Texts,Helmut Horacek,,conf/jurix/Horacek05
1612,0.0,JURIX,2005,0,0,0,0,,0,,Assumption Based Peg Unification for Crime Scenario Modelling,Jeroen Keppens; Burkhard Schafer,,conf/jurix/KeppensS05
1613,0.0,JURIX,2005,0,0,0,0,,0,,The Legal Concepts and the Layman&apos;s Terms - Bridging the Gap through Ontology-Based Reasoning about Liability,Ronny van Laarschot; Wouter Van Steenbergen; Heiner Stuckenschmidt; Arno R. Lodder; Frank van Harmelen,,conf/jurix/LaarschotSSLH05
1614,0.0,JURIX,2005,0,0,0,0,,0,,Game Mechanisms &amp; Procedural Fairness,Moshe Looks; Ronald Prescott Loui,,conf/jurix/LooksL05
1615,0.0,JURIX,2005,0,0,0,0,,0,,Dynamics of Rule Revision and Strategy Revision in Legislative Games,Moshe Looks; Ronald Prescott Loui; Barry Z. Cynamon,,conf/jurix/LooksLC05
1616,0.0,JURIX,2005,0,0,0,0,,0,,Large-Scale Linguistic Ontology as a Basis for Text Categorization of Legislative Documents,Natalia V. Loukachevitch; Boris V. Dobrov,,conf/jurix/LoukachevitchD05
1617,0.0,JURIX,2005,0,0,0,0,,0,,Automatic Translation from Textual Representations of Laws to Formal Models through UML,Pietro Mercatali; Francesco Romano; Luciano Boschi; Emilio Spinicci,,conf/jurix/MercataliRBS05
1618,0.0,JURIX,2005,0,0,0,0,,0,,Using Legal Definitions to Increase the Accessibility of Legal Documents,Laurens Mommers; Wim Voermans,,conf/jurix/MommersV05
1619,0.0,JURIX,2005,0,0,0,0,,0,,A Question Answer System for Legal Information Retrieval,Paulo Quaresma; Irene Pimenta Rodrigues,,conf/jurix/QuaresmaR05
1620,0.0,JURIX,2005,0,0,0,0,,0,,Validating an Automated Evaluation Procedure for Ontology Triples in the Privacy Domain,Peter Spyns; Giles Hogben,,conf/jurix/SpynsH05
1621,0.0,JURIX,2005,0,0,0,0,,0,,"The Desocialization of the Courts, Sentencing Decision Support and Plea Bargaining",Andrew Vincent; John Zeleznikow,,conf/jurix/VincentZ05
1622,0.0,JURIX,2005,0,0,0,0,,0,,Practical Reasoning and Proposing: Tools for e-Democracy,Douglas Walton,,conf/jurix/Walton05
1623,0.0,JURIX,2005,0,0,0,0,,0,,Making Sense of Coherence. The Level Theory of Coherence,Luc J. Wintgens,,conf/jurix/Wintgens05
1624,0.0,JURIX,2006,0,0,0,0,,0,,Zeno Revisited: Representation of Persuasive Argument,Katie Atkinson; Trevor J. M. Bench-Capon,,conf/jurix/AtkinsonB06
1625,0.0,JURIX,2006,0,0,0,0,,0,,Anchored Narratives in Reasoning about Evidence,Floris Bex; Henry Prakken; Bart Verhey,,conf/jurix/BexPV06
1626,0.0,JURIX,2006,0,0,0,0,,0,,AVER: Argument Visualization for Evidential Reasoning,Susan W. van den Braak; Gerard Vreeswijk,,conf/jurix/BraakV06
1627,0.0,JURIX,2006,0,0,0,0,,0,,Developing Content for LKIF: Ontologies and Frameworks for Legal Reasoning,Joost Breuker; Alexander Boer; Rinke Hoekstra; Kasper van den Berg,,conf/jurix/BreukerBHB06
1628,0.0,JURIX,2006,0,0,0,0,,0,,Modelling State Intervention in Cases of Conflicting Interests,Alison Chorley; Trevor J. M. Bench-Capon,,conf/jurix/ChorleyB06
1629,0.0,JURIX,2006,0,0,0,0,,0,,Discordance Detection in Regional Ordinance: Ontology-based Validation,Shingo Hagiwara; Satoshi Tojo,,conf/jurix/HagiwaraT06
1630,0.0,JURIX,2006,0,0,0,0,,0,,Thesaurus-based Retrieval of Case Law,Michel C. A. Klein; Wouter Van Steenbergen; Elisabeth M. Uijttenbroek; Arno R. Lodder; Frank van Harmelen,,conf/jurix/KleinSULH06
1631,0.0,JURIX,2006,0,0,0,0,,0,,Automated Detection of Reference Structures in Law,Emile de Maat; Radboud Winkels; Tom M. van Engers,,conf/jurix/MaatWE06
1632,0.0,JURIX,2006,0,0,0,0,,0,,A Public Index of Case Law References - the End of Multiple and Complex Citations,Marc van Opijnen,,conf/jurix/Opijnen06
1633,0.0,JURIX,2006,0,0,0,0,,0,,Presumptions and Burdens of Proof,Henry Prakken; Giovanni Sartor,,conf/jurix/PrakkenS06
1634,0.0,JURIX,2006,0,0,0,0,,0,,An Action-Based Legal Model for Dynamic Digital Rights Expression,Mélanie Dulong de Rosnay,,conf/jurix/Rosnay06
1635,0.0,JURIX,2006,0,0,0,0,,0,,Deterrence under Uncertainty: a Case Study,Bram Roth,,conf/jurix/Roth06
1636,0.0,JURIX,2006,0,0,0,0,,0,,An OWL Ontology of Fundamental Legal Concepts,Rossella Rubino; Antonino Rotolo; Giovanni Sartor,,conf/jurix/RubinoRS06
1637,0.0,JURIX,2006,0,0,0,0,,0,,Improving Legal Document Summarization Using Graphical Models,M. Saravanan; Balaraman Ravindran; S. Raman,,conf/jurix/SaravananRR06
1638,0.0,JURIX,2006,0,0,0,0,,0,,Disjunction of Causes and Disjunctive Cause: a Solution to the Paradox of Conditio Sine Qua Non using Minimal Abduction,Ken Satoh; Satoshi Tojo,,conf/jurix/SatohT06
1639,0.0,JURIX,2006,0,0,0,0,,0,,Application of Word Alignment for Supporting Translation of Japanese Statutes into English,Katsuhiko Toyama; Yasuhiro Ogawa; Kazuhiro Imai; Yoshiharu Matsuura,,conf/jurix/ToyamaOIM06
1640,0.0,JURIX,2006,0,0,0,0,,0,,Handling Personal Injury Claims PICE,Corry van Zeeland; Ronald Leenes; Jelle van Veenen; Janneke van der Linden,,conf/jurix/ZeelandLVL06
1641,0.0,JURIX,2006,0,0,0,0,,0,,Family_Mediator - Adding Notions of Fairness to Those of Interests,John Zeleznikow; Emilia Bellucci,,conf/jurix/ZeleznikowB06
1642,0.0,JURIX,2007,0,0,0,0,,0,,Reasoning Using Polish Commercial Companies Code Ontology,Witold Abramowicz; Piotr Stolarski; Tadeusz Tomaszewski,,conf/jurix/AbramowiczST07
1643,0.0,JURIX,2007,0,0,0,0,,0,,Building an ontological support for multilingual legislative drafting,Tommaso Agnoloni; Lorenzo Bacci; Enrico Francesconi; Pier-Luigi Spinosa; Daniela Tiscornia; Simonetta Montemagni; Giulia Venturi,,conf/jurix/AgnoloniBFSTMV07
1644,0.0,JURIX,2007,0,0,0,0,,0,,Designing a Modelling Methodology for Legal Workflows,Ignacio Alamillo; Daniel Martinez; Philip Seltsikas; Nikolaos Papas,,conf/jurix/AlamilloMSP07
1645,0.0,JURIX,2007,0,0,0,0,,0,,Proposed XML Standards for Law: MetaLex and LKIF,Alexander Boer; Radboud Winkels; Fabio Vitali,,conf/jurix/BoerWV07
1646,0.0,JURIX,2007,0,0,0,0,,0,,"Codification, Law Article and Graphs",Danièle Bourcier; Pierre Mazzega,,conf/jurix/BourcierM07
1647,0.0,JURIX,2007,0,0,0,0,,0,,Judicial review in fundamental rights cases - how to provide guidance to judges?,Janneke H. Gerards,,conf/jurix/Gerards07
1648,0.0,JURIX,2007,0,0,0,0,,0,,A Modular Framework for Ontology-based Representation of Patent Information,Mark Giereth; Steffen Koch; Yiannis Kompatsiaris; Symeon Papadopoulos; Emanuele Pianta; Luciano Serafini; Leo Wanner,,conf/jurix/GierethKKPPSW07
1649,0.0,JURIX,2007,0,0,0,0,,0,,On the Representation of Deadlines in a Rental Agreement,Guido Governatori; Joris Hulstijn; Régis Riveret; Antonino Rotolo,,conf/jurix/GovernatoriHRR07
1650,0.0,JURIX,2007,0,0,0,0,,0,,Extending the power of automated legal drafting technology,Carole D. Hafner; Marc Lauritsen,,conf/jurix/HafnerL07
1651,0.0,JURIX,2007,0,0,0,0,,0,,Computer Intelligent Support for the ADR/ODR Domain,Sefora Junqueira; Evandro Costa,,conf/jurix/JunqueiraC07
1652,0.0,JURIX,2007,0,0,0,0,,0,,Technology Mediated Dispute Resolution,David A. Larson,,conf/jurix/Larson07
1653,0.0,JURIX,2007,0,0,0,0,,0,,Legal rules and argumentation in a metalogic framework,Jenny Eriksson Lundström; Jørgen Fischer Nilsson; Andreas Hamfelt,,conf/jurix/LundstromNH07
1654,0.0,JURIX,2007,0,0,0,0,,0,,Categorisation of Norms,Emile de Maat; Radboud Winkels,,conf/jurix/MaatW07
1655,0.0,JURIX,2007,0,0,0,0,,0,,The development of a Content Management System for Environmental Legislation based on Version Management,Geert De Meyer; Greet Van Eetvelde,,conf/jurix/MeyerE07
1656,0.0,JURIX,2007,0,0,0,0,,0,,Study on Sentence Relations in the Automatic Detection of Argumentation in Legal Cases,Raquel Mochales Palau; Marie-Francine Moens,,conf/jurix/PalauM07
1657,0.0,JURIX,2007,0,0,0,0,,0,,Success chances in argument games: a probabilistic approach to legal disputes,Régis Riveret; Antonino Rotolo; Giovanni Sartor; Henry Prakken; Bram Roth,,conf/jurix/RiveretRSPR07
1658,0.0,JURIX,2007,0,0,0,0,,0,,Using Legal Ontology for Query Enhancement in Generating a Document Summary,M. Saravanan; Balaraman Ravindran; S. Raman,,conf/jurix/SaravananRR07
1659,0.0,JURIX,2007,0,0,0,0,,0,,Beyond boxes and arrows: argumentation support in terms of the knowledge structure of a legal topic,Maaike Schweers; Bart Verheij,,conf/jurix/SchweersV07
1660,0.0,JURIX,2007,0,0,0,0,,0,,Legislative Information Websites: Designing Beyond Transparency,Anne L. Washington; Jeffrey C. Griffith,,conf/jurix/WashingtonG07
1661,0.0,JURIX,2007,0,0,0,0,,0,,Explaining the Relevance of Court Decisions to Laymen,Gwen R. Wildeboer; Michel C. A. Klein; Elisabeth M. Uijttenbroek,,conf/jurix/WildeboerKU07
1662,0.0,JURIX,2007,0,0,0,0,,0,,Argument Schemes for Legal Case-based Reasoning,Adam Zachary Wyner; Trevor J. M. Bench-Capon,,conf/jurix/WynerB07
1663,0.0,JURIX,2007,0,0,0,0,,0,,"Arguments, Values and Baseballs: Representation of Popov v. Hayashi",Adam Zachary Wyner; Trevor J. M. Bench-Capon; Katie Atkinson,,conf/jurix/WynerBA07
1664,0.0,JURIX,2008,0,0,0,0,0,0,,Modular Argumentation For Modelling Legal Doctrines in Common Law of Contract,Phan Minh Dung; Phan Minh Thang,,conf/jurix/DungT08
1665,0.0,JURIX,2008,0,0,0,0,0,0,,European Judicial Collaboration Platform (JCP) for Secure International Judicial Collaboration,Elisa Negroni; Katherine Davies; Mauro Cislaghi; George Eleftherakis; Sara Ferri,,conf/jurix/NegroniDCEF08
1666,0.0,JURIX,2008,0,0,0,0,0,0,,Personalized and On-Demand Retrieval of Parliamentary Proceedings with Social Feedback on Elected Representatives,Elena Sánchez-Nielsen; Francisco Chávez-Gutiérrez,,conf/jurix/Sanchez-NielsenC08
1667,0.0,JURIX,2009,0,0,0,0,0,0,,"Nice and Nasty Lawyers, is the Legal System to Blame? - Agent-based simulation insights",Eunate Mayor; Luis R. Izquierdo; Giovanni Sartor,,conf/jurix/MayorIS09
1668,0.0,JURIX,2010,0,0,0,0,,0,,A Formal System for Analyzing Conveyances of Property Under the Common Law,Shawn J. Bayern,,conf/jurix/Bayern10
1669,0.0,JURIX,2010,0,0,0,0,0,0,,Towards Measuring User Query Tendency for Legal Document Retrieval,Henok Sahilu; Solomon Atnafu,,conf/jurix/SahiluA10
1670,0.0,JURIX,2010,0,0,0,0,0,0,,Written Laws are Like Spiders Webs,John Sheridan,,conf/jurix/Sheridan10
1671,0.0,JURIX,2011,0,0,0,0,,0,,Two Methods for Representing Judicial Reasoning in the Framework of Coherence as Constraint Satisfaction,Michal Araszkiewicz; Jaromír Savelka,,conf/jurix/AraszkiewiczS11
1672,0.0,JURIX,2011,0,0,0,0,,0,,Adapting Software Metrics to Analyze the Evolution of Laws - An Italian Case Study,Aaron Ciaghi; Andrea Dalla Valle; Adolfo Villafiorita,,conf/jurix/CiaghiVV11
1673,0.0,JURIX,2011,0,0,0,0,,0,,Privacy Rule Definition Language - A Multi-stakeholder Approach to ENDORSE Privacy,Thomas Kurz; C. Ruecker; Thomas J. Lampoltshammer; Thomas Heistracher,,conf/jurix/KurzRLH11
1674,0.0,JURIX,2011,0,0,0,0,0,0,,Author Attribution in US Supreme Court Decisions,Craig Pfeifer,,conf/jurix/Pfeifer11
1675,0.0,JURIX,2012,0,0,0,0,0,0,,ThinkData: a Data Protection and Transparency Awareness Service based on Storytelling,Jean-Henry Morin; Olivier Glassey,,conf/jurix/MorinG12
1676,0.0,JURIX,2013,0,0,0,0,0,0,,The Légilocal project: the local law simply shared,Florence Amardeilh; Danièle Bourcier; Hacene Cherfi; Charles-Henry Dubail; Alain Garnier; Sylvie Guillemin-Lanne; Nada Mimouni; Adeline Nazarenko; Ève Paul; Sylvie Salotti; Marjorie Seizou; Sylvie Szulman; Haïfa Zargayouna,,conf/jurix/AmardeilhBCDGGMNPSSSZ13
1677,0.0,JURIX,2013,0,0,0,0,0,0,,"User Centered Evaluation of EQUALS, a Rule-based Legal Decision-aid",Padmaja Sasidharan; Claire Henderson; Graeme Lockwood; Jeroen Keppens; Andrew J. I. Jones; Elaine Brohan,,conf/jurix/SasidharanHLKJB13
1678,0.0,JURIX,2014,0,0,0,0,0,0,,Using Crowdsourcing Games Techniques and Similarity Metrics to Improve Legal Ontologies Expansion,Tania C. D&apos;Agostini Bueno; Karina Girardi Roggia; Hugo Cesar Hoeschl,,conf/jurix/BuenoRH14
1679,0.0,JURIX,2014,0,0,0,0,0,0,,#Folksonomies &amp; #Law: from «quid juris?» to «quid jus?» to «cur jus?»,Federico Costantini,,conf/jurix/Costantini14
1680,0.0,JURIX,2014,0,0,0,0,0,0,,Mining Information from Statutory Texts in Multi-Jurisdictional Settings,Jaromír Savelka; Matthias Grabmair; Kevin D. Ashley,,conf/jurix/SavelkaGA14
1681,0.0,JURIX,2014,0,0,0,0,0,0,,Using data to understand the statute book as a whole system,John Sheridan,,conf/jurix/Sheridan14
1682,0.0,JURIX,2015,0,0,0,0,,0,,"The Power Laws of the Italian Constitutional Court, and Their Relevance for Legal Scholars",Tommaso Agnoloni; Ugo Pagallo,,conf/jurix/AgnoloniP15
1683,0.0,JURIX,2015,0,0,0,0,0,0,,Modelling the Law through Argument Maps: Legal Analysis and Design,Giuseppe Contissa,,conf/jurix/Contissa15
1684,0.0,JURIX,2015,0,0,0,0,0,0,,Annotation of a German Legal Decision Corpus for Argumentation Mining,Florian Kuhn,,conf/jurix/Kuhn15
1685,0.0,JURIX,2015,0,0,0,0,0,0,,Implementation of ECLI - State of Play,Marc van Opijnen; Alexander Ivantchev,,conf/jurix/OpijnenI15
1686,0.0,JURIX,2015,0,0,0,0,0,0,,Judges Predict Directors&apos; Liability,Thy Pham,,conf/jurix/Pham15
1687,0.0,JURIX,2016,0,0,0,0,0,0,,Neural Reasoning for Legal Text Understanding,Kolawole John Adebayo; Guido Boella; Luigi Di Caro,http://hdl.handle.net/2318/1641220,conf/jurix/AdebayoBC16
1688,0.0,JURIX,2016,0,0,0,0,0,0,,Practical and Accurate Insider Trading Liability Calculation,Andrew Chin,,conf/jurix/Chin16
1689,0.0,JURIX,2016,0,0,0,0,0,0,,Proposal for a Theoretical Framework in Digital Forensics,Federico Costantini,http://hdl.handle.net/11390/1107067,conf/jurix/Costantini16
1690,0.0,JURIX,2017,0,0,0,0,0,0,,Automatic Detection of Significant Updates in Regulatory Documents,Kartik Asooja; Oscar Ó Foghlú; Breiffni Ó Domhnaill; George Marchin; Sean McGrath,,conf/jurix/AsoojaFDMM17
1691,0.0,JURIX,2017,0,0,0,0,0,0,,Cloudy with a Chance of Concepts,Suzanne Bardelmeijer; Alexander Boer; Radboud Winkels,https://dare.uva.nl/personal/pure/en/publications/cloudy-with-a-chance-of-concepts(f7ee07da-a8b1-47ee-b651-3e60db5dc744).html,conf/jurix/BardelmeijerBW17
1692,0.0,JURIX,2017,0,0,0,0,0,0,,Scoring Judicial Syllabi in Portuguese,Jean-Rémi Bourguet; Melissa Zorzanelli Costa,,conf/jurix/BourguetC17
1693,0.0,JURIX,2017,0,0,0,0,,0,,Toward Linking Heterogenous References in Czech Court Decisions to Content,Jakub Harasta; Jaromír Savelka,,conf/jurix/HarastaS17
1694,0.0,JURIX,2017,0,0,0,0,0,0,,Detecting Agent Mentions in U.S. Court Decisions,Jaromír Savelka; Kevin D. Ashley,,conf/jurix/SavelkaA17
1695,0.0,JURIX,2018,0,0,0,0,0,0,,Dealing with Qualitative and Quantitative Features in Legal Domains,Maximiliano Celmo David Budán; Maria Laura Cobo; Diego C. Martínez; Antonino Rotolo,https://doi.org/10.3233/978-1-61499-935-5-176,conf/jurix/BudanCMR18
1696,0.0,JURIX,2018,0,0,0,0,0,0,,Linguistic Legal Concept Extraction in Portuguese,Alessandra Cid; Alexandre Rademaker; Bruno Cuconato; Valeria de Paiva,https://doi.org/10.3233/978-1-61499-935-5-181,conf/jurix/CidRCP18
1697,0.0,JURIX,2018,0,0,0,0,0,0,,Coding Suspicion,Arthur Crivella; Wesley M. Oliver; Morgan A. Gray,,conf/jurix/CrivellaOG18
1698,0.0,JURIX,2019,0,0,0,0,,0,,Security and Privacy in Resource-constrained Devices,Pier Giorgio Chiara,,conf/jurix/Chiara19
1699,0.0,JURIX,2019,0,0,0,0,,0,,Democracy Through the Blocks: Towards the Era of Law Engineering,Biagio Distefano,,conf/jurix/Distefano19
1700,0.0,JURIX,2019,0,0,0,0,,0,,Managing Legal Compliance in Video-interview Systems. Rules-Based Auditing,Carmen Fernández-Martínez,,conf/jurix/Fernandez-Martinez19
1701,0.0,JURIX,2019,0,0,0,0,,0,,Research Proposal: Influenceable Autonomy and Predictable Freedom in the IoE,Maximilian Gartner,,conf/jurix/Gartner19
1702,0.0,JURIX,2019,0,0,0,0,,0,,PatentTransformer: A Framework for Personalized Patent Claim Generation,Jieh-Sheng Lee,,conf/jurix/Lee19
1703,0.0,JURIX,2019,0,0,0,0,,0,,Towards the Creation and Enrichment of a Terminological Knowledge Graph in the Legal Domain,Patricia Martín-Chozas,,conf/jurix/Martin-Chozas19
1704,0.0,JURIX,2019,0,0,0,0,,0,,Legal Institutions and Virtual Worlds,Radoslaw Palosz,,conf/jurix/Palosz19
1705,0.0,JURIX,2019,0,0,0,0,,0,,The Internet of Money between Anonymity and Publicity: Legal Challenges of Distributed Ledger Technologies in the Crypto Financial Landscape,Nadia Pocher,,conf/jurix/Pocher19
1706,0.0,JURIX,2019,0,0,0,0,,0,,Surveillance Risks in IoT Applied to Smart Cities,Isadora Neroni Rezende,,conf/jurix/Rezende19
1707,0.0,JURIX,2019,0,0,0,0,0,0,,Legal Text Generation from Abstract Meaning Representation,Vu Trong Sinh; Minh Le Nguyen; Ken Satoh,https://doi.org/10.3233/faia190330,conf/jurix/SinhNS19
1708,0.0,JURIX,2019,0,0,0,0,,0,,Generating Regular Expressions from Semantically and Pragmatically Analysed Text as Forensic Search Support in Evidence Mining,Abiodun Abdullahi Solanke,,conf/jurix/Solanke19
1709,0.0,JURIX,2019,0,0,0,0,,0,,Examination of Current AI Systems within the Scope of Right to Explanation and Designing Explainable AI Systems,Orhan Gazi Yalçin,,conf/jurix/Yalcin19
1710,0.0,JURIX,2019,0,0,0,0,,0,,Location Privacy and Inference in Online Social Networks,Mirko Zichichi,,conf/jurix/Zichichi19
1711,0.0,JURIX,2020,0,0,0,0,0,0,,Identifying the Factors of Suspicion,Morgan A. Gray; Wesley M. Oliver; Arthur Crivella,https://ebooks.iospress.nl/pdf/doi/10.3233/FAIA200870,conf/jurix/GrayOC20
1712,0.0,JURIX,2021,0,0,0,0,0,0,,Few-Shot Tuning Framework for Automated Terms of Service Generation,Ha-Thanh Nguyen; Kiyoaki Shirai; Le Minh Nguyen,https://ebooks.iospress.nl/pdf/doi/10.3233/FAIA210325,conf/jurix/NguyenSN21
1713,0.0,JURIX,2022,0,0,0,0,0,0,,Linking Appellate Judgments to Tribunal Judgments - Benchmarking Different ML Techniques,Charles Condevaux; Bruno Mathis; Sid Ali Mahmoudi; Stéphane Mussard; Guillaume Zambrano,https://ebooks.iospress.nl/pdf/doi/10.3233/FAIA220446,conf/jurix/CondevauxMMMZ22
1714,0.0,JURIX,2022,0,0,0,0,0,0,,The Effectiveness of Bidirectional Generative Patent Language Models,Jieh-Sheng Lee,https://ebooks.iospress.nl/pdf/doi/10.3233/FAIA220466,conf/jurix/Lee22
1715,0.0,JURIX,2022,0,0,0,0,0,0,,Autosuggestion of Relevant Cases and Statutes,Saran Pandian; Shubham Joshi,https://ebooks.iospress.nl/pdf/doi/10.3233/FAIA220471,conf/jurix/PandianJ22
1716,0.0,JURIX,2022,0,0,0,0,0,0,,Judgment Tagging and Recommendation Using Pre-Trained Language Models and Legal Taxonomy,Tien-Hsuan Wu; Ben Kao; Henry W. H. Chan; Michael M. K. Cheung,https://ebooks.iospress.nl/pdf/doi/10.3233/FAIA220476,conf/jurix/WuKCC22
1717,0.0,JURIX,2023,0,0,0,0,0,0,,REMOAC: A Retroactive Explainable Method for OCR Anomalies Correction in Legal Domain,Roberto Abbruzzese,https://ebooks.iospress.nl/pdf/doi/10.3233/FAIA230985,conf/jurix/Abbruzzese23a
1718,0.0,JURIX,2023,0,0,0,0,0,0,,New Horizons of Legal Judgement Predication via Multi-Task Learning and LoRA,Chia-Hui Chang; Kuo-Chun Chien,https://ebooks.iospress.nl/pdf/doi/10.3233/FAIA230966,conf/jurix/ChangC23
1719,0.0,JURIX,2023,0,0,0,0,0,0,,OpenJustice.ai: A Global Open-Source Legal Language Model,Samuel Dahan; Rohan Bhambhoria; David Liang; Xiaodan Zhu,https://ebooks.iospress.nl/pdf/doi/10.3233/FAIA230995,conf/jurix/DahanBL023
1720,0.0,JURIX,2023,0,0,0,0,0,0,,Multilevel Hate Speech Classification Based on Multilingual Case-Law,Monica Palmirani; Chiara Catizone; Giulia Venditti; Salvatore Sapienza,https://doi.org/10.3233/faia230981,conf/jurix/PalmiraniCVS23
1721,0.0,JURIX,2023,0,0,0,0,0,0,,Nearest Neighbor Search for Summarization of Japanese Judgment Documents,Akito Shimbo; Yuta Sugawara; Hiroaki Yamada; Takenobu Tokunaga,https://ebooks.iospress.nl/pdf/doi/10.3233/FAIA230984,conf/jurix/ShimboS0T23
1722,0.0,JURIX,2023,0,0,0,0,0,0,,Judgment Retrieval Made Easier Through Query Analysis,Tien-Hsuan Wu; Ben Kao; Michael M. K. Cheung,https://ebooks.iospress.nl/pdf/doi/10.3233/FAIA230978,conf/jurix/WuKC23
1723,0.0,JURIX,2024,0,0,0,0,0,0,,Dispute Resolution in Legal Mediation with Quantitative Argumentation,Xiao Chi,https://ebooks.iospress.nl/pdf/doi/10.3233/FAIA241252,conf/jurix/Chi24
1724,0.0,JURIX,2024,0,0,0,0,0,0,,Prosecutorial Outcome Predication with LoRA and QLoRA,Kuo-Chun Chien; Chia-Hui Chang; Huai-Hsuan Huang; Jo-Chi Kung,https://ebooks.iospress.nl/pdf/doi/10.3233/FAIA241253,conf/jurix/ChienCHK24
1725,0.0,JURIX,2024,0,0,0,0,0,0,,Legal Question Answering Based on Logical Reasoning in Large Pretrained Language Models,Joseph Dimos; Eva Fourel,https://ebooks.iospress.nl/pdf/doi/10.3233/FAIA241271,conf/jurix/DimosF24
1726,0.0,JURIX,2024,0,0,0,0,0,0,,Structured Legal Argumentation with LLMs: A Study in Landlord-Tenant Law,Gregoire Fournier; Daniel W. Linna Jr.,https://ebooks.iospress.nl/pdf/doi/10.3233/FAIA241272,conf/jurix/FournierL24
1727,0.0,JURIX,2024,0,0,0,0,0,0,,AI in Healthcare: Navigating Legal Risk Assessment with JusticeBot,Sébastien Meeùs; Valentina Dalla Giovanna; Samyar Janatian; Hannes Westermann; Karim Benyekhlef; Gregory Lewkowicz,https://ebooks.iospress.nl/pdf/doi/10.3233/FAIA241277,conf/jurix/MeeusGJWBL24
1728,0.0,JURIX,2024,0,0,0,0,0,0,,Design of a Quality Management System Based on the EU AI Act,Henryk Mustroph; Stefanie Rinderle-Ma,https://ebooks.iospress.nl/pdf/doi/10.3233/FAIA241261,conf/jurix/MustrophR24
1729,0.0,JURIX,2024,0,0,0,0,0,0,,"Legal-Emotional BATNA: AI Chatbot Addressing Divorce Legalities and Emotional Complexities, and Research of Social Implementation in Japan",Kohei Oshio,https://ebooks.iospress.nl/pdf/doi/10.3233/FAIA241264,conf/jurix/Oshio24
1730,0.0,JURIX,2024,0,0,0,0,0,0,,Towards Hybrid Evaluation Methodologies for Large Language Models in the Legal Domain,Marco Sanchi; Tereza Novotná,https://ebooks.iospress.nl/pdf/doi/10.3233/FAIA241279,conf/jurix/SanchiN24
1731,0.0,JURIX,2024,0,0,0,0,0,0,,Explainable AI for Real Legal Judgments: Sentencing Model and Salience Maps for Text,Hsuan-Lei Shao; Wei-Hsin Wang; Sieh-Chuen Huang,https://ebooks.iospress.nl/pdf/doi/10.3233/FAIA241280,conf/jurix/ShaoWH24
1732,0.0,JURIX,2024,0,0,0,0,0,0,,Building Applications with Purpose: Bridging Human-Centered Design and Human-Centered Artificial Intelligence in Legal Tech with the Double Diamond,Sabine Wehnert; Ernesto William De Luca,https://ebooks.iospress.nl/pdf/doi/10.3233/FAIA241267,conf/jurix/WehnertL24
1733,0.0,JURIX,2024,0,0,0,0,0,0,,LUMI: Legal Understanding and Matching Through Interactive Highlighting,Sabine Wehnert; Visakh Padmanabhan; Ernesto William De Luca,https://ebooks.iospress.nl/pdf/doi/10.3233/FAIA241283,conf/jurix/WehnertPL24a
1734,0.0,JURIX,2024,0,0,0,0,0,0,,Automating Fundamental Right Impact Assessment: An Open Experiment,Xinyue Zhang; Vanja Skoric; Giovanni Sileno,https://ebooks.iospress.nl/pdf/doi/10.3233/FAIA241246,conf/jurix/ZhangSS24
1735,0.0,JURIX,2025,0,0,0,0,0,0,,LR2: A Legal RAG for Legal Reasoning over Cases,Irene Benedetto; Luca Cagliero; Francesco Tarasconi,https://doi.org/10.3233/faia251614,conf/jurix/BenedettoCT25
1736,0.0,JURIX,2025,0,0,0,0,0,0,,Discovering the Potential of LLMs in Annotating Legal Texts for Argument Mining (Extended Abstract),Christina Berghegger; César Philippe; Karla Salas-Jimenez; Jean-Guy Mailly; Leila Moudjari; Laurent Perrussel,https://doi.org/10.3233/faia251615,conf/jurix/BergheggerPSMMP25
1737,0.0,JURIX,2025,0,0,0,0,0,0,,Pro-Judice: Aligning LLMs with Procedural Fairness in Judicial Contexts,Qingjing Chen; Rongxin Cheng; Yan Liu; Siyuan Zheng; Antonino Rotolo; Yun Liu; Weixing Shen,https://doi.org/10.3233/faia251616,conf/jurix/Chen0LZRLS25
1738,0.0,JURIX,2025,0,0,0,0,0,0,,A Tool for Handling Unexpected Exceptions in Legal Reasoning,Thomas Ecobichon; Mathieu Carpentier; Sylvie Doutre; Jean-Guy Mailly,https://doi.org/10.3233/faia251618,conf/jurix/EcobichonCDM25
1739,0.0,JURIX,2025,0,0,0,0,0,0,,An Argumentative Explanation Framework for Generalized Reason Model with Inconsistent Precedents,Wachara Fungwacharakorn; Gauvain Bourgne; Ken Satoh,https://doi.org/10.3233/faia251620,conf/jurix/Fungwacharakorn25
1740,0.0,JURIX,2025,0,0,0,0,0,0,,Uncovering AI Governance Themes in EU Policies Using BERTopic and Thematic Analysis,Delaram Golpayegani; Marta Lasek-Markey; Arjumand Younus; Aphra Kerr; Dave Lewis,https://doi.org/10.3233/faia251621,conf/jurix/GolpayeganiLYK025
1741,0.0,JURIX,2025,0,0,0,0,0,0,,Learning from the Judicial Journey: A Predictive Model for Case Disputability,Ho-Chien Huang; Chao-Lin Liu,https://doi.org/10.3233/faia251602,conf/jurix/HuangL25
1742,0.0,JURIX,2025,0,0,0,0,0,0,,Argumentative LLMs for Legal Information Entailment,Charlie Lindsay; Francesca Toni; Tien Dat Nguyen; Tan Minh Nguyen; Trang Pham Ngoc Anh; Quang-Huy Chu; Hoang Nhat Nguyen; Le Minh Nguyen,https://doi.org/10.3233/faia251582,conf/jurix/LindsayTNNACN025
1743,0.0,JURIX,2025,0,0,0,0,0,0,,LeAK-GraphRAG: A Legal Academic Knowledge GraphRAG Framework with Hybrid Retrieval for Mitigating Hallucinations,Jia Liu; Jianhao Tang,https://doi.org/10.3233/faia251624,conf/jurix/LiuT25
1744,0.0,JURIX,2025,0,0,0,0,0,0,,How Anonymous Is Anonymous? A Techno-Legal Exploration,Stephanie von Maltzan; Daniel Vogel; Marc Ohm; Florian Idelberger,https://doi.org/10.3233/faia251589,conf/jurix/Maltzan0OI25
1745,0.0,JURIX,2025,0,0,0,0,0,0,,"Automated Identification of Criminal Offences from Case Descriptions Using Ontologies, Rules and LLMs",Jelena Matkovic; Marko Markovic; Stevan Gostojic,https://doi.org/10.3233/faia251626,conf/jurix/MatkovicMG25
1746,0.0,JURIX,2025,0,0,0,0,0,0,,"Context-Aware Citation Networks: A Human-AI Dataset, Analysis, and Tool",Jack Mumford; Francesco Florimonte; Katie Atkinson; Kanstantsin Dzehtsiarou,https://doi.org/10.3233/faia251584,conf/jurix/MumfordFAD25
1747,0.0,JURIX,2025,0,0,0,0,,0,,A Hohfeldian Knowledge Base for LLM-Assisted Legal Information Retrieval in Marine Biodiversity Law,Rohan Nanda; Henrique Marcos; Hannes Westermann; Julia Schutz Veiga,https://doi.org/10.3233/faia251604,conf/jurix/NandaMWV25
1748,0.0,JURIX,2025,0,0,0,0,0,0,,PONK: Tool for Client-Oriented Legal Writing in Czech,Tereza Novotná; Ján Cerný; Ivan Kraus; Ivana Kvapilíková; Jirí Mírovský; Arnold Stanovský; Barbora Hladká,https://doi.org/10.3233/faia251606,conf/jurix/NovotnaCKKMSH25
1749,0.0,JURIX,2025,0,0,0,0,0,0,,Comparison of Embedding Methods for Retrieval Under Noisy Institutional Labels,Tereza Novotná; Jakub Harasta,https://doi.org/10.3233/faia251605,conf/jurix/NovotnaH25
1750,0.0,JURIX,2025,0,0,0,0,0,0,,EmoLawConnect: An AI-Powered Matching Engine for Professionals Supporting Family Conflict Resolution,Kohei Oshio,https://doi.org/10.3233/faia251607,conf/jurix/Oshio25
1751,0.0,JURIX,2025,0,0,0,0,0,0,,PersonaMatrix: A Recipe for Persona-Aware Evaluation of Legal Summarization,Tsz Fung Pang; Maryam Berijanian; Thomas Orth; Breanna Shi; Charlotte S. Alexander,https://doi.org/10.3233/faia251585,conf/jurix/PangBOSA25
1752,0.0,JURIX,2025,0,0,0,0,0,0,,Packaging Thematic Analysis as an AI Workflow for Legal Research,Vojtech Pour,https://doi.org/10.3233/faia251628,conf/jurix/Pour25
1753,0.0,JURIX,2025,0,0,0,0,0,0,,Machine Learning to Promote Self-Composition in Conflict Resolution: The Brazilian Concil-IA Project,Isabela Cristina Sabo; Thiago Raulino Dal Pont; Aires José Rover; Jomi Hübner,https://doi.org/10.3233/faia251586,conf/jurix/SaboPRH25
1754,0.0,JURIX,2025,0,0,0,0,0,0,,Anomaly Detection in Legal Text - A Case Study on Cybersecurity Contracts,Pavol Sokol; Laura Bachnáková Rózenfeldová; Dávid Varga; Simona Rudohradská; Regina Hucková,https://doi.org/10.3233/faia251609,conf/jurix/SokolRVRH25
1755,0.0,JURIX,2025,0,0,0,0,0,0,,An Expert-Validated LLM Framework for Transforming Legal Procurement Texts into Actionable Data,Ivan Spada; Roberto Nai; Davide Audrito; Vittoria Margherita Sofia Trifiletti; Emilio Sulis,https://doi.org/10.3233/faia251610,conf/jurix/SpadaNATS25
1756,0.0,JURIX,2025,0,0,0,0,0,0,,That&apos;s So FETCH: Fashioning Ensemble Techniques for LLM Classification in Civil Legal Intake and Referral,Quinten Steenhuis,https://doi.org/10.3233/faia251588,conf/jurix/Steenhuis25
1757,0.0,JURIX,2025,0,0,0,0,0,0,,Label-Aware Contextual Retrieval for Few-Shot Legal Argument Mining,Huihui Xu; Kevin D. Ashley,https://doi.org/10.3233/faia251590,conf/jurix/XuA25
1758,0.0,JURIX,2025,0,0,0,0,0,0,,Automated Creation of a Legal Knowledge Graph Addressing Cases of Violence Against Women. Resource Methodology and Lessons Learned,Claudia d&apos;Amato; Giuseppe Rubini; Francesco Didio; Donato Francioso; Fatima Zahra Amara; Nicola Fanizzi,https://doi.org/10.3233/faia251575,conf/jurix/dAmatoRDFAF25
