file,decision,exported,subPredicate,status,reason,atomClasses,atomsRaw,ladderNodes,priors,sampling,worlds,declAtomsMean_uniform,planAtomsMean_uniform,statAtomsMean_uniform,declAtomsMean_prior,planAtomsMean_prior,statAtomsMean_prior,declRefsMean_uniform,planRefsMean_uniform,statRefsMean_uniform,declLazyOnlyMean_uniform,atomWinFrac_uniform,atomTieFrac_uniform,atomLossFrac_uniform,planBeatsStatFrac_uniform,worstDeclAtoms,worstPlanAtoms,worstStatAtoms,worstDeclRefs,worstPlanRefs,cnf_atomClasses,cnf_ladderNodes,cnf_declAtomsMean_uniform,cnf_planAtomsMean_uniform,cnf_statAtomsMean_uniform,anomalies
"jl4/examples/legal/regcf/regcf.l4","`Reg CF commenced`",false,false,refused,"Can only visualize, as a ladder diagram, a DECIDE that returns a boolean.",,,,,,,,,,,,,,,,,,,,,,,,,,,,,,,
"jl4/examples/legal/regcf/regcf.l4","`the 2017 inflation adjustment`",false,false,refused,"Can only visualize, as a ladder diagram, a DECIDE that returns a boolean.",,,,,,,,,,,,,,,,,,,,,,,,,,,,,,,
"jl4/examples/legal/regcf/regcf.l4","`the 2021 amendments`",false,false,refused,"Can only visualize, as a ladder diagram, a DECIDE that returns a boolean.",,,,,,,,,,,,,,,,,,,,,,,,,,,,,,,
"jl4/examples/legal/regcf/regcf.l4","`the 2022 inflation adjustment`",false,false,refused,"Can only visualize, as a ladder diagram, a DECIDE that returns a boolean.",,,,,,,,,,,,,,,,,,,,,,,,,,,,,,,
"jl4/examples/legal/regcf/regcf.l4","`the rules in force include`",false,true,measured,,1,1,1,0,exhaustive,2,1.0,1.0,1.0,1.0,1.0,1.0,2.0,2.0,2.0,1.0,0.0,1.0,0.0,0.0,1,1,1,2,2,1,1,1.0,1.0,1.0,""
"jl4/examples/legal/regcf/regcf.l4","`offering maximum in a 12-month period`",false,false,refused,"Can only visualize, as a ladder diagram, a DECIDE that returns a boolean.",,,,,,,,,,,,,,,,,,,,,,,,,,,,,,,
"jl4/examples/legal/regcf/regcf.l4","`income or net worth cut point`",false,false,refused,"Can only visualize, as a ladder diagram, a DECIDE that returns a boolean.",,,,,,,,,,,,,,,,,,,,,,,,,,,,,,,
"jl4/examples/legal/regcf/regcf.l4","`minimum permitted investment`",false,false,refused,"Can only visualize, as a ladder diagram, a DECIDE that returns a boolean.",,,,,,,,,,,,,,,,,,,,,,,,,,,,,,,
"jl4/examples/legal/regcf/regcf.l4","`maximum amount sold to any one investor in a 12-month period`",false,false,refused,"Can only visualize, as a ladder diagram, a DECIDE that returns a boolean.",,,,,,,,,,,,,,,,,,,,,,,,,,,,,,,
"jl4/examples/legal/regcf/regcf.l4","`tier 1 ceiling`",false,false,refused,"Can only visualize, as a ladder diagram, a DECIDE that returns a boolean.",,,,,,,,,,,,,,,,,,,,,,,,,,,,,,,
"jl4/examples/legal/regcf/regcf.l4","`tier 2 ceiling`",false,false,refused,"Can only visualize, as a ladder diagram, a DECIDE that returns a boolean.",,,,,,,,,,,,,,,,,,,,,,,,,,,,,,,
"jl4/examples/legal/regcf/regcf.l4","`first-time issuer review ceiling`",false,false,refused,"Can only visualize, as a ladder diagram, a DECIDE that returns a boolean.",,,,,,,,,,,,,,,,,,,,,,,,,,,,,,,
"jl4/examples/legal/regcf/regcf.l4","`holders of record threshold`",false,false,refused,"Can only visualize, as a ladder diagram, a DECIDE that returns a boolean.",,,,,,,,,,,,,,,,,,,,,,,,,,,,,,,
"jl4/examples/legal/regcf/regcf.l4","`total assets threshold`",false,false,refused,"Can only visualize, as a ladder diagram, a DECIDE that returns a boolean.",,,,,,,,,,,,,,,,,,,,,,,,,,,,,,,
"jl4/examples/legal/regcf/regcf.l4","`minimum days publicly available before any sale`",false,false,refused,"Can only visualize, as a ladder diagram, a DECIDE that returns a boolean.",,,,,,,,,,,,,,,,,,,,,,,,,,,,,,,
"jl4/examples/legal/regcf/regcf.l4","`days to file the annual report after fiscal year end`",false,false,refused,"Can only visualize, as a ladder diagram, a DECIDE that returns a boolean.",,,,,,,,,,,,,,,,,,,,,,,,,,,,,,,
"jl4/examples/legal/regcf/regcf.l4","`business days to file Form C-TR`",false,false,refused,"Can only visualize, as a ladder diagram, a DECIDE that returns a boolean.",,,,,,,,,,,,,,,,,,,,,,,,,,,,,,,
"jl4/examples/legal/regcf/regcf.l4","`business days to file a progress update`",false,false,refused,"Can only visualize, as a ladder diagram, a DECIDE that returns a boolean.",,,,,,,,,,,,,,,,,,,,,,,,,,,,,,,
"jl4/examples/legal/regcf/regcf.l4","`the resale restriction in years`",false,false,refused,"Can only visualize, as a ladder diagram, a DECIDE that returns a boolean.",,,,,,,,,,,,,,,,,,,,,,,,,,,,,,,
"jl4/examples/legal/regcf/regcf.l4","`(b)(1) — not organized under State or territorial law`",false,true,measured,,1,1,4,0,exhaustive,2,1.0,1.0,1.0,1.0,1.0,1.0,1.0,1.0,1.0,1.0,0.0,1.0,0.0,0.0,1,1,1,1,1,1,4,1.0,1.0,1.0,""
"jl4/examples/legal/regcf/regcf.l4","`(b)(2) — an Exchange Act reporting company`",false,true,measured,,1,1,3,0,exhaustive,2,1.0,1.0,1.0,1.0,1.0,1.0,1.0,1.0,1.0,1.0,0.0,1.0,0.0,0.0,1,1,1,1,1,1,3,1.0,1.0,1.0,""
"jl4/examples/legal/regcf/regcf.l4","`(b)(3) — an investment company`",false,true,measured,,1,1,3,0,exhaustive,2,1.0,1.0,1.0,1.0,1.0,1.0,1.0,1.0,1.0,1.0,0.0,1.0,0.0,0.0,1,1,1,1,1,1,3,1.0,1.0,1.0,""
"jl4/examples/legal/regcf/regcf.l4","`(b)(4) — subject to a bad-actor disqualification`",false,true,measured,,1,1,3,0,exhaustive,2,1.0,1.0,1.0,1.0,1.0,1.0,1.0,1.0,1.0,1.0,0.0,1.0,0.0,0.0,1,1,1,1,1,1,3,1.0,1.0,1.0,""
"jl4/examples/legal/regcf/regcf.l4","`(b)(5) — delinquent in ongoing annual reports`",false,true,measured,,1,1,3,0,exhaustive,2,1.0,1.0,1.0,1.0,1.0,1.0,1.0,1.0,1.0,1.0,0.0,1.0,0.0,0.0,1,1,1,1,1,1,3,1.0,1.0,1.0,""
"jl4/examples/legal/regcf/regcf.l4","`(b)(6) — no specific business plan, or a blank-check business plan`",false,true,measured,,1,1,3,0,exhaustive,2,1.0,1.0,1.0,1.0,1.0,1.0,1.0,1.0,1.0,1.0,0.0,1.0,0.0,0.0,1,1,1,1,1,1,3,1.0,1.0,1.0,""
"jl4/examples/legal/regcf/regcf.l4","`issuer is excluded by Rule 100(b)`",false,true,measured,,6,6,8,0,exhaustive,64,1.9688,1.9688,1.9688,1.9688,1.9688,1.9688,1.0,1.0,1.0,1.9688,0.0,1.0,0.0,0.0,6,6,6,1,1,6,8,1.9688,1.9688,1.9688,""
"jl4/examples/legal/regcf/regcf.l4","`issuer is eligible`",false,true,measured,,1,1,2,0,exhaustive,2,1.0,1.0,1.0,1.0,1.0,1.0,1.0,1.0,1.0,1.0,0.0,1.0,0.0,0.0,1,1,1,1,1,1,2,1.0,1.0,1.0,""
"jl4/examples/legal/regcf/regcf.l4","`aggregate offering amount`",false,false,refused,"Can only visualize, as a ladder diagram, a DECIDE that returns a boolean.",,,,,,,,,,,,,,,,,,,,,,,,,,,,,,,
"jl4/examples/legal/regcf/regcf.l4","`offering is within the offering limit`",false,true,measured,,1,1,3,0,exhaustive,2,1.0,1.0,1.0,1.0,1.0,1.0,1.0,1.0,1.0,1.0,0.0,1.0,0.0,0.0,1,1,1,1,1,1,3,1.0,1.0,1.0,""
"jl4/examples/legal/regcf/regcf.l4","`greater of annual income or net worth`",false,false,refused,"Can only visualize, as a ladder diagram, a DECIDE that returns a boolean.",,,,,,,,,,,,,,,,,,,,,,,,,,,,,,,
"jl4/examples/legal/regcf/regcf.l4","`lesser of annual income or net worth`",false,false,refused,"Can only visualize, as a ladder diagram, a DECIDE that returns a boolean.",,,,,,,,,,,,,,,,,,,,,,,,,,,,,,,
"jl4/examples/legal/regcf/regcf.l4","`the applicable measure of annual income or net worth`",false,false,refused,"Can only visualize, as a ladder diagram, a DECIDE that returns a boolean.",,,,,,,,,,,,,,,,,,,,,,,,,,,,,,,
"jl4/examples/legal/regcf/regcf.l4","`either annual income or net worth is less than the cut point`",false,false,measured,,2,2,3,0,exhaustive,4,1.5,1.5,1.5,1.5,1.5,1.5,2.5,2.5,2.5,1.5,0.0,1.0,0.0,0.0,2,2,2,3,3,2,3,1.5,1.5,1.5,""
"jl4/examples/legal/regcf/regcf.l4","`investment limit`",false,false,refused,"Can only visualize, as a ladder diagram, a DECIDE that returns a boolean.",,,,,,,,,,,,,,,,,,,,,,,,,,,,,,,
"jl4/examples/legal/regcf/regcf.l4","`aggregate amount sold to this investor including this transaction`",false,false,refused,"Can only visualize, as a ladder diagram, a DECIDE that returns a boolean.",,,,,,,,,,,,,,,,,,,,,,,,,,,,,,,
"jl4/examples/legal/regcf/regcf.l4","`the accredited-investor carve-out applies to`",false,true,measured,,2,2,3,0,exhaustive,4,1.5,1.5,1.5,1.5,1.5,1.5,1.5,1.5,1.5,1.5,0.0,1.0,0.0,0.0,2,2,2,2,2,2,3,1.5,1.5,1.5,""
"jl4/examples/legal/regcf/regcf.l4","`investor is within the investment limit`",false,true,measured,,2,2,4,0,exhaustive,4,1.5,1.5,1.5,1.5,1.5,1.5,1.0,1.0,1.0,1.5,0.0,1.0,0.0,0.0,2,2,2,1,1,2,4,1.5,1.5,1.5,""
"jl4/examples/legal/regcf/regcf.l4","`the rule date is inside the COVID-19 temporary rules window`",false,false,measured,,2,2,3,0,exhaustive,4,1.5,1.5,1.5,1.5,1.5,1.5,1.0,1.0,1.0,1.5,0.0,1.0,0.0,0.0,2,2,2,1,1,2,3,1.5,1.5,1.5,""
"jl4/examples/legal/regcf/regcf.l4","`financial statements required`",false,false,refused,"Can only visualize, as a ladder diagram, a DECIDE that returns a boolean.",,,,,,,,,,,,,,,,,,,,,,,,,,,,,,,
"jl4/examples/legal/regcf/regcf.l4","`assurance level`",false,false,refused,"Can only visualize, as a ladder diagram, a DECIDE that returns a boolean.",,,,,,,,,,,,,,,,,,,,,,,,,,,,,,,
"jl4/examples/legal/regcf/regcf.l4","`financial statement requirement is satisfied`",false,true,measured,,1,1,1,0,exhaustive,2,1.0,1.0,1.0,1.0,1.0,1.0,0.0,0.0,0.0,1.0,0.0,1.0,0.0,0.0,1,1,1,0,0,1,1,1.0,1.0,1.0,""
"jl4/examples/legal/regcf/regcf.l4","`disclosure requirements are met`",false,true,measured,,3,3,5,0,exhaustive,8,1.75,1.75,1.75,1.75,1.75,1.75,1.5,1.5,1.5,1.75,0.0,1.0,0.0,0.0,3,3,3,3,3,3,5,1.75,1.75,1.75,""
"jl4/examples/legal/regcf/regcf.l4","`(a)(3) — conducted through a single complying intermediary`",false,true,measured,,3,3,6,0,exhaustive,8,1.75,1.75,1.75,1.75,1.75,1.75,1.25,1.25,1.25,1.75,0.0,1.0,0.0,0.0,3,3,3,2,2,3,6,1.75,1.75,1.75,""
"jl4/examples/legal/regcf/regcf.l4","`the 21-day public availability period has run`",false,true,measured,,1,1,3,0,exhaustive,2,1.0,1.0,1.0,1.0,1.0,1.0,2.0,2.0,2.0,1.0,0.0,1.0,0.0,0.0,1,1,1,2,2,1,3,1.0,1.0,1.0,""
"jl4/examples/legal/regcf/regcf.l4","`the intermediary has discharged its investor-facing duties`",false,true,measured,,2,2,5,0,exhaustive,4,1.5,1.5,1.5,1.5,1.5,1.5,1.0,1.0,1.0,1.5,0.0,1.0,0.0,0.0,2,2,2,1,1,2,5,1.5,1.5,1.5,""
"jl4/examples/legal/regcf/regcf.l4","`intermediary obligations are met`",false,true,measured,,3,3,4,0,exhaustive,8,1.75,1.75,1.75,1.75,1.75,1.75,1.0,1.0,1.0,1.75,0.0,1.0,0.0,0.0,3,3,3,1,1,3,4,1.75,1.75,1.75,""
"jl4/examples/legal/regcf/regcf.l4","`notice complies with Rule 204(b)`",false,false,measured,,2,2,8,0,exhaustive,4,1.5,1.5,1.5,1.5,1.5,1.5,1.0,1.0,1.0,1.5,0.0,1.0,0.0,0.0,2,2,2,1,1,2,8,1.5,1.5,1.5,""
"jl4/examples/legal/regcf/regcf.l4","`definition — terms of the offering`",false,false,measured-no-atoms,,0,0,3,0,exhaustive,1,0.0,0.0,0.0,0.0,0.0,0.0,0.0,0.0,0.0,0.0,0.0,1.0,0.0,0.0,0,0,0,0,0,0,3,0.0,0.0,0.0,""
"jl4/examples/legal/regcf/regcf.l4","`advertising restriction`",false,false,refused,"Can only visualize, as a ladder diagram, a DECIDE that returns a boolean.",,,,,,,,,,,,,,,,,,,,,,,,,,,,,,,
"jl4/examples/legal/regcf/regcf.l4","`(b)(1) — became an Exchange Act reporting company`",false,true,measured,,1,1,3,0,exhaustive,2,1.0,1.0,1.0,1.0,1.0,1.0,1.0,1.0,1.0,1.0,0.0,1.0,0.0,0.0,1,1,1,1,1,1,3,1.0,1.0,1.0,""
"jl4/examples/legal/regcf/regcf.l4","`(b)(2) — one annual report filed and fewer than 300 holders of record`",false,true,measured,,2,2,4,0,exhaustive,4,1.5,1.5,1.5,1.5,1.5,1.5,2.0,2.0,2.0,1.5,0.0,1.0,0.0,0.0,2,2,2,3,3,2,4,1.5,1.5,1.5,""
"jl4/examples/legal/regcf/regcf.l4","`(b)(3) — three annual reports filed and total assets not exceeding $10,000,000`",false,true,measured,,2,2,4,0,exhaustive,4,1.5,1.5,1.5,1.5,1.5,1.5,2.0,2.0,2.0,1.5,0.0,1.0,0.0,0.0,2,2,2,3,3,2,4,1.5,1.5,1.5,""
"jl4/examples/legal/regcf/regcf.l4","`(b)(4) — all securities repurchased`",false,true,measured,,1,1,3,0,exhaustive,2,1.0,1.0,1.0,1.0,1.0,1.0,1.0,1.0,1.0,1.0,0.0,1.0,0.0,0.0,1,1,1,1,1,1,3,1.0,1.0,1.0,""
"jl4/examples/legal/regcf/regcf.l4","`(b)(5) — liquidated or dissolved`",false,true,measured,,1,1,3,0,exhaustive,2,1.0,1.0,1.0,1.0,1.0,1.0,1.0,1.0,1.0,1.0,0.0,1.0,0.0,0.0,1,1,1,1,1,1,3,1.0,1.0,1.0,""
"jl4/examples/legal/regcf/regcf.l4","`ongoing reporting obligation may terminate`",false,false,measured,,5,5,7,0,exhaustive,32,1.9375,1.9375,1.9375,1.9375,1.9375,1.9375,1.0,1.0,1.0,1.9375,0.0,1.0,0.0,0.0,5,5,5,1,1,5,7,1.9375,1.9375,1.9375,""
"jl4/examples/legal/regcf/regcf.l4","`ongoing reporting obligation`",false,false,refused,"Can only visualize, as a ladder diagram, a DECIDE that returns a boolean.",,,,,,,,,,,,,,,,,,,,,,,,,,,,,,,
"jl4/examples/legal/regcf/regcf.l4","`days since the securities were issued`",false,false,refused,"Can only visualize, as a ladder diagram, a DECIDE that returns a boolean.",,,,,,,,,,,,,,,,,,,,,,,,,,,,,,,
"jl4/examples/legal/regcf/regcf.l4","`the first anniversary of the issuance`",false,false,refused,"Can only visualize, as a ladder diagram, a DECIDE that returns a boolean.",,,,,,,,,,,,,,,,,,,,,,,,,,,,,,,
"jl4/examples/legal/regcf/regcf.l4","`days until the first anniversary of the issuance`",false,false,refused,"Can only visualize, as a ladder diagram, a DECIDE that returns a boolean.",,,,,,,,,,,,,,,,,,,,,,,,,,,,,,,
"jl4/examples/legal/regcf/regcf.l4","`transfer is within the one-year restricted period`",false,true,measured,,1,1,1,0,exhaustive,2,1.0,1.0,1.0,1.0,1.0,1.0,1.0,1.0,1.0,1.0,0.0,1.0,0.0,0.0,1,1,1,1,1,1,1,1.0,1.0,1.0,""
"jl4/examples/legal/regcf/regcf.l4","`(a)(4) — a family or trust transferee, or a death-or-divorce circumstance`",false,true,measured,,6,6,10,0,exhaustive,64,1.9688,1.9688,1.9688,1.9688,1.9688,1.9688,1.0,1.0,1.0,1.9688,0.0,1.0,0.0,0.0,6,6,6,1,1,6,10,1.9688,1.9688,1.9688,""
"jl4/examples/legal/regcf/regcf.l4","`transfer falls within an exception in Rule 501(a)`",false,true,measured,,4,4,14,0,exhaustive,16,1.875,1.875,1.875,1.875,1.875,1.875,1.0,1.0,1.0,1.875,0.0,1.0,0.0,0.0,4,4,4,1,1,4,97,1.875,1.875,1.875,""
"jl4/examples/legal/regcf/regcf.l4","`transfer is permitted`",false,true,measured,,2,2,4,0,exhaustive,4,1.5,1.5,1.5,1.5,1.5,1.5,1.0,1.0,1.0,1.5,0.0,1.0,0.0,0.0,2,2,2,1,1,2,4,1.5,1.5,1.5,""
"jl4/examples/legal/regcf/regcf.l4","`resale restriction`",false,false,refused,"Can only visualize, as a ladder diagram, a DECIDE that returns a boolean.",,,,,,,,,,,,,,,,,,,,,,,,,,,,,,,
"jl4/examples/legal/regcf/regcf.l4","`the transaction qualifies for the section 4(a)(6) exemption`",false,true,measured,,5,5,7,0,exhaustive,32,1.9375,1.9375,1.9375,1.9375,1.9375,1.9375,2.1875,2.1875,2.1875,1.9375,0.0,1.0,0.0,0.0,5,5,5,6,6,5,7,1.9375,1.9375,1.9375,""
"jl4/examples/legal/regcf/regcf.l4","`a clean issuer`",false,false,refused,"Can only visualize, as a ladder diagram, a DECIDE that returns a boolean.",,,,,,,,,,,,,,,,,,,,,,,,,,,,,,,
"jl4/examples/legal/regcf/regcf.l4","`a foreign issuer`",false,false,refused,"Can only visualize, as a ladder diagram, a DECIDE that returns a boolean.",,,,,,,,,,,,,,,,,,,,,,,,,,,,,,,
"jl4/examples/legal/regcf/regcf.l4","`a delinquent issuer`",false,false,refused,"Can only visualize, as a ladder diagram, a DECIDE that returns a boolean.",,,,,,,,,,,,,,,,,,,,,,,,,,,,,,,
"jl4/examples/legal/regcf/regcf.l4","`a blank-check issuer`",false,false,refused,"Can only visualize, as a ladder diagram, a DECIDE that returns a boolean.",,,,,,,,,,,,,,,,,,,,,,,,,,,,,,,
"jl4/examples/legal/regcf/regcf.l4","`an offering of`",false,false,refused,"Can only visualize, as a ladder diagram, a DECIDE that returns a boolean.",,,,,,,,,,,,,,,,,,,,,,,,,,,,,,,
"jl4/examples/legal/regcf/regcf.l4","`an investor with`",false,false,refused,"Can only visualize, as a ladder diagram, a DECIDE that returns a boolean.",,,,,,,,,,,,,,,,,,,,,,,,,,,,,,,
"jl4/examples/legal/regcf/regcf.l4","`an arrangement with`",false,false,refused,"Can only visualize, as a ladder diagram, a DECIDE that returns a boolean.",,,,,,,,,,,,,,,,,,,,,,,,,,,,,,,
"jl4/examples/legal/regcf/regcf.l4","`a reporting status with`",false,false,refused,"Can only visualize, as a ladder diagram, a DECIDE that returns a boolean.",,,,,,,,,,,,,,,,,,,,,,,,,,,,,,,
"jl4/examples/legal/regcf/regcf.l4","`the fixture issuance date`",false,false,refused,"Can only visualize, as a ladder diagram, a DECIDE that returns a boolean.",,,,,,,,,,,,,,,,,,,,,,,,,,,,,,,
"jl4/examples/legal/regcf/regcf.l4","`a transfer at`",false,false,refused,"Can only visualize, as a ladder diagram, a DECIDE that returns a boolean.",,,,,,,,,,,,,,,,,,,,,,,,,,,,,,,
"jl4/examples/legal/regcf/regcf.l4","certified",false,false,refused,"Can only visualize, as a ladder diagram, a DECIDE that returns a boolean.",,,,,,,,,,,,,,,,,,,,,,,,,,,,,,,
"jl4/examples/legal/regcf/regcf.l4","reviewed",false,false,refused,"Can only visualize, as a ladder diagram, a DECIDE that returns a boolean.",,,,,,,,,,,,,,,,,,,,,,,,,,,,,,,
"jl4/examples/legal/regcf/regcf.l4","audited",false,false,refused,"Can only visualize, as a ladder diagram, a DECIDE that returns a boolean.",,,,,,,,,,,,,,,,,,,,,,,,,,,,,,,
"jl4/examples/legal/regcf/regcf.l4","`a conforming notice`",false,false,refused,"Can only visualize, as a ladder diagram, a DECIDE that returns a boolean.",,,,,,,,,,,,,,,,,,,,,,,,,,,,,,,
"jl4/examples/legal/regcf/regcf.l4","`an overreaching notice`",false,false,refused,"Can only visualize, as a ladder diagram, a DECIDE that returns a boolean.",,,,,,,,,,,,,,,,,,,,,,,,,,,,,,,
"jl4/examples/legal/regcf/regcf.l4","`a notice with no platform link`",false,false,refused,"Can only visualize, as a ladder diagram, a DECIDE that returns a boolean.",,,,,,,,,,,,,,,,,,,,,,,,,,,,,,,
"jl4/examples/legal/regcf/regcf.l4","`a transfer from`",false,false,refused,"Can only visualize, as a ladder diagram, a DECIDE that returns a boolean.",,,,,,,,,,,,,,,,,,,,,,,,,,,,,,,
"jl4/examples/legal/regcf/regcf.l4","`a transfer under limb (4) at`",false,false,refused,"Can only visualize, as a ladder diagram, a DECIDE that returns a boolean.",,,,,,,,,,,,,,,,,,,,,,,,,,,,,,,
"jl4/examples/legal/regcf/regcf.l4","`a conforming filing`",false,false,refused,"Can only visualize, as a ladder diagram, a DECIDE that returns a boolean.",,,,,,,,,,,,,,,,,,,,,,,,,,,,,,,
"jl4/examples/legal/regcf/regcf.l4","`the base case qualifies`",false,false,measured,,1,1,1,0,exhaustive,2,1.0,1.0,1.0,1.0,1.0,1.0,2.0,2.0,2.0,1.0,0.0,1.0,0.0,0.0,1,1,1,2,2,1,1,1.0,1.0,1.0,""
"jl4/examples/legal/regcf/regcf.l4","`the delinquent-issuer case qualifies`",false,false,measured,,1,1,1,0,exhaustive,2,1.0,1.0,1.0,1.0,1.0,1.0,2.0,2.0,2.0,1.0,0.0,1.0,0.0,0.0,1,1,1,2,2,1,1,1.0,1.0,1.0,""
"jl4/examples/legal/regcf/regcf.l4","`the over-limit-investor case qualifies`",false,false,measured,,1,1,1,0,exhaustive,2,1.0,1.0,1.0,1.0,1.0,1.0,2.0,2.0,2.0,1.0,0.0,1.0,0.0,0.0,1,1,1,2,2,1,1,1.0,1.0,1.0,""
"jl4/examples/legal/regcf/regcf.l4","`the short-availability case qualifies`",false,false,measured,,1,1,1,0,exhaustive,2,1.0,1.0,1.0,1.0,1.0,1.0,2.0,2.0,2.0,1.0,0.0,1.0,0.0,0.0,1,1,1,2,2,1,1,1.0,1.0,1.0,""
"jl4/examples/legal/regcf/regcf.l4","`the under-assured-financials case qualifies`",false,false,measured,,1,1,1,0,exhaustive,2,1.0,1.0,1.0,1.0,1.0,1.0,2.0,2.0,2.0,1.0,0.0,1.0,0.0,0.0,1,1,1,2,2,1,1,1.0,1.0,1.0,""
"jl4/examples/legal/regcf/regcf.l4","`W offering`",false,false,refused,"Can only visualize, as a ladder diagram, a DECIDE that returns a boolean.",,,,,,,,,,,,,,,,,,,,,,,,,,,,,,,
"jl4/examples/legal/regcf/regcf.l4","`W within the limit in 2016`",false,false,measured,,1,1,1,0,exhaustive,2,1.0,1.0,1.0,1.0,1.0,1.0,0.0,0.0,0.0,1.0,0.0,1.0,0.0,0.0,1,1,1,0,0,1,1,1.0,1.0,1.0,""
"jl4/examples/legal/regcf/regcf.l4","`W within the limit in 2021 January`",false,false,measured,,1,1,1,0,exhaustive,2,1.0,1.0,1.0,1.0,1.0,1.0,0.0,0.0,0.0,1.0,0.0,1.0,0.0,0.0,1,1,1,0,0,1,1,1.0,1.0,1.0,""
"jl4/examples/legal/regcf/regcf.l4","`W within the limit in 2021 June`",false,false,measured,,1,1,1,0,exhaustive,2,1.0,1.0,1.0,1.0,1.0,1.0,0.0,0.0,0.0,1.0,0.0,1.0,0.0,0.0,1,1,1,0,0,1,1,1.0,1.0,1.0,""
"jl4/examples/legal/regcf/regcf.l4","`the cut point the day before the 2017 adjustment`",false,false,refused,"Can only visualize, as a ladder diagram, a DECIDE that returns a boolean.",,,,,,,,,,,,,,,,,,,,,,,,,,,,,,,
"jl4/examples/legal/regcf/regcf.l4","`the cut point on the day of the 2017 adjustment`",false,false,refused,"Can only visualize, as a ladder diagram, a DECIDE that returns a boolean.",,,,,,,,,,,,,,,,,,,,,,,,,,,,,,,
"jl4/examples/legal/regcf/regcf.l4","`I-3 investor`",false,false,refused,"Can only visualize, as a ladder diagram, a DECIDE that returns a boolean.",,,,,,,,,,,,,,,,,,,,,,,,,,,,,,,
"jl4/examples/legal/regcf/regcf.l4","`I-3 limit under the 2022 rules`",false,false,refused,"Can only visualize, as a ladder diagram, a DECIDE that returns a boolean.",,,,,,,,,,,,,,,,,,,,,,,,,,,,,,,
"jl4/examples/legal/regcf/regcf.l4","`I-3 limit under the 2023 rules`",false,false,refused,"Can only visualize, as a ladder diagram, a DECIDE that returns a boolean.",,,,,,,,,,,,,,,,,,,,,,,,,,,,,,,
"jl4/examples/legal/regcf/regcf.l4","`I-4 investor`",false,false,refused,"Can only visualize, as a ladder diagram, a DECIDE that returns a boolean.",,,,,,,,,,,,,,,,,,,,,,,,,,,,,,,
"jl4/examples/legal/regcf/regcf.l4","`I-4 limit under the 2022 rules`",false,false,refused,"Can only visualize, as a ladder diagram, a DECIDE that returns a boolean.",,,,,,,,,,,,,,,,,,,,,,,,,,,,,,,
"jl4/examples/legal/regcf/regcf.l4","`the percentage case under the 2019 rules`",false,false,refused,"Can only visualize, as a ladder diagram, a DECIDE that returns a boolean.",,,,,,,,,,,,,,,,,,,,,,,,,,,,,,,
"jl4/examples/legal/regcf/regcf.l4","`A investor`",false,false,refused,"Can only visualize, as a ladder diagram, a DECIDE that returns a boolean.",,,,,,,,,,,,,,,,,,,,,,,,,,,,,,,
"jl4/examples/legal/regcf/regcf.l4","`A is within the limit under the 2021 rules`",false,false,measured,,1,1,1,0,exhaustive,2,1.0,1.0,1.0,1.0,1.0,1.0,0.0,0.0,0.0,1.0,0.0,1.0,0.0,0.0,1,1,1,0,0,1,1,1.0,1.0,1.0,""
"jl4/examples/legal/regcf/regcf.l4","`A is within the limit under the 2019 rules`",false,false,measured,,1,1,1,0,exhaustive,2,1.0,1.0,1.0,1.0,1.0,1.0,0.0,0.0,0.0,1.0,0.0,1.0,0.0,0.0,1,1,1,0,0,1,1,1.0,1.0,1.0,""
"jl4/examples/legal/regcf/regcf.l4","`F offering`",false,false,refused,"Can only visualize, as a ladder diagram, a DECIDE that returns a boolean.",,,,,,,,,,,,,,,,,,,,,,,,,,,,,,,
"jl4/examples/legal/regcf/regcf.l4","`F requirement under the 2019 rules`",false,false,refused,"Can only visualize, as a ladder diagram, a DECIDE that returns a boolean.",,,,,,,,,,,,,,,,,,,,,,,,,,,,,,,
"jl4/examples/legal/regcf/regcf.l4","`F requirement under the 2023 rules`",false,false,refused,"Can only visualize, as a ladder diagram, a DECIDE that returns a boolean.",,,,,,,,,,,,,,,,,,,,,,,,,,,,,,,
"jl4/examples/legal/regcf/regcf.l4","`a small offering inside the COVID window`",false,false,refused,"Can only visualize, as a ladder diagram, a DECIDE that returns a boolean.",,,,,,,,,,,,,,,,,,,,,,,,,,,,,,,
"jl4/examples/legal/regcf/regcf.l4","`a large offering inside the COVID window`",false,false,refused,"Can only visualize, as a ladder diagram, a DECIDE that returns a boolean.",,,,,,,,,,,,,,,,,,,,,,,,,,,,,,,
"jl4/examples/legal/regcf/regcf-wizard.l4","`three digits of`",false,false,refused,"Can only visualize, as a ladder diagram, a DECIDE that returns a boolean.",,,,,,,,,,,,,,,,,,,,,,,,,,,,,,,
"jl4/examples/legal/regcf/regcf-wizard.l4","grouped",false,false,refused,"Can only visualize, as a ladder diagram, a DECIDE that returns a boolean.",,,,,,,,,,,,,,,,,,,,,,,,,,,,,,,
"jl4/examples/legal/regcf/regcf-wizard.l4","dollars",false,false,refused,"Can only visualize, as a ladder diagram, a DECIDE that returns a boolean.",,,,,,,,,,,,,,,,,,,,,,,,,,,,,,,
"jl4/examples/legal/regcf/regcf-wizard.l4","`never below zero`",false,false,refused,"Can only visualize, as a ladder diagram, a DECIDE that returns a boolean.",,,,,,,,,,,,,,,,,,,,,,,,,,,,,,,
"jl4/examples/legal/regcf/regcf-wizard.l4","`issuer profile from`",false,false,refused,"Can only visualize, as a ladder diagram, a DECIDE that returns a boolean.",,,,,,,,,,,,,,,,,,,,,,,,,,,,,,,
"jl4/examples/legal/regcf/regcf-wizard.l4","`offering from`",false,false,refused,"Can only visualize, as a ladder diagram, a DECIDE that returns a boolean.",,,,,,,,,,,,,,,,,,,,,,,,,,,,,,,
"jl4/examples/legal/regcf/regcf-wizard.l4","`investor profile from`",false,false,refused,"Can only visualize, as a ladder diagram, a DECIDE that returns a boolean.",,,,,,,,,,,,,,,,,,,,,,,,,,,,,,,
"jl4/examples/legal/regcf/regcf-wizard.l4","`transfer from`",false,false,refused,"Can only visualize, as a ladder diagram, a DECIDE that returns a boolean.",,,,,,,,,,,,,,,,,,,,,,,,,,,,,,,
"jl4/examples/legal/regcf/regcf-wizard.l4","`reporting status from`",false,false,refused,"Can only visualize, as a ladder diagram, a DECIDE that returns a boolean.",,,,,,,,,,,,,,,,,,,,,,,,,,,,,,,
"jl4/examples/legal/regcf/regcf-wizard.l4","`an investor with income and net worth both`",false,false,refused,"Can only visualize, as a ladder diagram, a DECIDE that returns a boolean.",,,,,,,,,,,,,,,,,,,,,,,,,,,,,,,
"jl4/examples/legal/regcf/regcf-wizard.l4","`limb (i) probe`",false,false,refused,"Can only visualize, as a ladder diagram, a DECIDE that returns a boolean.",,,,,,,,,,,,,,,,,,,,,,,,,,,,,,,
"jl4/examples/legal/regcf/regcf-wizard.l4","`limb (ii) probe`",false,false,refused,"Can only visualize, as a ladder diagram, a DECIDE that returns a boolean.",,,,,,,,,,,,,,,,,,,,,,,,,,,,,,,
"jl4/examples/legal/regcf/regcf-wizard.l4","`limb (i) percentage`",false,false,refused,"Can only visualize, as a ladder diagram, a DECIDE that returns a boolean.",,,,,,,,,,,,,,,,,,,,,,,,,,,,,,,
"jl4/examples/legal/regcf/regcf-wizard.l4","`limb (ii) percentage`",false,false,refused,"Can only visualize, as a ladder diagram, a DECIDE that returns a boolean.",,,,,,,,,,,,,,,,,,,,,,,,,,,,,,,
"jl4/examples/legal/regcf/regcf-wizard.l4","`aggregate for this raise`",false,false,refused,"Can only visualize, as a ladder diagram, a DECIDE that returns a boolean.",,,,,,,,,,,,,,,,,,,,,,,,,,,,,,,
"jl4/examples/legal/regcf/regcf-wizard.l4","`headroom left`",false,false,refused,"Can only visualize, as a ladder diagram, a DECIDE that returns a boolean.",,,,,,,,,,,,,,,,,,,,,,,,,,,,,,,
"jl4/examples/legal/regcf/regcf-wizard.l4","`blockers considered`",false,false,refused,"Can only visualize, as a ladder diagram, a DECIDE that returns a boolean.",,,,,,,,,,,,,,,,,,,,,,,,,,,,,,,
"jl4/examples/legal/regcf/regcf-wizard.l4","`blockers for`",false,false,refused,"Can only visualize, as a ladder diagram, a DECIDE that returns a boolean.",,,,,,,,,,,,,,,,,,,,,,,,,,,,,,,
"jl4/examples/legal/regcf/regcf-wizard.l4","`why those financial statements for`",false,false,refused,"Can only visualize, as a ladder diagram, a DECIDE that returns a boolean.",,,,,,,,,,,,,,,,,,,,,,,,,,,,,,,
"jl4/examples/legal/regcf/regcf-wizard.l4","`what you must still line up`",false,false,refused,"Can only visualize, as a ladder diagram, a DECIDE that returns a boolean.",,,,,,,,,,,,,,,,,,,,,,,,,,,,,,,
"jl4/examples/legal/regcf/regcf-wizard.l4","`after you raise you must`",false,false,refused,"Can only visualize, as a ladder diagram, a DECIDE that returns a boolean.",,,,,,,,,,,,,,,,,,,,,,,,,,,,,,,
"jl4/examples/legal/regcf/regcf-wizard.l4","`raise caveats`",false,false,refused,"Can only visualize, as a ladder diagram, a DECIDE that returns a boolean.",,,,,,,,,,,,,,,,,,,,,,,,,,,,,,,
"jl4/examples/legal/regcf/regcf-wizard.l4","`law as in force`",false,false,refused,"Can only visualize, as a ladder diagram, a DECIDE that returns a boolean.",,,,,,,,,,,,,,,,,,,,,,,,,,,,,,,
"jl4/examples/legal/regcf/regcf-wizard.l4","`limit for`",false,false,refused,"Can only visualize, as a ladder diagram, a DECIDE that returns a boolean.",,,,,,,,,,,,,,,,,,,,,,,,,,,,,,,
"jl4/examples/legal/regcf/regcf-wizard.l4","`limit if any for`",false,false,refused,"Can only visualize, as a ladder diagram, a DECIDE that returns a boolean.",,,,,,,,,,,,,,,,,,,,,,,,,,,,,,,
"jl4/examples/legal/regcf/regcf-wizard.l4","`still investable for`",false,false,refused,"Can only visualize, as a ladder diagram, a DECIDE that returns a boolean.",,,,,,,,,,,,,,,,,,,,,,,,,,,,,,,
"jl4/examples/legal/regcf/regcf-wizard.l4","`which limb for`",false,false,refused,"Can only visualize, as a ladder diagram, a DECIDE that returns a boolean.",,,,,,,,,,,,,,,,,,,,,,,,,,,,,,,
"jl4/examples/legal/regcf/regcf-wizard.l4","`how the limit is worked out for`",false,false,refused,"Can only visualize, as a ladder diagram, a DECIDE that returns a boolean.",,,,,,,,,,,,,,,,,,,,,,,,,,,,,,,
"jl4/examples/legal/regcf/regcf-wizard.l4","`investment caveats`",false,false,refused,"Can only visualize, as a ladder diagram, a DECIDE that returns a boolean.",,,,,,,,,,,,,,,,,,,,,,,,,,,,,,,
"jl4/examples/legal/regcf/regcf-wizard.l4","`days still to wait for`",false,false,refused,"Can only visualize, as a ladder diagram, a DECIDE that returns a boolean.",,,,,,,,,,,,,,,,,,,,,,,,,,,,,,,
"jl4/examples/legal/regcf/regcf-wizard.l4","`which part of Rule 501(a)(4) applies to`",false,false,refused,"Can only visualize, as a ladder diagram, a DECIDE that returns a boolean.",,,,,,,,,,,,,,,,,,,,,,,,,,,,,,,
"jl4/examples/legal/regcf/regcf-wizard.l4","`why the transfer stands or falls for`",false,false,refused,"Can only visualize, as a ladder diagram, a DECIDE that returns a boolean.",,,,,,,,,,,,,,,,,,,,,,,,,,,,,,,
"jl4/examples/legal/regcf/regcf-wizard.l4","`resale caveats`",false,false,refused,"Can only visualize, as a ladder diagram, a DECIDE that returns a boolean.",,,,,,,,,,,,,,,,,,,,,,,,,,,,,,,
"jl4/examples/legal/regcf/regcf-wizard.l4","`termination conditions considered`",false,false,refused,"Can only visualize, as a ladder diagram, a DECIDE that returns a boolean.",,,,,,,,,,,,,,,,,,,,,,,,,,,,,,,
"jl4/examples/legal/regcf/regcf-wizard.l4","`termination conditions met by`",false,false,refused,"Can only visualize, as a ladder diagram, a DECIDE that returns a boolean.",,,,,,,,,,,,,,,,,,,,,,,,,,,,,,,
"jl4/examples/legal/regcf/regcf-wizard.l4","`while the duty runs you must`",false,false,refused,"Can only visualize, as a ladder diagram, a DECIDE that returns a boolean.",,,,,,,,,,,,,,,,,,,,,,,,,,,,,,,
"jl4/examples/legal/regcf/regcf-wizard.l4","`reporting caveats`",false,false,refused,"Can only visualize, as a ladder diagram, a DECIDE that returns a boolean.",,,,,,,,,,,,,,,,,,,,,,,,,,,,,,,
"jl4/examples/legal/regcf/regcf-wizard.l4","`raise check`",true,false,refused,"Can only visualize, as a ladder diagram, a DECIDE that returns a boolean.",,,,,,,,,,,,,,,,,,,,,,,,,,,,,,,
"jl4/examples/legal/regcf/regcf-wizard.l4","`investment limit check`",true,false,refused,"Can only visualize, as a ladder diagram, a DECIDE that returns a boolean.",,,,,,,,,,,,,,,,,,,,,,,,,,,,,,,
"jl4/examples/legal/regcf/regcf-wizard.l4","`investment limit under the rules effective on`",true,false,refused,"Can only visualize, as a ladder diagram, a DECIDE that returns a boolean.",,,,,,,,,,,,,,,,,,,,,,,,,,,,,,,
"jl4/examples/legal/regcf/regcf-wizard.l4","`resale check`",true,false,refused,"Can only visualize, as a ladder diagram, a DECIDE that returns a boolean.",,,,,,,,,,,,,,,,,,,,,,,,,,,,,,,
"jl4/examples/legal/regcf/regcf-wizard.l4","`reporting exit check`",true,false,refused,"Can only visualize, as a ladder diagram, a DECIDE that returns a boolean.",,,,,,,,,,,,,,,,,,,,,,,,,,,,,,,
"jl4/examples/legal/regcf/regcf-wizard.l4","`can this company raise`",true,false,measured,,2,2,3,0,exhaustive,4,1.5,1.5,1.5,1.5,1.5,1.5,0.0,0.0,0.0,1.5,0.0,1.0,0.0,0.0,2,2,2,0,0,2,3,1.5,1.5,1.5,""
"jl4/examples/legal/regcf/regcf-wizard.l4","`a clean plan`",false,false,refused,"Can only visualize, as a ladder diagram, a DECIDE that returns a boolean.",,,,,,,,,,,,,,,,,,,,,,,,,,,,,,,
"jl4/examples/legal/regcf/regcf-wizard.l4","`a delinquent plan`",false,false,refused,"Can only visualize, as a ladder diagram, a DECIDE that returns a boolean.",,,,,,,,,,,,,,,,,,,,,,,,,,,,,,,
"jl4/examples/legal/regcf/regcf-wizard.l4","`an over-limit plan`",false,false,refused,"Can only visualize, as a ladder diagram, a DECIDE that returns a boolean.",,,,,,,,,,,,,,,,,,,,,,,,,,,,,,,
"jl4/examples/legal/regcf/regcf-wizard.l4","`the README 3.1 investor`",false,false,refused,"Can only visualize, as a ladder diagram, a DECIDE that returns a boolean.",,,,,,,,,,,,,,,,,,,,,,,,,,,,,,,
"jl4/examples/legal/regcf/regcf-wizard.l4","`a wealthy investor`",false,false,refused,"Can only visualize, as a ladder diagram, a DECIDE that returns a boolean.",,,,,,,,,,,,,,,,,,,,,,,,,,,,,,,
"jl4/examples/legal/regcf/regcf-wizard.l4","`an accredited purchaser`",false,false,refused,"Can only visualize, as a ladder diagram, a DECIDE that returns a boolean.",,,,,,,,,,,,,,,,,,,,,,,,,,,,,,,
"jl4/examples/legal/regcf/regcf-wizard.l4","`a restricted holding`",false,false,refused,"Can only visualize, as a ladder diagram, a DECIDE that returns a boolean.",,,,,,,,,,,,,,,,,,,,,,,,,,,,,,,
"jl4/examples/legal/regcf/regcf-wizard.l4","`a holding sold to an accredited buyer`",false,false,refused,"Can only visualize, as a ladder diagram, a DECIDE that returns a boolean.",,,,,,,,,,,,,,,,,,,,,,,,,,,,,,,
"jl4/examples/legal/regcf/regcf-wizard.l4","`a holding sold after the purchaser died`",false,false,refused,"Can only visualize, as a ladder diagram, a DECIDE that returns a boolean.",,,,,,,,,,,,,,,,,,,,,,,,,,,,,,,
"jl4/examples/legal/regcf/regcf-wizard.l4","`a holding transferred to a family member`",false,false,refused,"Can only visualize, as a ladder diagram, a DECIDE that returns a boolean.",,,,,,,,,,,,,,,,,,,,,,,,,,,,,,,
"jl4/examples/legal/regcf/regcf-wizard.l4","`a holding transferred to a trust you control`",false,false,refused,"Can only visualize, as a ladder diagram, a DECIDE that returns a boolean.",,,,,,,,,,,,,,,,,,,,,,,,,,,,,,,
"jl4/examples/legal/regcf/regcf-wizard.l4","`a holding transferred to a family trust`",false,false,refused,"Can only visualize, as a ladder diagram, a DECIDE that returns a boolean.",,,,,,,,,,,,,,,,,,,,,,,,,,,,,,,
"jl4/examples/legal/regcf/regcf-wizard.l4","`a holding transferred in a divorce`",false,false,refused,"Can only visualize, as a ladder diagram, a DECIDE that returns a boolean.",,,,,,,,,,,,,,,,,,,,,,,,,,,,,,,
"jl4/examples/legal/regcf/regcf-wizard.l4","`a holding transferred on a like occasion`",false,false,refused,"Can only visualize, as a ladder diagram, a DECIDE that returns a boolean.",,,,,,,,,,,,,,,,,,,,,,,,,,,,,,,
"jl4/examples/legal/regcf/regcf-wizard.l4","`a filer who may stop`",false,false,refused,"Can only visualize, as a ladder diagram, a DECIDE that returns a boolean.",,,,,,,,,,,,,,,,,,,,,,,,,,,,,,,
"jl4/examples/legal/regcf/regcf-wizard.l4","`a filer who must keep going`",false,false,refused,"Can only visualize, as a ladder diagram, a DECIDE that returns a boolean.",,,,,,,,,,,,,,,,,,,,,,,,,,,,,,,
"jl4/examples/legal/regcf/denovo/regcf-denovo.l4","`the staff reading`",false,false,refused,"Can only visualize, as a ladder diagram, a DECIDE that returns a boolean.",,,,,,,,,,,,,,,,,,,,,,,,,,,,,,,
"jl4/examples/legal/regcf/denovo/regcf-denovo.l4","`the text alone`",false,false,refused,"Can only visualize, as a ladder diagram, a DECIDE that returns a boolean.",,,,,,,,,,,,,,,,,,,,,,,,,,,,,,,
"jl4/examples/legal/regcf/denovo/regcf-denovo.l4","`the 2022 inflation adjustment`",false,false,refused,"Can only visualize, as a ladder diagram, a DECIDE that returns a boolean.",,,,,,,,,,,,,,,,,,,,,,,,,,,,,,,
"jl4/examples/legal/regcf/denovo/regcf-denovo.l4","`the lapse of the COVID-era provisions`",false,false,refused,"Can only visualize, as a ladder diagram, a DECIDE that returns a boolean.",,,,,,,,,,,,,,,,,,,,,,,,,,,,,,,
"jl4/examples/legal/regcf/denovo/regcf-denovo.l4","`the rules in force include`",false,true,measured,,1,1,1,0,exhaustive,2,1.0,1.0,1.0,1.0,1.0,1.0,2.0,2.0,2.0,1.0,0.0,1.0,0.0,0.0,1,1,1,2,2,1,1,1.0,1.0,1.0,""
"jl4/examples/legal/regcf/denovo/regcf-denovo.l4","`the aggregate offering cap`",false,false,refused,"Can only visualize, as a ladder diagram, a DECIDE that returns a boolean.",,,,,,,,,,,,,,,,,,,,,,,,,,,,,,,
"jl4/examples/legal/regcf/denovo/regcf-denovo.l4","`the investor floor`",false,false,refused,"Can only visualize, as a ladder diagram, a DECIDE that returns a boolean.",,,,,,,,,,,,,,,,,,,,,,,,,,,,,,,
"jl4/examples/legal/regcf/denovo/regcf-denovo.l4","`the investor tier boundary`",false,false,refused,"Can only visualize, as a ladder diagram, a DECIDE that returns a boolean.",,,,,,,,,,,,,,,,,,,,,,,,,,,,,,,
"jl4/examples/legal/regcf/denovo/regcf-denovo.l4","`the investor ceiling`",false,false,refused,"Can only visualize, as a ladder diagram, a DECIDE that returns a boolean.",,,,,,,,,,,,,,,,,,,,,,,,,,,,,,,
"jl4/examples/legal/regcf/denovo/regcf-denovo.l4","`the tax return information ceiling`",false,false,refused,"Can only visualize, as a ladder diagram, a DECIDE that returns a boolean.",,,,,,,,,,,,,,,,,,,,,,,,,,,,,,,
"jl4/examples/legal/regcf/denovo/regcf-denovo.l4","`the reviewed statements ceiling`",false,false,refused,"Can only visualize, as a ladder diagram, a DECIDE that returns a boolean.",,,,,,,,,,,,,,,,,,,,,,,,,,,,,,,
"jl4/examples/legal/regcf/denovo/regcf-denovo.l4","`the first-time issuer reviewed ceiling`",false,false,refused,"Can only visualize, as a ladder diagram, a DECIDE that returns a boolean.",,,,,,,,,,,,,,,,,,,,,,,,,,,,,,,
"jl4/examples/legal/regcf/denovo/regcf-denovo.l4","`the disqualification transition date`",false,false,refused,"Can only visualize, as a ladder diagram, a DECIDE that returns a boolean.",,,,,,,,,,,,,,,,,,,,,,,,,,,,,,,
"jl4/examples/legal/regcf/denovo/regcf-denovo.l4","`the net worth grandfather date`",false,false,refused,"Can only visualize, as a ladder diagram, a DECIDE that returns a boolean.",,,,,,,,,,,,,,,,,,,,,,,,,,,,,,,
"jl4/examples/legal/regcf/denovo/regcf-denovo.l4","`the 2021 amendments`",false,false,refused,"Can only visualize, as a ladder diagram, a DECIDE that returns a boolean.",,,,,,,,,,,,,,,,,,,,,,,,,,,,,,,
"jl4/examples/legal/regcf/denovo/regcf-denovo.l4","`the total assets ceiling ending ongoing reporting`",false,false,refused,"Can only visualize, as a ladder diagram, a DECIDE that returns a boolean.",,,,,,,,,,,,,,,,,,,,,,,,,,,,,,,
"jl4/examples/legal/regcf/denovo/regcf-denovo.l4","`the holders of record threshold`",false,false,refused,"Can only visualize, as a ladder diagram, a DECIDE that returns a boolean.",,,,,,,,,,,,,,,,,,,,,,,,,,,,,,,
"jl4/examples/legal/regcf/denovo/regcf-denovo.l4","`the beneficial ownership threshold percent`",false,false,refused,"Can only visualize, as a ladder diagram, a DECIDE that returns a boolean.",,,,,,,,,,,,,,,,,,,,,,,,,,,,,,,
"jl4/examples/legal/regcf/denovo/regcf-denovo.l4","`the related party materiality percent`",false,false,refused,"Can only visualize, as a ladder diagram, a DECIDE that returns a boolean.",,,,,,,,,,,,,,,,,,,,,,,,,,,,,,,
"jl4/examples/legal/regcf/denovo/regcf-denovo.l4","`the first progress update threshold percent`",false,false,refused,"Can only visualize, as a ladder diagram, a DECIDE that returns a boolean.",,,,,,,,,,,,,,,,,,,,,,,,,,,,,,,
"jl4/examples/legal/regcf/denovo/regcf-denovo.l4","`the second progress update threshold percent`",false,false,refused,"Can only visualize, as a ladder diagram, a DECIDE that returns a boolean.",,,,,,,,,,,,,,,,,,,,,,,,,,,,,,,
"jl4/examples/legal/regcf/denovo/regcf-denovo.l4","`the lower investment limit rate percent`",false,false,refused,"Can only visualize, as a ladder diagram, a DECIDE that returns a boolean.",,,,,,,,,,,,,,,,,,,,,,,,,,,,,,,
"jl4/examples/legal/regcf/denovo/regcf-denovo.l4","`the upper investment limit rate percent`",false,false,refused,"Can only visualize, as a ladder diagram, a DECIDE that returns a boolean.",,,,,,,,,,,,,,,,,,,,,,,,,,,,,,,
"jl4/examples/legal/regcf/denovo/regcf-denovo.l4","`the aggregation window in months`",false,false,refused,"Can only visualize, as a ladder diagram, a DECIDE that returns a boolean.",,,,,,,,,,,,,,,,,,,,,,,,,,,,,,,
"jl4/examples/legal/regcf/denovo/regcf-denovo.l4","`the annual report deadline in days`",false,false,refused,"Can only visualize, as a ladder diagram, a DECIDE that returns a boolean.",,,,,,,,,,,,,,,,,,,,,,,,,,,,,,,
"jl4/examples/legal/regcf/denovo/regcf-denovo.l4","`the beneficial owner measurement window in days`",false,false,refused,"Can only visualize, as a ladder diagram, a DECIDE that returns a boolean.",,,,,,,,,,,,,,,,,,,,,,,,,,,,,,,
"jl4/examples/legal/regcf/denovo/regcf-denovo.l4","`the financial statement staleness window in days`",false,false,refused,"Can only visualize, as a ladder diagram, a DECIDE that returns a boolean.",,,,,,,,,,,,,,,,,,,,,,,,,,,,,,,
"jl4/examples/legal/regcf/denovo/regcf-denovo.l4","`the minimum public availability in days`",false,false,refused,"Can only visualize, as a ladder diagram, a DECIDE that returns a boolean.",,,,,,,,,,,,,,,,,,,,,,,,,,,,,,,
"jl4/examples/legal/regcf/denovo/regcf-denovo.l4","`the cancellation cut-off in hours`",false,false,refused,"Can only visualize, as a ladder diagram, a DECIDE that returns a boolean.",,,,,,,,,,,,,,,,,,,,,,,,,,,,,,,
"jl4/examples/legal/regcf/denovo/regcf-denovo.l4","`five business days`",false,false,refused,"Can only visualize, as a ladder diagram, a DECIDE that returns a boolean.",,,,,,,,,,,,,,,,,,,,,,,,,,,,,,,
"jl4/examples/legal/regcf/denovo/regcf-denovo.l4","`the portal registration effectiveness in days`",false,false,refused,"Can only visualize, as a ladder diagram, a DECIDE that returns a boolean.",,,,,,,,,,,,,,,,,,,,,,,,,,,,,,,
"jl4/examples/legal/regcf/denovo/regcf-denovo.l4","`the portal amendment window in days`",false,false,refused,"Can only visualize, as a ladder diagram, a DECIDE that returns a boolean.",,,,,,,,,,,,,,,,,,,,,,,,,,,,,,,
"jl4/examples/legal/regcf/denovo/regcf-denovo.l4","`the predecessor deemed withdrawal in days`",false,false,refused,"Can only visualize, as a ladder diagram, a DECIDE that returns a boolean.",,,,,,,,,,,,,,,,,,,,,,,,,,,,,,,
"jl4/examples/legal/regcf/denovo/regcf-denovo.l4","`the re-certification window in days`",false,false,refused,"Can only visualize, as a ladder diagram, a DECIDE that returns a boolean.",,,,,,,,,,,,,,,,,,,,,,,,,,,,,,,
"jl4/examples/legal/regcf/denovo/regcf-denovo.l4","`the section 241 communication window in days`",false,false,refused,"Can only visualize, as a ladder diagram, a DECIDE that returns a boolean.",,,,,,,,,,,,,,,,,,,,,,,,,,,,,,,
"jl4/examples/legal/regcf/denovo/regcf-denovo.l4","`the resale restriction in years`",false,false,refused,"Can only visualize, as a ladder diagram, a DECIDE that returns a boolean.",,,,,,,,,,,,,,,,,,,,,,,,,,,,,,,
"jl4/examples/legal/regcf/denovo/regcf-denovo.l4","`the reporting delinquency window in years`",false,false,refused,"Can only visualize, as a ladder diagram, a DECIDE that returns a boolean.",,,,,,,,,,,,,,,,,,,,,,,,,,,,,,,
"jl4/examples/legal/regcf/denovo/regcf-denovo.l4","`the business experience window in years`",false,false,refused,"Can only visualize, as a ladder diagram, a DECIDE that returns a boolean.",,,,,,,,,,,,,,,,,,,,,,,,,,,,,,,
"jl4/examples/legal/regcf/denovo/regcf-denovo.l4","`the power of attorney retention in years`",false,false,refused,"Can only visualize, as a ladder diagram, a DECIDE that returns a boolean.",,,,,,,,,,,,,,,,,,,,,,,,,,,,,,,
"jl4/examples/legal/regcf/denovo/regcf-denovo.l4","`the record retention in years`",false,false,refused,"Can only visualize, as a ladder diagram, a DECIDE that returns a boolean.",,,,,,,,,,,,,,,,,,,,,,,,,,,,,,,
"jl4/examples/legal/regcf/denovo/regcf-denovo.l4","`the easily accessible retention in years`",false,false,refused,"Can only visualize, as a ladder diagram, a DECIDE that returns a boolean.",,,,,,,,,,,,,,,,,,,,,,,,,,,,,,,
"jl4/examples/legal/regcf/denovo/regcf-denovo.l4","`the ten year disqualification lookback`",false,false,refused,"Can only visualize, as a ladder diagram, a DECIDE that returns a boolean.",,,,,,,,,,,,,,,,,,,,,,,,,,,,,,,
"jl4/examples/legal/regcf/denovo/regcf-denovo.l4","`the five year disqualification lookback`",false,false,refused,"Can only visualize, as a ladder diagram, a DECIDE that returns a boolean.",,,,,,,,,,,,,,,,,,,,,,,,,,,,,,,
"jl4/examples/legal/regcf/denovo/regcf-denovo.l4","`the accredited investor net worth threshold`",false,false,refused,"Can only visualize, as a ladder diagram, a DECIDE that returns a boolean.",,,,,,,,,,,,,,,,,,,,,,,,,,,,,,,
"jl4/examples/legal/regcf/denovo/regcf-denovo.l4","`the accredited investor individual income threshold`",false,false,refused,"Can only visualize, as a ladder diagram, a DECIDE that returns a boolean.",,,,,,,,,,,,,,,,,,,,,,,,,,,,,,,
"jl4/examples/legal/regcf/denovo/regcf-denovo.l4","`the accredited investor joint income threshold`",false,false,refused,"Can only visualize, as a ladder diagram, a DECIDE that returns a boolean.",,,,,,,,,,,,,,,,,,,,,,,,,,,,,,,
"jl4/examples/legal/regcf/denovo/regcf-denovo.l4","`business days after`",false,false,refused,"Can only visualize, as a ladder diagram, a DECIDE that returns a boolean.",,,,,,,,,,,,,,,,,,,,,,,,,,,,,,,
"jl4/examples/legal/regcf/denovo/regcf-denovo.l4","`rolled forward off a weekend`",false,false,refused,"Can only visualize, as a ladder diagram, a DECIDE that returns a boolean.",,,,,,,,,,,,,,,,,,,,,,,,,,,,,,,
"jl4/examples/legal/regcf/denovo/regcf-denovo.l4","`(C) — the indebtedness in excess of the fair market value`",false,false,refused,"Can only visualize, as a ladder diagram, a DECIDE that returns a boolean.",,,,,,,,,,,,,,,,,,,,,,,,,,,,,,,
"jl4/examples/legal/regcf/denovo/regcf-denovo.l4","`(B) — the increase in the indebtedness in the 60 days before the sale`",false,false,refused,"Can only visualize, as a ladder diagram, a DECIDE that returns a boolean.",,,,,,,,,,,,,,,,,,,,,,,,,,,,,,,
"jl4/examples/legal/regcf/denovo/regcf-denovo.l4","`net worth computed under paragraph (a)(5)(i)`",false,false,refused,"Can only visualize, as a ladder diagram, a DECIDE that returns a boolean.",,,,,,,,,,,,,,,,,,,,,,,,,,,,,,,
"jl4/examples/legal/regcf/denovo/regcf-denovo.l4","`paragraph (a)(5)(i) does not apply to this calculation`",false,false,measured,,4,4,8,0,exhaustive,16,1.875,1.875,1.875,1.875,1.875,1.875,1.0,1.0,1.0,1.875,0.0,1.0,0.0,0.0,4,4,4,1,1,4,8,1.875,1.875,1.875,""
"jl4/examples/legal/regcf/denovo/regcf-denovo.l4","`the investor's net worth`",false,false,refused,"Can only visualize, as a ladder diagram, a DECIDE that returns a boolean.",,,,,,,,,,,,,,,,,,,,,,,,,,,,,,,
"jl4/examples/legal/regcf/denovo/regcf-denovo.l4","`(a)(5) — net worth exceeds one million dollars`",false,true,measured,,1,1,3,0,exhaustive,2,1.0,1.0,1.0,1.0,1.0,1.0,1.0,1.0,1.0,1.0,0.0,1.0,0.0,0.0,1,1,1,1,1,1,3,1.0,1.0,1.0,""
"jl4/examples/legal/regcf/denovo/regcf-denovo.l4","`(a)(6) — income in each of the two most recent years`",false,true,measured,,3,3,6,0,exhaustive,8,2.25,1.75,1.75,2.25,1.75,1.75,3.75,2.5,2.5,2.25,0.5,0.375,0.125,0.0,3,3,3,5,5,3,6,2.25,1.75,1.75,""
"jl4/examples/legal/regcf/denovo/regcf-denovo.l4","`the investor is an accredited investor`",false,true,measured,,4,5,8,0,exhaustive,16,2.125,1.875,1.875,2.125,1.875,1.875,1.0,1.0,1.0,2.25,0.25,0.6875,6.25e-2,0.0,4,4,4,1,1,4,17,2.125,1.875,2.125,"decl asker stopped earlier than a literal lazy walk (BDD saw determinism the evaluator could not)"
"jl4/examples/legal/regcf/denovo/regcf-denovo.l4","`the vehicle is a crowdfunding vehicle deemed not to be an investment company`",false,true,measured,,9,9,19,0,exhaustive,512,1.9961,1.9961,1.9961,1.9961,1.9961,1.9961,1.0,1.0,1.0,1.9961,0.0,1.0,0.0,0.0,9,9,9,1,1,9,19,1.9961,1.9961,1.9961,""
"jl4/examples/legal/regcf/denovo/regcf-denovo.l4","`the date that many years earlier`",false,false,refused,"Can only visualize, as a ladder diagram, a DECIDE that returns a boolean.",,,,,,,,,,,,,,,,,,,,,,,,,,,,,,,
"jl4/examples/legal/regcf/denovo/regcf-denovo.l4","`falls within the lookback of`",false,true,measured,,1,1,1,0,exhaustive,2,1.0,1.0,1.0,1.0,1.0,1.0,1.0,1.0,1.0,1.0,0.0,1.0,0.0,0.0,1,1,1,1,1,1,1,1.0,1.0,1.0,""
"jl4/examples/legal/regcf/denovo/regcf-denovo.l4","`not caught by the transition in paragraph (b)(1)`",false,true,measured,,1,1,1,0,exhaustive,2,1.0,1.0,1.0,1.0,1.0,1.0,2.0,2.0,2.0,1.0,0.0,1.0,0.0,0.0,1,1,1,2,2,1,1,1.0,1.0,1.0,""
"jl4/examples/legal/regcf/denovo/regcf-denovo.l4","`the conviction lookback in years`",false,false,refused,"Can only visualize, as a ladder diagram, a DECIDE that returns a boolean.",,,,,,,,,,,,,,,,,,,,,,,,,,,,,,,
"jl4/examples/legal/regcf/denovo/regcf-denovo.l4","`the conviction is of a kind described in (i), (ii) or (iii)`",false,true,measured,,3,3,10,0,exhaustive,8,1.75,1.75,1.75,1.75,1.75,1.75,1.0,1.0,1.0,1.75,0.0,1.0,0.0,0.0,3,3,3,1,1,3,33,1.75,1.75,1.75,""
"jl4/examples/legal/regcf/denovo/regcf-denovo.l4","`503(a)(1) — a disqualifying conviction`",false,true,measured,,3,3,5,0,exhaustive,8,1.75,1.75,1.75,1.75,1.75,1.75,2.0,2.0,2.0,1.75,0.0,1.0,0.0,0.0,3,3,3,3,3,3,5,1.75,1.75,1.75,""
"jl4/examples/legal/regcf/denovo/regcf-denovo.l4","`the court order is of a kind described in (i), (ii) or (iii)`",false,true,measured,,3,3,10,0,exhaustive,8,1.75,1.75,1.75,1.75,1.75,1.75,1.0,1.0,1.0,1.75,0.0,1.0,0.0,0.0,3,3,3,1,1,3,33,1.75,1.75,1.75,""
"jl4/examples/legal/regcf/denovo/regcf-denovo.l4","`503(a)(2) — a court order restraining or enjoining`",false,true,measured,,4,4,6,0,exhaustive,16,1.875,1.875,1.875,1.875,1.875,1.875,1.75,1.75,1.75,1.875,0.0,1.0,0.0,0.0,4,4,4,4,4,4,6,1.875,1.875,1.875,""
"jl4/examples/legal/regcf/denovo/regcf-denovo.l4","`the final order bars the person as described in (A), (B) or (C)`",false,true,measured,,3,3,10,0,exhaustive,8,1.75,1.75,1.75,1.75,1.75,1.75,1.0,1.0,1.0,1.75,0.0,1.0,0.0,0.0,3,3,3,1,1,3,33,1.75,1.75,1.75,""
"jl4/examples/legal/regcf/denovo/regcf-denovo.l4","`the final order is a fraud-based order within ten years`",false,true,measured,,2,2,4,0,exhaustive,4,1.5,1.5,1.5,1.5,1.5,1.5,2.5,2.5,2.5,1.5,0.0,1.0,0.0,0.0,2,2,2,4,4,2,4,1.5,1.5,1.5,""
"jl4/examples/legal/regcf/denovo/regcf-denovo.l4","`503(a)(3) — a final order of a State or Federal regulator`",false,true,measured,,4,4,9,0,exhaustive,16,2.125,1.875,1.875,2.125,1.875,1.875,1.625,1.625,1.625,2.125,0.25,0.6875,6.25e-2,0.0,4,4,4,3,3,4,10,2.125,1.875,1.875,""
"jl4/examples/legal/regcf/denovo/regcf-denovo.l4","`the Commission order does what (i), (ii) or (iii) describes`",false,true,measured,,3,3,10,0,exhaustive,8,1.75,1.75,1.75,1.75,1.75,1.75,1.0,1.0,1.0,1.75,0.0,1.0,0.0,0.0,3,3,3,1,1,3,33,1.75,1.75,1.75,""
"jl4/examples/legal/regcf/denovo/regcf-denovo.l4","`503(a)(4) — a Commission registration order`",false,true,measured,,3,3,5,0,exhaustive,8,1.75,1.75,1.75,1.75,1.75,1.75,1.25,1.25,1.25,1.75,0.0,1.0,0.0,0.0,3,3,3,2,2,3,5,1.75,1.75,1.75,""
"jl4/examples/legal/regcf/denovo/regcf-denovo.l4","`the cease-and-desist order is of a kind described in (i) or (ii)`",false,true,measured,,2,2,7,0,exhaustive,4,1.5,1.5,1.5,1.5,1.5,1.5,1.0,1.0,1.0,1.5,0.0,1.0,0.0,0.0,2,2,2,1,1,2,13,1.5,1.5,1.5,""
"jl4/examples/legal/regcf/denovo/regcf-denovo.l4","`503(a)(5) — a Commission cease-and-desist order`",false,true,measured,,4,4,6,0,exhaustive,16,1.875,1.875,1.875,1.875,1.875,1.875,1.75,1.75,1.75,1.875,0.0,1.0,0.0,0.0,4,4,4,4,4,4,6,1.875,1.875,1.875,""
"jl4/examples/legal/regcf/denovo/regcf-denovo.l4","`503(a)(6) — suspension or expulsion by a self-regulatory organisation`",false,true,measured,,2,2,4,0,exhaustive,4,1.5,1.5,1.5,1.5,1.5,1.5,1.5,1.5,1.5,1.5,0.0,1.0,0.0,0.0,2,2,2,2,2,2,4,1.5,1.5,1.5,""
"jl4/examples/legal/regcf/denovo/regcf-denovo.l4","`503(a)(7) — a refused, stopped or suspended registration or Regulation A statement`",false,true,measured,,4,4,8,0,exhaustive,16,2.875,1.875,1.875,2.875,1.875,1.875,2.75,1.75,1.75,2.875,0.75,0.0,0.25,0.0,4,4,4,4,4,4,9,3.125,1.875,1.875,""
"jl4/examples/legal/regcf/denovo/regcf-denovo.l4","`503(a)(8) — a Postal Service false representation order`",false,true,measured,,4,4,8,0,exhaustive,16,2.875,1.875,1.875,2.875,1.875,1.875,2.75,1.75,1.75,2.875,0.75,0.0,0.25,0.0,4,4,4,4,4,4,9,3.125,1.875,1.875,""
"jl4/examples/legal/regcf/denovo/regcf-denovo.l4","`503(c) — the event is excused as a pre-affiliation event of an affiliated issuer`",false,true,measured,,4,4,11,0,exhaustive,16,1.875,1.875,1.875,1.875,1.875,1.875,2.5,2.5,2.5,1.875,0.0,1.0,0.0,0.0,4,4,4,3,3,4,13,1.875,1.875,1.875,""
"jl4/examples/legal/regcf/denovo/regcf-denovo.l4","`a disqualifying event has occurred with respect to the covered person`",false,true,measured,,8,8,9,0,exhaustive,256,1.9922,1.9922,1.9922,1.9922,1.9922,1.9922,2.0,2.0,2.0,1.9922,0.0,1.0,0.0,0.0,8,8,8,2,2,8,9,1.9922,1.9922,1.9922,""
"jl4/examples/legal/regcf/denovo/regcf-denovo.l4","`the covered person is disqualified`",false,true,measured,,3,3,8,0,exhaustive,8,1.75,1.75,1.75,1.75,1.75,1.75,2.0,2.0,2.0,1.75,0.0,1.0,0.0,0.0,3,3,3,2,2,3,9,1.75,1.75,1.75,""
"jl4/examples/legal/regcf/denovo/regcf-denovo.l4","`no exemption is available because of a disqualification`",false,true,measured,,3,3,10,0,exhaustive,8,1.75,1.75,1.75,1.75,1.75,1.75,3.5,3.5,3.5,1.75,0.0,1.0,0.0,0.0,3,3,3,4,4,3,12,1.75,1.75,1.75,""
"jl4/examples/legal/regcf/denovo/regcf-denovo.l4","`the person may not act as or for an intermediary`",false,false,measured,,2,2,5,0,exhaustive,4,1.5,1.5,1.5,1.5,1.5,1.5,1.0,1.0,1.0,1.5,0.0,1.0,0.0,0.0,2,2,2,1,1,2,5,1.5,1.5,1.5,""
"jl4/examples/legal/regcf/denovo/regcf-denovo.l4","`the first anniversary of the issuance`",false,false,refused,"Can only visualize, as a ladder diagram, a DECIDE that returns a boolean.",,,,,,,,,,,,,,,,,,,,,,,,,,,,,,,
"jl4/examples/legal/regcf/denovo/regcf-denovo.l4","`the transfer falls within the one-year restricted period`",false,true,measured,,1,1,1,0,exhaustive,2,1.0,1.0,1.0,1.0,1.0,1.0,1.0,1.0,1.0,1.0,0.0,1.0,0.0,0.0,1,1,1,1,1,1,1,1.0,1.0,1.0,""
"jl4/examples/legal/regcf/denovo/regcf-denovo.l4","`the transfer falls within an exception in § 227.501(a)`",false,true,measured,,4,4,14,0,exhaustive,16,1.875,1.875,1.875,1.875,1.875,1.875,1.0,1.0,1.0,1.875,0.0,1.0,0.0,0.0,4,4,4,1,1,4,97,1.875,1.875,1.875,""
"jl4/examples/legal/regcf/denovo/regcf-denovo.l4","`the transfer is permitted`",false,true,measured,,2,2,4,0,exhaustive,4,1.5,1.5,1.5,1.5,1.5,1.5,1.0,1.0,1.0,1.5,0.0,1.0,0.0,0.0,2,2,2,1,1,2,4,1.5,1.5,1.5,""
"jl4/examples/legal/regcf/denovo/regcf-denovo.l4","`the meaning of ""member of the family of the purchaser or the equivalent""`",false,false,measured-no-atoms,,0,0,4,0,exhaustive,1,0.0,0.0,0.0,0.0,0.0,0.0,0.0,0.0,0.0,0.0,0.0,1.0,0.0,0.0,0,0,0,0,0,0,4,0.0,0.0,0.0,""
"jl4/examples/legal/regcf/denovo/regcf-denovo.l4","`a person to whom securities are offered or sold under this part is a qualified purchaser`",false,false,measured-no-atoms,,0,0,3,0,exhaustive,1,0.0,0.0,0.0,0.0,0.0,0.0,0.0,0.0,0.0,0.0,0.0,1.0,0.0,0.0,0,0,0,0,0,0,3,0.0,0.0,0.0,""
"jl4/examples/legal/regcf/denovo/regcf-denovo.l4","`amount sold in the twelve months running from each closing`",false,false,refused,"Can only visualize, as a ladder diagram, a DECIDE that returns a boolean.",,,,,,,,,,,,,,,,,,,,,,,,,,,,,,,
"jl4/examples/legal/regcf/denovo/regcf-denovo.l4","`the amount already sold in the twelve month window`",false,false,refused,"Can only visualize, as a ladder diagram, a DECIDE that returns a boolean.",,,,,,,,,,,,,,,,,,,,,,,,,,,,,,,
"jl4/examples/legal/regcf/denovo/regcf-denovo.l4","`the amount attributable to this transaction`",false,false,refused,"Can only visualize, as a ladder diagram, a DECIDE that returns a boolean.",,,,,,,,,,,,,,,,,,,,,,,,,,,,,,,
"jl4/examples/legal/regcf/denovo/regcf-denovo.l4","`the issuer's headroom under the twelve month cap`",false,false,refused,"Can only visualize, as a ladder diagram, a DECIDE that returns a boolean.",,,,,,,,,,,,,,,,,,,,,,,,,,,,,,,
"jl4/examples/legal/regcf/denovo/regcf-denovo.l4","`100(a)(1) — the aggregate amount does not exceed the cap`",false,true,measured,,1,1,3,0,exhaustive,2,1.0,1.0,1.0,1.0,1.0,1.0,1.0,1.0,1.0,1.0,0.0,1.0,0.0,0.0,1,1,1,1,1,1,3,1.0,1.0,1.0,""
"jl4/examples/legal/regcf/denovo/regcf-denovo.l4","`the investor's annual income`",false,false,refused,"Can only visualize, as a ladder diagram, a DECIDE that returns a boolean.",,,,,,,,,,,,,,,,,,,,,,,,,,,,,,,
"jl4/examples/legal/regcf/denovo/regcf-denovo.l4","`the first of the investor's two measured quantities`",false,false,refused,"Can only visualize, as a ladder diagram, a DECIDE that returns a boolean.",,,,,,,,,,,,,,,,,,,,,,,,,,,,,,,
"jl4/examples/legal/regcf/denovo/regcf-denovo.l4","`the second of the investor's two measured quantities`",false,false,refused,"Can only visualize, as a ladder diagram, a DECIDE that returns a boolean.",,,,,,,,,,,,,,,,,,,,,,,,,,,,,,,
"jl4/examples/legal/regcf/denovo/regcf-denovo.l4","`the greater of the investor's two measured quantities`",false,false,refused,"Can only visualize, as a ladder diagram, a DECIDE that returns a boolean.",,,,,,,,,,,,,,,,,,,,,,,,,,,,,,,
"jl4/examples/legal/regcf/denovo/regcf-denovo.l4","`both measured quantities are at or above the tier boundary`",false,false,measured,,2,2,3,0,exhaustive,4,1.5,1.5,1.5,1.5,1.5,1.5,1.0,1.0,1.0,1.5,0.0,1.0,0.0,0.0,2,2,2,1,1,2,3,1.5,1.5,1.5,""
"jl4/examples/legal/regcf/denovo/regcf-denovo.l4","`the investment limit for the investor`",false,false,refused,"Can only visualize, as a ladder diagram, a DECIDE that returns a boolean.",,,,,,,,,,,,,,,,,,,,,,,,,,,,,,,
"jl4/examples/legal/regcf/denovo/regcf-denovo.l4","`the amount tested against the investor's limit`",false,false,refused,"Can only visualize, as a ladder diagram, a DECIDE that returns a boolean.",,,,,,,,,,,,,,,,,,,,,,,,,,,,,,,
"jl4/examples/legal/regcf/denovo/regcf-denovo.l4","`100(a)(2) — the investor's limit is not exceeded`",false,true,measured,,2,2,5,0,exhaustive,4,1.5,1.5,1.5,1.5,1.5,1.5,1.0,1.0,1.0,1.5,0.0,1.0,0.0,0.0,2,2,2,1,1,2,7,1.5,1.5,1.5,""
"jl4/examples/legal/regcf/denovo/regcf-denovo.l4","`100(a)(2) — satisfied, or within the intermediary-reliance safe harbour`",false,true,measured,,2,2,4,0,exhaustive,4,1.5,1.5,1.5,1.5,1.5,1.5,3.5,3.5,3.5,1.5,0.0,1.0,0.0,0.0,2,2,2,4,4,2,4,1.5,1.5,1.5,""
"jl4/examples/legal/regcf/denovo/regcf-denovo.l4","`more than one intermediary has been used`",false,true,measured,,4,4,7,0,exhaustive,16,2.625,2.625,2.625,2.625,2.625,2.625,3.5,3.5,3.5,2.625,0.0,1.0,0.0,0.0,4,4,4,4,4,4,7,2.625,2.625,2.625,""
"jl4/examples/legal/regcf/denovo/regcf-denovo.l4","`100(a)(3) — conducted through one compliant intermediary, exclusively`",false,true,measured,,3,3,6,0,exhaustive,8,1.75,1.75,1.75,1.75,1.75,1.75,1.25,1.25,1.25,1.75,0.0,1.0,0.0,0.0,3,3,3,2,2,3,6,1.75,1.75,1.75,""
"jl4/examples/legal/regcf/denovo/regcf-denovo.l4","`100(a)(4) — the issuer complies with section 4A(b)`",false,true,measured,,2,2,5,0,exhaustive,4,1.5,1.5,1.5,1.5,1.5,1.5,1.0,1.0,1.0,1.5,0.0,1.0,0.0,0.0,2,2,2,1,1,2,7,1.5,1.5,1.5,""
"jl4/examples/legal/regcf/denovo/regcf-denovo.l4","`the issuer is caught by the Exchange Act reporting limb`",false,true,measured,,4,5,9,0,exhaustive,16,2.75,2.5,2.5,2.75,2.5,2.5,3.5,3.25,2.75,2.75,0.375,0.5,0.125,0.125,4,3,3,4,4,4,9,2.75,2.5,2.5,""
"jl4/examples/legal/regcf/denovo/regcf-denovo.l4","`the issuer is delinquent in its ongoing reports`",false,true,measured,,2,2,4,0,exhaustive,4,1.5,1.5,1.5,1.5,1.5,1.5,1.0,1.0,1.0,1.5,0.0,1.0,0.0,0.0,2,2,2,1,1,2,4,1.5,1.5,1.5,""
"jl4/examples/legal/regcf/denovo/regcf-denovo.l4","`100(b)(7) — reserved`",false,false,measured-no-atoms,,0,0,4,0,exhaustive,1,0.0,0.0,0.0,0.0,0.0,0.0,0.0,0.0,0.0,0.0,0.0,1.0,0.0,0.0,0,0,0,0,0,0,4,0.0,0.0,0.0,""
"jl4/examples/legal/regcf/denovo/regcf-denovo.l4","`the crowdfunding exemption does not apply to the issuer`",false,true,measured,,6,6,20,0,exhaustive,64,1.9688,1.9688,1.9688,1.9688,1.9688,1.9688,1.5,1.5,1.5,1.9688,0.0,1.0,0.0,0.0,6,6,6,2,2,6,481,1.9688,1.9688,1.9688,""
"jl4/examples/legal/regcf/denovo/regcf-denovo.l4","`the extended meaning of ""issuer"" in § 227.100(c)`",false,false,measured-no-atoms,,0,0,4,0,exhaustive,1,0.0,0.0,0.0,0.0,0.0,0.0,0.0,0.0,0.0,0.0,0.0,1.0,0.0,0.0,0,0,0,0,0,0,4,0.0,0.0,0.0,""
"jl4/examples/legal/regcf/denovo/regcf-denovo.l4","`the meaning of ""investor"" in § 227.100(d)`",false,false,measured-no-atoms,,0,0,3,0,exhaustive,1,0.0,0.0,0.0,0.0,0.0,0.0,0.0,0.0,0.0,0.0,0.0,1.0,0.0,0.0,0,0,0,0,0,0,3,0.0,0.0,0.0,""
"jl4/examples/legal/regcf/denovo/regcf-denovo.l4","`the crowdfunding vehicle is not considered an investor for the purposes of this part`",false,false,measured,,1,1,1,0,exhaustive,2,1.0,1.0,1.0,1.0,1.0,1.0,1.0,1.0,1.0,1.0,0.0,1.0,0.0,0.0,1,1,1,1,1,1,1,1.0,1.0,1.0,""
"jl4/examples/legal/regcf/denovo/regcf-denovo.l4","`integration with other offerings`",false,false,measured-no-atoms,,0,0,3,0,exhaustive,1,0.0,0.0,0.0,0.0,0.0,0.0,0.0,0.0,0.0,0.0,0.0,1.0,0.0,0.0,0,0,0,0,0,0,3,0.0,0.0,0.0,""
"jl4/examples/legal/regcf/denovo/regcf-denovo.l4","`the crowdfunding exemption is available`",false,true,measured,,5,5,8,0,exhaustive,32,1.9375,1.9375,1.9375,1.9375,1.9375,1.9375,5.0,5.0,5.0,1.9375,0.0,1.0,0.0,0.0,5,5,5,6,6,5,8,1.9375,1.9375,1.9375,""
"jl4/examples/legal/regcf/denovo/regcf-denovo.l4","`the offering statement discloses the information required by § 227.201`",false,false,measured,,26,26,53,0,sampled,2000,2.039,2.039,2.039,2.0225,2.0225,2.0225,1.0,1.0,1.0,2.039,0.0,1.0,0.0,0.0,11,11,11,1,1,26,53,2.039,2.039,2.039,""
"jl4/examples/legal/regcf/denovo/regcf-denovo.l4","`201(aa) — reserved`",false,false,measured-no-atoms,,0,0,3,0,exhaustive,1,0.0,0.0,0.0,0.0,0.0,0.0,0.0,0.0,0.0,0.0,0.0,1.0,0.0,0.0,0,0,0,0,0,0,3,0.0,0.0,0.0,""
"jl4/examples/legal/regcf/denovo/regcf-denovo.l4","`the instruction to § 227.201 on cross-references`",false,false,measured-no-atoms,,0,0,3,0,exhaustive,1,0.0,0.0,0.0,0.0,0.0,0.0,0.0,0.0,0.0,0.0,0.0,1.0,0.0,0.0,0,0,0,0,0,0,3,0.0,0.0,0.0,""
"jl4/examples/legal/regcf/denovo/regcf-denovo.l4","`the aggregate target offering amount for § 227.201(t)`",false,false,refused,"Can only visualize, as a ladder diagram, a DECIDE that returns a boolean.",,,,,,,,,,,,,,,,,,,,,,,,,,,,,,,
"jl4/examples/legal/regcf/denovo/regcf-denovo.l4","`the financial statements required`",false,false,refused,"Can only visualize, as a ladder diagram, a DECIDE that returns a boolean.",,,,,,,,,,,,,,,,,,,,,,,,,,,,,,,
"jl4/examples/legal/regcf/denovo/regcf-denovo.l4","`an issuer may voluntarily meet the requirements for a higher aggregate target offering amount`",false,false,measured-no-atoms,,0,0,3,0,exhaustive,1,0.0,0.0,0.0,0.0,0.0,0.0,0.0,0.0,0.0,0.0,0.0,1.0,0.0,0.0,0,0,0,0,0,0,3,0.0,0.0,0.0,""
"jl4/examples/legal/regcf/denovo/regcf-denovo.l4","`the hundred and twentieth day, rolled off a weekend`",false,false,refused,"Can only visualize, as a ladder diagram, a DECIDE that returns a boolean.",,,,,,,,,,,,,,,,,,,,,,,,,,,,,,,
"jl4/examples/legal/regcf/denovo/regcf-denovo.l4","`the offering is conducted in the first 120 days of the fiscal year`",false,false,measured,,1,1,1,0,exhaustive,2,1.0,1.0,1.0,1.0,1.0,1.0,1.0,1.0,1.0,1.0,0.0,1.0,0.0,0.0,1,1,1,1,1,1,1,1.0,1.0,1.0,""
"jl4/examples/legal/regcf/denovo/regcf-denovo.l4","`the failure to disclose a pre-2016 matter does not defeat the exemption`",false,false,measured,,3,3,5,0,exhaustive,8,1.75,1.75,1.75,1.75,1.75,1.75,1.0,1.0,1.0,1.75,0.0,1.0,0.0,0.0,3,3,3,1,1,3,5,1.75,1.75,1.75,""
"jl4/examples/legal/regcf/denovo/regcf-denovo.l4","`the issuer's § 227.201 disclosure duty`",false,false,refused,"Can only visualize, as a ladder diagram, a DECIDE that returns a boolean.",,,,,,,,,,,,,,,,,,,,,,,,,,,,,,,
"jl4/examples/legal/regcf/denovo/regcf-denovo.l4","`the annual report carries the disclosure § 227.202(a) requires`",false,false,measured,,12,12,25,0,exhaustive,4096,1.9995,1.9995,1.9995,1.9995,1.9995,1.9995,1.0,1.0,1.0,1.9995,0.0,1.0,0.0,0.0,12,12,12,1,1,12,25,1.9995,1.9995,1.9995,""
"jl4/examples/legal/regcf/denovo/regcf-denovo.l4","`the issuer's annual report duty`",false,false,refused,"Can only visualize, as a ladder diagram, a DECIDE that returns a boolean.",,,,,,,,,,,,,,,,,,,,,,,,,,,,,,,
"jl4/examples/legal/regcf/denovo/regcf-denovo.l4","`the count of record holders for § 227.202(b)(2)`",false,false,refused,"Can only visualize, as a ladder diagram, a DECIDE that returns a boolean.",,,,,,,,,,,,,,,,,,,,,,,,,,,,,,,
"jl4/examples/legal/regcf/denovo/regcf-denovo.l4","`the issuer may cease its ongoing reporting`",false,true,measured,,7,7,18,0,exhaustive,128,2.7344,2.0781,2.0781,2.7344,2.0781,2.0781,2.125,1.2812,1.2812,2.7344,0.3438,0.6016,5.47e-2,0.0,7,7,7,5,5,7,433,2.7344,2.0781,2.5156,""
"jl4/examples/legal/regcf/denovo/regcf-denovo.l4","`the issuer's offering statement filing duty`",false,false,refused,"Can only visualize, as a ladder diagram, a DECIDE that returns a boolean.",,,,,,,,,,,,,,,,,,,,,,,,,,,,,,,
"jl4/examples/legal/regcf/denovo/regcf-denovo.l4","`the issuer's offering statement amendment duty`",false,false,refused,"Can only visualize, as a ladder diagram, a DECIDE that returns a boolean.",,,,,,,,,,,,,,,,,,,,,,,,,,,,,,,
"jl4/examples/legal/regcf/denovo/regcf-denovo.l4","`the issuer's progress update duty`",false,false,refused,"Can only visualize, as a ladder diagram, a DECIDE that returns a boolean.",,,,,,,,,,,,,,,,,,,,,,,,,,,,,,,
"jl4/examples/legal/regcf/denovo/regcf-denovo.l4","`the issuer's final progress update duty`",false,false,refused,"Can only visualize, as a ladder diagram, a DECIDE that returns a boolean.",,,,,,,,,,,,,,,,,,,,,,,,,,,,,,,
"jl4/examples/legal/regcf/denovo/regcf-denovo.l4","`the instruction on consolidating progress updates`",false,false,measured-no-atoms,,0,0,3,0,exhaustive,1,0.0,0.0,0.0,0.0,0.0,0.0,0.0,0.0,0.0,0.0,0.0,1.0,0.0,0.0,0,0,0,0,0,0,3,0.0,0.0,0.0,""
"jl4/examples/legal/regcf/denovo/regcf-denovo.l4","`the issuer's Form C-AR duty`",false,false,refused,"Can only visualize, as a ladder diagram, a DECIDE that returns a boolean.",,,,,,,,,,,,,,,,,,,,,,,,,,,,,,,
"jl4/examples/legal/regcf/denovo/regcf-denovo.l4","`the issuer's Form C-AR amendment duty`",false,false,refused,"Can only visualize, as a ladder diagram, a DECIDE that returns a boolean.",,,,,,,,,,,,,,,,,,,,,,,,,,,,,,,
"jl4/examples/legal/regcf/denovo/regcf-denovo.l4","`the issuer's termination of reporting duty`",false,false,refused,"Can only visualize, as a ladder diagram, a DECIDE that returns a boolean.",,,,,,,,,,,,,,,,,,,,,,,,,,,,,,,
"jl4/examples/legal/regcf/denovo/regcf-denovo.l4","`the solicitation of interest carries the statements § 227.206(b) requires`",false,false,measured,,3,3,7,0,exhaustive,8,1.75,1.75,1.75,1.75,1.75,1.75,1.0,1.0,1.0,1.75,0.0,1.0,0.0,0.0,3,3,3,1,1,3,7,1.75,1.75,1.75,""
"jl4/examples/legal/regcf/denovo/regcf-denovo.l4","`the issuer's permission to solicit interest before filing`",false,false,refused,"Can only visualize, as a ladder diagram, a DECIDE that returns a boolean.",,,,,,,,,,,,,,,,,,,,,,,,,,,,,,,
"jl4/examples/legal/regcf/denovo/regcf-denovo.l4","`the issuer must not take money before the offering statement is filed`",false,false,refused,"Can only visualize, as a ladder diagram, a DECIDE that returns a boolean.",,,,,,,,,,,,,,,,,,,,,,,,,,,,,,,
"jl4/examples/legal/regcf/denovo/regcf-denovo.l4","`the character and permitted response content of a solicitation of interest`",false,false,measured-no-atoms,,0,0,4,0,exhaustive,1,0.0,0.0,0.0,0.0,0.0,0.0,0.0,0.0,0.0,0.0,0.0,1.0,0.0,0.0,0,0,0,0,0,0,4,0.0,0.0,0.0,""
"jl4/examples/legal/regcf/denovo/regcf-denovo.l4","`the information a notice may contain under § 227.204(b)`",false,false,measured-no-atoms,,0,0,5,0,exhaustive,1,0.0,0.0,0.0,0.0,0.0,0.0,0.0,0.0,0.0,0.0,0.0,1.0,0.0,0.0,0,0,0,0,0,0,5,0.0,0.0,0.0,""
"jl4/examples/legal/regcf/denovo/regcf-denovo.l4","`the notice qualifies under § 227.204(b)`",false,false,measured,,2,2,3,0,exhaustive,4,1.5,1.5,1.5,1.5,1.5,1.5,1.0,1.0,1.0,1.5,0.0,1.0,0.0,0.0,2,2,2,1,1,2,3,1.5,1.5,1.5,""
"jl4/examples/legal/regcf/denovo/regcf-denovo.l4","`the issuer must not advertise the terms of the offering`",false,false,refused,"Can only visualize, as a ladder diagram, a DECIDE that returns a boolean.",,,,,,,,,,,,,,,,,,,,,,,,,,,,,,,
"jl4/examples/legal/regcf/denovo/regcf-denovo.l4","`the meaning of ""issuer"" in § 227.204(a)`",false,false,measured-no-atoms,,0,0,3,0,exhaustive,1,0.0,0.0,0.0,0.0,0.0,0.0,0.0,0.0,0.0,0.0,0.0,1.0,0.0,0.0,0,0,0,0,0,0,3,0.0,0.0,0.0,""
"jl4/examples/legal/regcf/denovo/regcf-denovo.l4","`the issuer's permission to use the intermediary's communication channels`",false,false,refused,"Can only visualize, as a ladder diagram, a DECIDE that returns a boolean.",,,,,,,,,,,,,,,,,,,,,,,,,,,,,,,
"jl4/examples/legal/regcf/denovo/regcf-denovo.l4","`the concurrent-offering safe harbour in § 227.204(d)`",false,false,measured-no-atoms,,0,0,4,0,exhaustive,1,0.0,0.0,0.0,0.0,0.0,0.0,0.0,0.0,0.0,0.0,0.0,1.0,0.0,0.0,0,0,0,0,0,0,4,0.0,0.0,0.0,""
"jl4/examples/legal/regcf/denovo/regcf-denovo.l4","`the meaning of ""terms of the offering""`",false,false,measured-no-atoms,,0,0,3,0,exhaustive,1,0.0,0.0,0.0,0.0,0.0,0.0,0.0,0.0,0.0,0.0,0.0,1.0,0.0,0.0,0,0,0,0,0,0,3,0.0,0.0,0.0,""
"jl4/examples/legal/regcf/denovo/regcf-denovo.l4","`the issuer's permission to compensate a promoter`",false,false,refused,"Can only visualize, as a ladder diagram, a DECIDE that returns a boolean.",,,,,,,,,,,,,,,,,,,,,,,,,,,,,,,
"jl4/examples/legal/regcf/denovo/regcf-denovo.l4","`the issuer must not otherwise compensate a promoter`",false,false,refused,"Can only visualize, as a ladder diagram, a DECIDE that returns a boolean.",,,,,,,,,,,,,,,,,,,,,,,,,,,,,,,
"jl4/examples/legal/regcf/denovo/regcf-denovo.l4","`the person qualifies to act as an intermediary`",false,true,measured,,3,3,7,0,exhaustive,8,2.25,1.75,1.75,2.25,1.75,1.75,1.0,1.0,1.0,2.25,0.5,0.375,0.125,0.0,3,3,3,1,1,3,7,2.25,1.75,1.75,""
"jl4/examples/legal/regcf/denovo/regcf-denovo.l4","`the intermediary's financial interest is permitted`",false,true,measured,,2,2,5,0,exhaustive,4,1.5,1.5,1.5,1.5,1.5,1.5,1.0,1.0,1.0,1.5,0.0,1.0,0.0,0.0,2,2,2,1,1,2,5,1.5,1.5,1.5,""
"jl4/examples/legal/regcf/denovo/regcf-denovo.l4","`the intermediary's financial interests comply with § 227.300(b)`",false,false,measured,,3,3,7,0,exhaustive,8,1.75,1.75,1.75,1.75,1.75,1.75,1.0,1.0,1.0,1.75,0.0,1.0,0.0,0.0,3,3,3,1,1,3,7,1.75,1.75,1.75,""
"jl4/examples/legal/regcf/denovo/regcf-denovo.l4","`the intermediary is a funding portal`",false,true,measured,,4,4,17,0,exhaustive,16,1.875,1.875,1.875,1.875,1.875,1.875,1.0,1.0,1.0,1.875,0.0,1.0,0.0,0.0,4,4,4,1,1,4,21,1.875,1.875,1.875,""
"jl4/examples/legal/regcf/denovo/regcf-denovo.l4","`the definitions in § 227.300(c)`",false,false,measured-no-atoms,,0,0,6,0,exhaustive,1,0.0,0.0,0.0,0.0,0.0,0.0,0.0,0.0,0.0,0.0,0.0,1.0,0.0,0.0,0,0,0,0,0,0,6,0.0,0.0,0.0,""
"jl4/examples/legal/regcf/denovo/regcf-denovo.l4","`the educational materials carry everything § 227.302(b)(1) requires`",false,false,measured,,10,10,20,0,exhaustive,1024,1.998,1.998,1.998,1.998,1.998,1.998,1.0,1.0,1.0,1.998,0.0,1.0,0.0,0.0,10,10,10,1,1,10,20,1.998,1.998,1.998,""
"jl4/examples/legal/regcf/denovo/regcf-denovo.l4","`the intermediary must not accept a commitment before the account is opened`",false,false,refused,"Can only visualize, as a ladder diagram, a DECIDE that returns a boolean.",,,,,,,,,,,,,,,,,,,,,,,,,,,,,,,
"jl4/examples/legal/regcf/denovo/regcf-denovo.l4","`the intermediary's educational materials duty`",false,false,refused,"Can only visualize, as a ladder diagram, a DECIDE that returns a boolean.",,,,,,,,,,,,,,,,,,,,,,,,,,,,,,,
"jl4/examples/legal/regcf/denovo/regcf-denovo.l4","`the intermediary complies with the rest of § 227.302`",false,false,measured,,6,6,14,0,exhaustive,64,2.1562,1.9688,1.9688,2.1562,1.9688,1.9688,1.0,1.0,1.0,2.1562,0.1719,0.8125,1.56e-2,0.0,6,6,6,1,1,6,14,2.1562,1.9688,1.9688,""
"jl4/examples/legal/regcf/denovo/regcf-denovo.l4","`the investor may still cancel for any reason`",false,true,measured,,1,1,1,0,exhaustive,2,1.0,1.0,1.0,1.0,1.0,1.0,0.0,0.0,0.0,1.0,0.0,1.0,0.0,0.0,1,1,1,0,0,1,1,1.0,1.0,1.0,""
"jl4/examples/legal/regcf/denovo/regcf-denovo.l4","`304(b)(1) — the offering remained open for at least 21 days`",false,true,measured,,1,1,3,0,exhaustive,2,1.0,1.0,1.0,1.0,1.0,1.0,1.0,1.0,1.0,1.0,0.0,1.0,0.0,0.0,1,1,1,1,1,1,3,1.0,1.0,1.0,""
"jl4/examples/legal/regcf/denovo/regcf-denovo.l4","`304(b)(2) — the early-close notice says what it must`",false,true,measured,,3,3,7,0,exhaustive,8,1.75,1.75,1.75,1.75,1.75,1.75,1.0,1.0,1.0,1.75,0.0,1.0,0.0,0.0,3,3,3,1,1,3,7,1.75,1.75,1.75,""
"jl4/examples/legal/regcf/denovo/regcf-denovo.l4","`304(b)(3) — the new deadline is at least five business days after the notice`",false,true,measured,,1,1,3,0,exhaustive,2,1.0,1.0,1.0,1.0,1.0,1.0,1.0,1.0,1.0,1.0,0.0,1.0,0.0,0.0,1,1,1,1,1,1,3,1.0,1.0,1.0,""
"jl4/examples/legal/regcf/denovo/regcf-denovo.l4","`304(b)(4) — the target is still met at the new deadline`",false,true,measured,,1,1,3,0,exhaustive,2,1.0,1.0,1.0,1.0,1.0,1.0,2.0,2.0,2.0,1.0,0.0,1.0,0.0,0.0,1,1,1,2,2,1,3,1.0,1.0,1.0,""
"jl4/examples/legal/regcf/denovo/regcf-denovo.l4","`the issuer may close the offering early`",false,true,measured,,6,6,7,0,exhaustive,64,1.9688,1.9688,1.9688,1.9688,1.9688,1.9688,3.25,3.25,3.25,1.9688,0.0,1.0,0.0,0.0,6,6,6,5,5,6,7,1.9688,1.9688,1.9688,""
"jl4/examples/legal/regcf/denovo/regcf-denovo.l4","`the material change reconfirmation chain`",false,false,refused,"Can only visualize, as a ladder diagram, a DECIDE that returns a boolean.",,,,,,,,,,,,,,,,,,,,,,,,,,,,,,,
"jl4/examples/legal/regcf/denovo/regcf-denovo.l4","`the extension required by § 227.304(c)(2)`",false,false,measured-no-atoms,,0,0,3,0,exhaustive,1,0.0,0.0,0.0,0.0,0.0,0.0,0.0,0.0,0.0,0.0,0.0,1.0,0.0,0.0,0,0,0,0,0,0,3,0.0,0.0,0.0,""
"jl4/examples/legal/regcf/denovo/regcf-denovo.l4","`the intermediary's duties when the offering is not completed`",false,false,refused,"Can only visualize, as a ladder diagram, a DECIDE that returns a boolean.",,,,,,,,,,,,,,,,,,,,,,,,,,,,,,,
"jl4/examples/legal/regcf/denovo/regcf-denovo.l4","`the intermediary has made the issuer information publicly available as § 227.303(a) requires`",false,false,measured,,4,4,9,0,exhaustive,16,1.875,1.875,1.875,1.875,1.875,1.875,1.5,1.5,1.5,1.875,0.0,1.0,0.0,0.0,4,4,4,2,2,4,9,1.875,1.875,1.875,""
"jl4/examples/legal/regcf/denovo/regcf-denovo.l4","`the questionnaire demonstrates what § 227.303(b)(2)(ii) requires`",false,true,measured,,3,3,7,0,exhaustive,8,1.75,1.75,1.75,1.75,1.75,1.75,1.0,1.0,1.0,1.75,0.0,1.0,0.0,0.0,3,3,3,1,1,3,7,1.75,1.75,1.75,""
"jl4/examples/legal/regcf/denovo/regcf-denovo.l4","`the intermediary has qualified the investor as § 227.303(b) requires`",false,false,measured,,3,3,7,0,exhaustive,8,1.75,1.75,1.75,1.75,1.75,1.75,1.0,1.0,1.0,1.75,0.0,1.0,0.0,0.0,3,3,3,1,1,3,7,1.75,1.75,1.75,""
"jl4/examples/legal/regcf/denovo/regcf-denovo.l4","`the intermediary's communication channels comply with § 227.303(c)`",false,false,measured,,6,6,13,0,exhaustive,64,2.4062,1.9688,1.9688,2.4062,1.9688,1.9688,1.0,1.0,1.0,2.4062,0.3906,0.5781,3.12e-2,0.0,6,6,6,1,1,6,13,2.4062,1.9688,1.9688,""
"jl4/examples/legal/regcf/denovo/regcf-denovo.l4","`the intermediary's notice-of-commitment duty`",false,false,refused,"Can only visualize, as a ladder diagram, a DECIDE that returns a boolean.",,,,,,,,,,,,,,,,,,,,,,,,,,,,,,,
"jl4/examples/legal/regcf/denovo/regcf-denovo.l4","`the maintenance and transmission of funds under § 227.303(e)(1)-(2)`",false,false,measured-no-atoms,,0,0,4,0,exhaustive,1,0.0,0.0,0.0,0.0,0.0,0.0,0.0,0.0,0.0,0.0,0.0,1.0,0.0,0.0,0,0,0,0,0,0,4,0.0,0.0,0.0,""
"jl4/examples/legal/regcf/denovo/regcf-denovo.l4","`the funding portal may direct the transmission of funds to the issuer`",false,false,measured,,3,3,5,0,exhaustive,8,1.75,1.75,1.75,1.75,1.75,1.75,3.25,3.25,3.25,1.75,0.0,1.0,0.0,0.0,3,3,3,5,5,3,5,1.75,1.75,1.75,""
"jl4/examples/legal/regcf/denovo/regcf-denovo.l4","`the funding portal's fund-flow duty`",false,false,refused,"Can only visualize, as a ladder diagram, a DECIDE that returns a boolean.",,,,,,,,,,,,,,,,,,,,,,,,,,,,,,,
"jl4/examples/legal/regcf/denovo/regcf-denovo.l4","`the confirmation discloses everything § 227.303(f)(1) requires`",false,true,measured,,6,6,13,0,exhaustive,64,1.9688,1.9688,1.9688,1.9688,1.9688,1.9688,1.0,1.0,1.0,1.9688,0.0,1.0,0.0,0.0,6,6,6,1,1,6,13,1.9688,1.9688,1.9688,""
"jl4/examples/legal/regcf/denovo/regcf-denovo.l4","`the intermediary's transaction confirmation duty`",false,false,refused,"Can only visualize, as a ladder diagram, a DECIDE that returns a boolean.",,,,,,,,,,,,,,,,,,,,,,,,,,,,,,,
"jl4/examples/legal/regcf/denovo/regcf-denovo.l4","`the intermediary is exempt from § 240.10b-10 for this transaction`",false,false,measured,,1,1,1,0,exhaustive,2,1.0,1.0,1.0,1.0,1.0,1.0,1.0,1.0,1.0,1.0,0.0,1.0,0.0,0.0,1,1,1,1,1,1,1,1.0,1.0,1.0,""
"jl4/examples/legal/regcf/denovo/regcf-denovo.l4","`the intermediary has the reasonable bases § 227.301(a)-(b) requires`",false,false,measured,,3,3,7,0,exhaustive,8,1.75,1.75,1.75,1.75,1.75,1.75,1.0,1.0,1.0,1.75,0.0,1.0,0.0,0.0,3,3,3,1,1,3,7,1.75,1.75,1.75,""
"jl4/examples/legal/regcf/denovo/regcf-denovo.l4","`the intermediary's duty to deny access for a disqualification`",false,false,refused,"Can only visualize, as a ladder diagram, a DECIDE that returns a boolean.",,,,,,,,,,,,,,,,,,,,,,,,,,,,,,,
"jl4/examples/legal/regcf/denovo/regcf-denovo.l4","`the intermediary's duty on a fraud or investor-protection concern`",false,false,refused,"Can only visualize, as a ladder diagram, a DECIDE that returns a boolean.",,,,,,,,,,,,,,,,,,,,,,,,,,,,,,,
"jl4/examples/legal/regcf/denovo/regcf-denovo.l4","`the intermediary must not pay for investor personal information`",false,false,refused,"Can only visualize, as a ladder diagram, a DECIDE that returns a boolean.",,,,,,,,,,,,,,,,,,,,,,,,,,,,,,,
"jl4/examples/legal/regcf/denovo/regcf-denovo.l4","`the meaning of ""personally identifiable information""`",false,false,measured-no-atoms,,0,0,3,0,exhaustive,1,0.0,0.0,0.0,0.0,0.0,0.0,0.0,0.0,0.0,0.0,0.0,1.0,0.0,0.0,0,0,0,0,0,0,3,0.0,0.0,0.0,""
"jl4/examples/legal/regcf/denovo/regcf-denovo.l4","`the date the funding portal's registration becomes effective`",false,false,refused,"Can only visualize, as a ladder diagram, a DECIDE that returns a boolean.",,,,,,,,,,,,,,,,,,,,,,,,,,,,,,,
"jl4/examples/legal/regcf/denovo/regcf-denovo.l4","`the funding portal's registration duty`",false,false,refused,"Can only visualize, as a ladder diagram, a DECIDE that returns a boolean.",,,,,,,,,,,,,,,,,,,,,,,,,,,,,,,
"jl4/examples/legal/regcf/denovo/regcf-denovo.l4","`the funding portal's amendment duty`",false,false,refused,"Can only visualize, as a ladder diagram, a DECIDE that returns a boolean.",,,,,,,,,,,,,,,,,,,,,,,,,,,,,,,
"jl4/examples/legal/regcf/denovo/regcf-denovo.l4","`the date the predecessor's registration is deemed withdrawn`",false,false,refused,"Can only visualize, as a ladder diagram, a DECIDE that returns a boolean.",,,,,,,,,,,,,,,,,,,,,,,,,,,,,,,
"jl4/examples/legal/regcf/denovo/regcf-denovo.l4","`the predecessor's registration remains effective as the successor's`",false,false,measured,,2,2,3,0,exhaustive,4,1.5,1.5,1.5,1.5,1.5,1.5,1.5,1.5,1.5,1.5,0.0,1.0,0.0,0.0,2,2,2,2,2,2,3,1.5,1.5,1.5,""
"jl4/examples/legal/regcf/denovo/regcf-denovo.l4","`the pure-form succession alternative in § 227.400(c)(2)`",false,false,measured-no-atoms,,0,0,3,0,exhaustive,1,0.0,0.0,0.0,0.0,0.0,0.0,0.0,0.0,0.0,0.0,0.0,1.0,0.0,0.0,0,0,0,0,0,0,3,0.0,0.0,0.0,""
"jl4/examples/legal/regcf/denovo/regcf-denovo.l4","`the date the withdrawal becomes effective`",false,false,refused,"Can only visualize, as a ladder diagram, a DECIDE that returns a boolean.",,,,,,,,,,,,,,,,,,,,,,,,,,,,,,,
"jl4/examples/legal/regcf/denovo/regcf-denovo.l4","`the funding portal's withdrawal duty`",false,false,refused,"Can only visualize, as a ladder diagram, a DECIDE that returns a boolean.",,,,,,,,,,,,,,,,,,,,,,,,,,,,,,,
"jl4/examples/legal/regcf/denovo/regcf-denovo.l4","`when a Form Funding Portal is filed, and the duplicate originals`",false,false,measured-no-atoms,,0,0,4,0,exhaustive,1,0.0,0.0,0.0,0.0,0.0,0.0,0.0,0.0,0.0,0.0,0.0,1.0,0.0,0.0,0,0,0,0,0,0,4,0.0,0.0,0.0,""
"jl4/examples/legal/regcf/denovo/regcf-denovo.l4","`the nonresident information-sharing condition is met`",false,false,measured,,2,2,4,0,exhaustive,4,1.5,1.5,1.5,1.5,1.5,1.5,1.0,1.0,1.0,1.5,0.0,1.0,0.0,0.0,2,2,2,1,1,2,4,1.5,1.5,1.5,""
"jl4/examples/legal/regcf/denovo/regcf-denovo.l4","`the meaning of ""nonresident funding portal""`",false,false,measured-no-atoms,,0,0,3,0,exhaustive,1,0.0,0.0,0.0,0.0,0.0,0.0,0.0,0.0,0.0,0.0,0.0,1.0,0.0,0.0,0,0,0,0,0,0,3,0.0,0.0,0.0,""
"jl4/examples/legal/regcf/denovo/regcf-denovo.l4","`the nonresident portal's power-of-attorney obligations are met`",false,false,measured,,5,5,11,0,exhaustive,32,1.9375,1.9375,1.9375,1.9375,1.9375,1.9375,1.0,1.0,1.0,1.9375,0.0,1.0,0.0,0.0,5,5,5,1,1,5,11,1.9375,1.9375,1.9375,""
"jl4/examples/legal/regcf/denovo/regcf-denovo.l4","`the nonresident portal's books-and-records certification is in place`",false,false,measured,,2,2,5,0,exhaustive,4,1.5,1.5,1.5,1.5,1.5,1.5,1.0,1.0,1.0,1.5,0.0,1.0,0.0,0.0,2,2,2,1,1,2,5,1.5,1.5,1.5,""
"jl4/examples/legal/regcf/denovo/regcf-denovo.l4","`the nonresident portal's re-certification duty`",false,false,refused,"Can only visualize, as a ladder diagram, a DECIDE that returns a boolean.",,,,,,,,,,,,,,,,,,,,,,,,,,,,,,,
"jl4/examples/legal/regcf/denovo/regcf-denovo.l4","`the funding portal is exempt from broker registration under section 15(a)(1)`",false,false,measured,,1,1,3,0,exhaustive,2,1.0,1.0,1.0,1.0,1.0,1.0,1.0,1.0,1.0,1.0,0.0,1.0,0.0,0.0,1,1,1,1,1,1,3,1.0,1.0,1.0,""
"jl4/examples/legal/regcf/denovo/regcf-denovo.l4","`the funding portal complies with § 227.403`",false,false,measured,,3,3,7,0,exhaustive,8,1.75,1.75,1.75,1.75,1.75,1.75,1.0,1.0,1.0,1.75,0.0,1.0,0.0,0.0,3,3,3,1,1,3,7,1.75,1.75,1.75,""
"jl4/examples/legal/regcf/denovo/regcf-denovo.l4","`the governing retention period in years`",false,false,refused,"Can only visualize, as a ladder diagram, a DECIDE that returns a boolean.",,,,,,,,,,,,,,,,,,,,,,,,,,,,,,,
"jl4/examples/legal/regcf/denovo/regcf-denovo.l4","`the nine categories of records § 227.404(a) requires`",false,false,measured-no-atoms,,0,0,11,0,exhaustive,1,0.0,0.0,0.0,0.0,0.0,0.0,0.0,0.0,0.0,0.0,0.0,1.0,0.0,0.0,0,0,0,0,0,0,11,0.0,0.0,0.0,""
"jl4/examples/legal/regcf/denovo/regcf-denovo.l4","`the funding portal's recordkeeping duty`",false,false,refused,"Can only visualize, as a ladder diagram, a DECIDE that returns a boolean.",,,,,,,,,,,,,,,,,,,,,,,,,,,,,,,
"jl4/examples/legal/regcf/denovo/regcf-denovo.l4","`the third-party undertaking § 227.404(d) prescribes`",false,false,measured-no-atoms,,0,0,3,0,exhaustive,1,0.0,0.0,0.0,0.0,0.0,0.0,0.0,0.0,0.0,0.0,0.0,1.0,0.0,0.0,0,0,0,0,0,0,3,0.0,0.0,0.0,""
"jl4/examples/legal/regcf/denovo/regcf-denovo.l4","`the framing of the conditional safe harbor in § 227.402(a)`",false,false,measured-no-atoms,,0,0,5,0,exhaustive,1,0.0,0.0,0.0,0.0,0.0,0.0,0.0,0.0,0.0,0.0,0.0,1.0,0.0,0.0,0,0,0,0,0,0,5,0.0,0.0,0.0,""
"jl4/examples/legal/regcf/denovo/regcf-denovo.l4","`the objective-criteria conditions are met`",false,true,measured,,3,3,4,0,exhaustive,8,1.75,1.75,1.75,1.75,1.75,1.75,1.0,1.0,1.0,1.75,0.0,1.0,0.0,0.0,3,3,3,1,1,3,4,1.75,1.75,1.75,""
"jl4/examples/legal/regcf/denovo/regcf-denovo.l4","`the communication-channel conditions are met`",false,true,measured,,4,4,9,0,exhaustive,16,1.875,1.875,1.875,1.875,1.875,1.875,1.0,1.0,1.0,1.875,0.0,1.0,0.0,0.0,4,4,4,1,1,4,9,1.875,1.875,1.875,""
"jl4/examples/legal/regcf/denovo/regcf-denovo.l4","`the broker-dealer compensation conditions are met`",false,true,measured,,3,3,7,0,exhaustive,8,1.75,1.75,1.75,1.75,1.75,1.75,1.0,1.0,1.0,1.75,0.0,1.0,0.0,0.0,3,3,3,1,1,3,7,1.75,1.75,1.75,""
"jl4/examples/legal/regcf/denovo/regcf-denovo.l4","`the activity falls within the funding portal safe harbour`",false,true,measured,,21,23,34,0,sampled,2000,5.3055,2.16,2.16,5.142,2.1005,2.1005,5.635,3.0815,3.0815,5.3055,0.81,9.05e-2,9.95e-2,0.0,18,18,18,15,15,21,34,5.3055,2.16,2.16,""
"jl4/examples/legal/regcf/denovo/regcf-denovo.l4","`502(a)(3) — the issuer's knowledge limb`",false,true,measured,,3,3,7,0,exhaustive,8,1.75,1.75,1.75,1.75,1.75,1.75,1.0,1.0,1.0,1.75,0.0,1.0,0.0,0.0,3,3,3,1,1,3,10,1.75,1.75,1.75,""
"jl4/examples/legal/regcf/denovo/regcf-denovo.l4","`the failure to comply does not cost the exemption for a particular purchaser`",false,false,measured,,3,3,6,0,exhaustive,8,1.75,1.75,1.75,1.75,1.75,1.75,1.0,1.0,1.0,1.75,0.0,1.0,0.0,0.0,3,3,3,1,1,3,6,1.75,1.75,1.75,""
"jl4/examples/legal/regcf/denovo/regcf-denovo.l4","`§ 227.502(b) preserves the Commission's enforcement powers`",false,false,measured-no-atoms,,0,0,3,0,exhaustive,1,0.0,0.0,0.0,0.0,0.0,0.0,0.0,0.0,0.0,0.0,0.0,1.0,0.0,0.0,0,0,0,0,0,0,3,0.0,0.0,0.0,""
"jl4/examples/legal/regcf/denovo/regcf-denovo.l4","`the exemption is available`",true,false,measured,,1,1,1,0,exhaustive,2,1.0,1.0,1.0,1.0,1.0,1.0,6.0,6.0,6.0,1.0,0.0,1.0,0.0,0.0,1,1,1,6,6,1,1,1.0,1.0,1.0,""
"jl4/examples/legal/regcf/denovo/regcf-denovo.l4","`the investment limit`",true,false,refused,"Can only visualize, as a ladder diagram, a DECIDE that returns a boolean.",,,,,,,,,,,,,,,,,,,,,,,,,,,,,,,
"jl4/examples/legal/regcf/denovo/regcf-denovo.l4","`the issuer's remaining capacity under the twelve month cap`",true,false,refused,"Can only visualize, as a ladder diagram, a DECIDE that returns a boolean.",,,,,,,,,,,,,,,,,,,,,,,,,,,,,,,
"jl4/examples/legal/regcf/denovo/regcf-denovo.l4","`the financial statement level required`",true,false,refused,"Can only visualize, as a ladder diagram, a DECIDE that returns a boolean.",,,,,,,,,,,,,,,,,,,,,,,,,,,,,,,
"jl4/examples/legal/regcf/denovo/regcf-denovo.l4","`the ongoing reporting obligation continues`",true,false,measured,,1,1,2,0,exhaustive,2,1.0,1.0,1.0,1.0,1.0,1.0,2.0,2.0,2.0,1.0,0.0,1.0,0.0,0.0,1,1,1,2,2,1,2,1.0,1.0,1.0,""
"jl4/examples/legal/regcf/denovo/regcf-denovo.l4","`the resale is permitted`",true,false,measured,,1,1,1,0,exhaustive,2,1.0,1.0,1.0,1.0,1.0,1.0,1.0,1.0,1.0,1.0,0.0,1.0,0.0,0.0,1,1,1,1,1,1,1,1.0,1.0,1.0,""
"jl4/examples/legal/regcf/denovo/regcf-denovo.l4","`the person is a disqualifying covered person`",true,false,measured,,1,1,1,0,exhaustive,2,1.0,1.0,1.0,1.0,1.0,1.0,2.0,2.0,2.0,1.0,0.0,1.0,0.0,0.0,1,1,1,2,2,1,1,1.0,1.0,1.0,""
"jl4/examples/legal/regcf/denovo/regcf-denovo.l4","`the offering may be closed early`",true,false,measured,,1,1,1,0,exhaustive,2,1.0,1.0,1.0,1.0,1.0,1.0,1.0,1.0,1.0,1.0,0.0,1.0,0.0,0.0,1,1,1,1,1,1,1,1.0,1.0,1.0,""
"jl4/examples/legal/regcf/denovo/regcf-denovo.l4","`the person may act as an intermediary`",true,false,measured,,1,1,1,0,exhaustive,2,1.0,1.0,1.0,1.0,1.0,1.0,1.0,1.0,1.0,1.0,0.0,1.0,0.0,0.0,1,1,1,1,1,1,1,1.0,1.0,1.0,""
"jl4/examples/legal/regcf/denovo/regcf-denovo.l4","`the funding portal activity is within the safe harbour`",true,false,measured,,1,1,1,0,exhaustive,2,1.0,1.0,1.0,1.0,1.0,1.0,1.0,1.0,1.0,1.0,0.0,1.0,0.0,0.0,1,1,1,1,1,1,1,1.0,1.0,1.0,""
"jl4/examples/legal/regcf/denovo/regcf-denovo.l4","`an investor`",false,false,refused,"Can only visualize, as a ladder diagram, a DECIDE that returns a boolean.",,,,,,,,,,,,,,,,,,,,,,,,,,,,,,,
"jl4/examples/legal/regcf/denovo/regcf-denovo.l4","`a covered person convicted of securities fraud`",false,false,refused,"Can only visualize, as a ladder diagram, a DECIDE that returns a boolean.",,,,,,,,,,,,,,,,,,,,,,,,,,,,,,,
"jl4/examples/legal/regcf/denovo/regcf-denovo.l4","`an issuer`",false,false,refused,"Can only visualize, as a ladder diagram, a DECIDE that returns a boolean.",,,,,,,,,,,,,,,,,,,,,,,,,,,,,,,
"jl4/examples/legal/regcf/denovo/regcf-denovo.l4","`a complete disclosure`",false,false,refused,"Can only visualize, as a ladder diagram, a DECIDE that returns a boolean.",,,,,,,,,,,,,,,,,,,,,,,,,,,,,,,
"jl4/examples/legal/regcf/denovo/regcf-denovo.l4","`an offering`",false,false,refused,"Can only visualize, as a ladder diagram, a DECIDE that returns a boolean.",,,,,,,,,,,,,,,,,,,,,,,,,,,,,,,
"jl4/examples/legal/regcf/denovo/regcf-denovo.l4","`a transfer`",false,false,refused,"Can only visualize, as a ladder diagram, a DECIDE that returns a boolean.",,,,,,,,,,,,,,,,,,,,,,,,,,,,,,,
"jl4/examples/legal/regcf/denovo/regcf-denovo.l4","`a modest investor`",false,false,refused,"Can only visualize, as a ladder diagram, a DECIDE that returns a boolean.",,,,,,,,,,,,,,,,,,,,,,,,,,,,,,,
"jl4/examples/legal/regcf/denovo/regcf-denovo.l4","`an investor with income only`",false,false,refused,"Can only visualize, as a ladder diagram, a DECIDE that returns a boolean.",,,,,,,,,,,,,,,,,,,,,,,,,,,,,,,
"jl4/examples/legal/regcf/denovo/regcf-denovo.l4","`a comfortable investor`",false,false,refused,"Can only visualize, as a ladder diagram, a DECIDE that returns a boolean.",,,,,,,,,,,,,,,,,,,,,,,,,,,,,,,
"jl4/examples/legal/regcf/denovo/regcf-denovo.l4","`a wealthy investor`",false,false,refused,"Can only visualize, as a ladder diagram, a DECIDE that returns a boolean.",,,,,,,,,,,,,,,,,,,,,,,,,,,,,,,
"jl4/examples/legal/regcf/denovo/regcf-denovo.l4","`an entity investor`",false,false,refused,"Can only visualize, as a ladder diagram, a DECIDE that returns a boolean.",,,,,,,,,,,,,,,,,,,,,,,,,,,,,,,
"jl4/examples/legal/regcf/denovo/regcf-denovo.l4","`the first closing`",false,false,refused,"Can only visualize, as a ladder diagram, a DECIDE that returns a boolean.",,,,,,,,,,,,,,,,,,,,,,,,,,,,,,,
"jl4/examples/legal/regcf/denovo/regcf-denovo.l4","`the second closing`",false,false,refused,"Can only visualize, as a ladder diagram, a DECIDE that returns a boolean.",,,,,,,,,,,,,,,,,,,,,,,,,,,,,,,
"jl4/examples/legal/regcf/denovo/regcf-denovo.l4","`an issuer that has closed twice`",false,false,refused,"Can only visualize, as a ladder diagram, a DECIDE that returns a boolean.",,,,,,,,,,,,,,,,,,,,,,,,,,,,,,,
"jl4/examples/legal/regcf/denovo/regcf-denovo.l4","`the offering on the anniversary`",false,false,refused,"Can only visualize, as a ladder diagram, a DECIDE that returns a boolean.",,,,,,,,,,,,,,,,,,,,,,,,,,,,,,,
"jl4/examples/legal/regcf/denovo/regcf-denovo.l4","`a first-time issuer`",false,false,refused,"Can only visualize, as a ladder diagram, a DECIDE that returns a boolean.",,,,,,,,,,,,,,,,,,,,,,,,,,,,,,,
"jl4/examples/legal/regcf/denovo/regcf-denovo.l4","`a repeat issuer`",false,false,refused,"Can only visualize, as a ladder diagram, a DECIDE that returns a boolean.",,,,,,,,,,,,,,,,,,,,,,,,,,,,,,,
"jl4/examples/legal/regcf/denovo/regcf-denovo.l4","`a small offering`",false,false,refused,"Can only visualize, as a ladder diagram, a DECIDE that returns a boolean.",,,,,,,,,,,,,,,,,,,,,,,,,,,,,,,
"jl4/examples/legal/regcf/denovo/regcf-denovo.l4","`a medium offering`",false,false,refused,"Can only visualize, as a ladder diagram, a DECIDE that returns a boolean.",,,,,,,,,,,,,,,,,,,,,,,,,,,,,,,
"jl4/examples/legal/regcf/denovo/regcf-denovo.l4","`a large offering`",false,false,refused,"Can only visualize, as a ladder diagram, a DECIDE that returns a boolean.",,,,,,,,,,,,,,,,,,,,,,,,,,,,,,,
"jl4/examples/legal/regcf/denovo/regcf-denovo.l4","`a huge offering`",false,false,refused,"Can only visualize, as a ladder diagram, a DECIDE that returns a boolean.",,,,,,,,,,,,,,,,,,,,,,,,,,,,,,,
"jl4/examples/legal/regcf/denovo/regcf-denovo.l4","`a director convicted in 2023`",false,false,refused,"Can only visualize, as a ladder diagram, a DECIDE that returns a boolean.",,,,,,,,,,,,,,,,,,,,,,,,,,,,,,,
"jl4/examples/legal/regcf/denovo/regcf-denovo.l4","`an issuer convicted in 2019`",false,false,refused,"Can only visualize, as a ladder diagram, a DECIDE that returns a boolean.",,,,,,,,,,,,,,,,,,,,,,,,,,,,,,,
"jl4/examples/legal/regcf/denovo/regcf-denovo.l4","`a director convicted in 2015`",false,false,refused,"Can only visualize, as a ladder diagram, a DECIDE that returns a boolean.",,,,,,,,,,,,,,,,,,,,,,,,,,,,,,,
"jl4/examples/legal/regcf/denovo/regcf-denovo.l4","`an issuer behind a crowdfunding vehicle`",false,false,refused,"Can only visualize, as a ladder diagram, a DECIDE that returns a boolean.",,,,,,,,,,,,,,,,,,,,,,,,,,,,,,,
"jl4/examples/legal/regcf/denovo/regcf-denovo.l4","`a portal`",false,false,refused,"Can only visualize, as a ladder diagram, a DECIDE that returns a boolean.",,,,,,,,,,,,,,,,,,,,,,,,,,,,,,,
"jl4/examples/legal/regcf/denovo/regcf-denovo.l4","`an offering closing early`",false,false,refused,"Can only visualize, as a ladder diagram, a DECIDE that returns a boolean.",,,,,,,,,,,,,,,,,,,,,,,,,,,,,,,
"jl4/examples/legal/regcf/denovo/regcf-denovo.l4","`an offering closing too fast`",false,false,refused,"Can only visualize, as a ladder diagram, a DECIDE that returns a boolean.",,,,,,,,,,,,,,,,,,,,,,,,,,,,,,,
"jl4/examples/legal/regcf/denovo/regcf-denovo.l4","`an offering closing too soon`",false,false,refused,"Can only visualize, as a ladder diagram, a DECIDE that returns a boolean.",,,,,,,,,,,,,,,,,,,,,,,,,,,,,,,
"jl4/examples/legal/regcf/denovo/regcf-denovo.l4","`an issuer with a disqualified director`",false,false,refused,"Can only visualize, as a ladder diagram, a DECIDE that returns a boolean.",,,,,,,,,,,,,,,,,,,,,,,,,,,,,,,
"jl4/examples/legal/regcf/denovo/regcf-denovo.l4","`a homeowner`",false,false,refused,"Can only visualize, as a ladder diagram, a DECIDE that returns a boolean.",,,,,,,,,,,,,,,,,,,,,,,,,,,,,,,
"jl4/examples/legal/regcf/denovo/regcf-denovo.l4","`an offering with a material change`",false,false,refused,"Can only visualize, as a ladder diagram, a DECIDE that returns a boolean.",,,,,,,,,,,,,,,,,,,,,,,,,,,,,,,
"jl4/examples/legal/regcf/denovo/regcf-denovo.l4","`a reconfirmed commitment`",false,false,refused,"Can only visualize, as a ladder diagram, a DECIDE that returns a boolean.",,,,,,,,,,,,,,,,,,,,,,,,,,,,,,,
"jl4/examples/legal/regcf/denovo/regcf-denovo.l4","`an abandoned commitment`",false,false,refused,"Can only visualize, as a ladder diagram, a DECIDE that returns a boolean.",,,,,,,,,,,,,,,,,,,,,,,,,,,,,,,
"jl4/examples/legal/charities-cleanroom/charity-test.l4","`Article 1 — the definitions on which the charity test depends`",false,false,measured-no-atoms,,0,0,6,0,exhaustive,1,0.0,0.0,0.0,0.0,0.0,0.0,0.0,0.0,0.0,0.0,0.0,1.0,0.0,0.0,0,0,0,0,0,0,6,0.0,0.0,0.0,""
"jl4/examples/legal/charities-cleanroom/charity-test.l4","`Article 2(4) — constitution`",false,false,measured-no-atoms,,0,0,6,0,exhaustive,1,0.0,0.0,0.0,0.0,0.0,0.0,0.0,0.0,0.0,0.0,0.0,1.0,0.0,0.0,0,0,0,0,0,0,6,0.0,0.0,0.0,""
"jl4/examples/legal/charities-cleanroom/charity-test.l4","`Article 2(6) — purpose`",false,false,measured-no-atoms,,0,0,4,0,exhaustive,1,0.0,0.0,0.0,0.0,0.0,0.0,0.0,0.0,0.0,0.0,0.0,1.0,0.0,0.0,0,0,0,0,0,0,4,0.0,0.0,0.0,""
"jl4/examples/legal/charities-cleanroom/charity-test.l4","`Article 2(7) — governor`",false,false,measured-no-atoms,,0,0,6,0,exhaustive,1,0.0,0.0,0.0,0.0,0.0,0.0,0.0,0.0,0.0,0.0,0.0,1.0,0.0,0.0,0,0,0,0,0,0,6,0.0,0.0,0.0,""
"jl4/examples/legal/charities-cleanroom/charity-test.l4","`(a) — the prevention or relief of poverty`",false,true,measured,,1,1,3,0,exhaustive,2,1.0,1.0,1.0,1.0,1.0,1.0,1.0,1.0,1.0,1.0,0.0,1.0,0.0,0.0,1,1,1,1,1,1,3,1.0,1.0,1.0,""
"jl4/examples/legal/charities-cleanroom/charity-test.l4","`(b) — the advancement of education`",false,true,measured,,1,1,3,0,exhaustive,2,1.0,1.0,1.0,1.0,1.0,1.0,1.0,1.0,1.0,1.0,0.0,1.0,0.0,0.0,1,1,1,1,1,1,3,1.0,1.0,1.0,""
"jl4/examples/legal/charities-cleanroom/charity-test.l4","`(c) — the advancement of religion`",false,true,measured,,1,1,3,0,exhaustive,2,1.0,1.0,1.0,1.0,1.0,1.0,1.0,1.0,1.0,1.0,0.0,1.0,0.0,0.0,1,1,1,1,1,1,3,1.0,1.0,1.0,""
"jl4/examples/legal/charities-cleanroom/charity-test.l4","`(d) — the advancement of health`",false,true,measured,,2,2,7,0,exhaustive,4,1.5,1.5,1.5,1.5,1.5,1.5,1.0,1.0,1.0,1.5,0.0,1.0,0.0,0.0,2,2,2,1,1,2,13,1.5,1.5,1.5,""
"jl4/examples/legal/charities-cleanroom/charity-test.l4","`(e) — the saving of lives`",false,true,measured,,1,1,3,0,exhaustive,2,1.0,1.0,1.0,1.0,1.0,1.0,1.0,1.0,1.0,1.0,0.0,1.0,0.0,0.0,1,1,1,1,1,1,3,1.0,1.0,1.0,""
"jl4/examples/legal/charities-cleanroom/charity-test.l4","`(f) — the advancement of citizenship or community development`",false,true,measured,,3,3,10,0,exhaustive,8,1.75,1.75,1.75,1.75,1.75,1.75,1.0,1.0,1.0,1.75,0.0,1.0,0.0,0.0,3,3,3,1,1,3,33,1.75,1.75,1.75,""
"jl4/examples/legal/charities-cleanroom/charity-test.l4","`(g) — the advancement of the arts, heritage, culture or science`",false,true,measured,,1,1,3,0,exhaustive,2,1.0,1.0,1.0,1.0,1.0,1.0,1.0,1.0,1.0,1.0,0.0,1.0,0.0,0.0,1,1,1,1,1,1,3,1.0,1.0,1.0,""
"jl4/examples/legal/charities-cleanroom/charity-test.l4","`(h) — the advancement of public participation in sport`",false,true,measured,,2,2,5,0,exhaustive,4,1.5,1.5,1.5,1.5,1.5,1.5,1.0,1.0,1.0,1.5,0.0,1.0,0.0,0.0,2,2,2,1,1,2,5,1.5,1.5,1.5,""
"jl4/examples/legal/charities-cleanroom/charity-test.l4","`(2)(d) — the recreational-facilities restriction is satisfied`",false,true,measured,,2,2,8,0,exhaustive,4,1.5,1.5,1.5,1.5,1.5,1.5,1.0,1.0,1.0,1.5,0.0,1.0,0.0,0.0,2,2,2,1,1,2,17,1.5,1.5,1.5,""
"jl4/examples/legal/charities-cleanroom/charity-test.l4","`(i) — the provision of recreational facilities or activities`",false,true,measured,,2,2,4,0,exhaustive,4,1.5,1.5,1.5,1.5,1.5,1.5,1.0,1.0,1.0,1.5,0.0,1.0,0.0,0.0,2,2,2,1,1,2,4,1.5,1.5,1.5,""
"jl4/examples/legal/charities-cleanroom/charity-test.l4","`(j) — the advancement of human rights, conflict resolution or reconciliation`",false,true,measured,,1,1,3,0,exhaustive,2,1.0,1.0,1.0,1.0,1.0,1.0,1.0,1.0,1.0,1.0,0.0,1.0,0.0,0.0,1,1,1,1,1,1,3,1.0,1.0,1.0,""
"jl4/examples/legal/charities-cleanroom/charity-test.l4","`(k) — the promotion of religious or racial harmony`",false,true,measured,,1,1,3,0,exhaustive,2,1.0,1.0,1.0,1.0,1.0,1.0,1.0,1.0,1.0,1.0,0.0,1.0,0.0,0.0,1,1,1,1,1,1,3,1.0,1.0,1.0,""
"jl4/examples/legal/charities-cleanroom/charity-test.l4","`(l) — the promotion of equality and diversity`",false,true,measured,,1,1,3,0,exhaustive,2,1.0,1.0,1.0,1.0,1.0,1.0,1.0,1.0,1.0,1.0,0.0,1.0,0.0,0.0,1,1,1,1,1,1,3,1.0,1.0,1.0,""
"jl4/examples/legal/charities-cleanroom/charity-test.l4","`(m) — the advancement of environmental protection or improvement`",false,true,measured,,1,1,3,0,exhaustive,2,1.0,1.0,1.0,1.0,1.0,1.0,1.0,1.0,1.0,1.0,0.0,1.0,0.0,0.0,1,1,1,1,1,1,3,1.0,1.0,1.0,""
"jl4/examples/legal/charities-cleanroom/charity-test.l4","`(n) — the relief of those in need`",false,true,measured,,1,1,4,0,exhaustive,2,1.0,1.0,1.0,1.0,1.0,1.0,1.0,1.0,1.0,1.0,0.0,1.0,0.0,0.0,1,1,1,1,1,1,4,1.0,1.0,1.0,""
"jl4/examples/legal/charities-cleanroom/charity-test.l4","`(o) — the advancement of animal welfare`",false,true,measured,,1,1,3,0,exhaustive,2,1.0,1.0,1.0,1.0,1.0,1.0,1.0,1.0,1.0,1.0,0.0,1.0,0.0,0.0,1,1,1,1,1,1,3,1.0,1.0,1.0,""
"jl4/examples/legal/charities-cleanroom/charity-test.l4","`(p) — any other analogous purpose`",false,true,measured,,2,2,7,0,exhaustive,4,1.5,1.5,1.5,1.5,1.5,1.5,1.0,1.0,1.0,1.5,0.0,1.0,0.0,0.0,2,2,2,1,1,2,13,1.5,1.5,1.5,""
"jl4/examples/legal/charities-cleanroom/charity-test.l4","`the purpose falls within paragraph (1)`",false,true,measured,,16,16,18,0,sampled,2000,1.932,1.932,1.932,1.977,1.977,1.977,1.0,1.0,1.0,1.932,0.0,1.0,0.0,0.0,13,13,13,1,1,16,18,1.932,1.932,1.932,""
"jl4/examples/legal/charities-cleanroom/charity-test.l4","`(5) — the purpose is excluded as political`",false,true,measured,,1,1,3,0,exhaustive,2,1.0,1.0,1.0,1.0,1.0,1.0,1.0,1.0,1.0,1.0,0.0,1.0,0.0,0.0,1,1,1,1,1,1,3,1.0,1.0,1.0,""
"jl4/examples/legal/charities-cleanroom/charity-test.l4","`the purpose is a charitable purpose`",false,true,measured,,2,2,4,0,exhaustive,4,1.5,1.5,1.5,1.5,1.5,1.5,1.0,1.0,1.0,1.5,0.0,1.0,0.0,0.0,2,2,2,1,1,2,4,1.5,1.5,1.5,""
"jl4/examples/legal/charities-cleanroom/charity-test.l4","`7(3)(b) — the entity benefits only identified natural persons`",false,true,measured,,1,1,3,0,exhaustive,2,1.0,1.0,1.0,1.0,1.0,1.0,1.0,1.0,1.0,1.0,0.0,1.0,0.0,0.0,1,1,1,1,1,1,3,1.0,1.0,1.0,""
"jl4/examples/legal/charities-cleanroom/charity-test.l4","`7(2) — the mandatory considerations were had regard to`",false,true,measured,,2,2,6,0,exhaustive,4,1.5,1.5,1.5,1.5,1.5,1.5,1.5,1.5,1.5,1.5,0.0,1.0,0.0,0.0,2,2,2,2,2,2,6,1.5,1.5,1.5,""
"jl4/examples/legal/charities-cleanroom/charity-test.l4","`7(2)(b) — the section-of-the-public question was reached`",false,true,measured,,2,2,4,0,exhaustive,4,1.5,1.5,1.5,1.5,1.5,1.5,1.0,1.0,1.0,1.5,0.0,1.0,0.0,0.0,2,2,2,1,1,2,4,1.5,1.5,1.5,""
"jl4/examples/legal/charities-cleanroom/charity-test.l4","`7(3)(a) — no charitable purpose was presumed to be for the public benefit`",false,true,measured,,1,1,4,0,exhaustive,2,1.0,1.0,1.0,1.0,1.0,1.0,1.0,1.0,1.0,1.0,0.0,1.0,0.0,0.0,1,1,1,1,1,1,4,1.0,1.0,1.0,""
"jl4/examples/legal/charities-cleanroom/charity-test.l4","`the public benefit determination was properly made`",false,false,measured,,2,2,3,0,exhaustive,4,1.5,1.5,1.5,1.5,1.5,1.5,1.0,1.0,1.0,1.5,0.0,1.0,0.0,0.0,2,2,2,1,1,2,3,1.5,1.5,1.5,""
"jl4/examples/legal/charities-cleanroom/charity-test.l4","`the entity has at least one charitable purpose`",false,true,measured,,1,1,1,0,exhaustive,2,1.0,1.0,1.0,1.0,1.0,1.0,2.0,2.0,2.0,1.0,0.0,1.0,0.0,0.0,1,1,1,2,2,1,1,1.0,1.0,1.0,""
"jl4/examples/legal/charities-cleanroom/charity-test.l4","`(ii) — the purpose is purely ancillary or incidental`",false,true,measured,,3,3,6,0,exhaustive,8,1.75,1.75,1.75,1.75,1.75,1.75,1.5,1.5,1.5,1.75,0.0,1.0,0.0,0.0,3,3,3,2,2,3,6,1.75,1.75,1.75,""
"jl4/examples/legal/charities-cleanroom/charity-test.l4","`the purpose is charitable, or purely ancillary or incidental`",false,true,measured,,2,2,4,0,exhaustive,4,1.5,1.5,1.5,1.5,1.5,1.5,1.5,1.5,1.5,1.5,0.0,1.0,0.0,0.0,2,2,2,2,2,2,4,1.5,1.5,1.5,""
"jl4/examples/legal/charities-cleanroom/charity-test.l4","`5(1)(a) — all of its purposes are charitable or ancillary`",false,true,measured,,1,1,3,0,exhaustive,2,1.0,1.0,1.0,1.0,1.0,1.0,1.0,1.0,1.0,1.0,0.0,1.0,0.0,0.0,1,1,1,1,1,1,3,1.0,1.0,1.0,""
"jl4/examples/legal/charities-cleanroom/charity-test.l4","`the entity provides or intends to provide public benefit`",false,true,measured,,2,2,3,0,exhaustive,4,1.5,1.5,1.5,1.5,1.5,1.5,1.5,1.5,1.5,1.5,0.0,1.0,0.0,0.0,2,2,2,2,2,2,3,1.5,1.5,1.5,""
"jl4/examples/legal/charities-cleanroom/charity-test.l4","`the applicant's intention limb`",false,true,measured,,2,2,3,0,exhaustive,4,1.5,1.5,1.5,1.5,1.5,1.5,1.5,1.5,1.5,1.5,0.0,1.0,0.0,0.0,2,2,2,2,2,2,3,1.5,1.5,1.5,""
"jl4/examples/legal/charities-cleanroom/charity-test.l4","`5(1)(b) — public benefit`",false,true,measured,,2,2,5,0,exhaustive,4,1.5,1.5,1.5,1.5,1.5,1.5,1.0,1.0,1.0,1.5,0.0,1.0,0.0,0.0,2,2,2,1,1,2,5,1.5,1.5,1.5,""
"jl4/examples/legal/charities-cleanroom/charity-test.l4","`5(2) — direction or control by a listed person is expressly permitted`",false,true,measured,,3,3,10,0,exhaustive,8,1.75,1.75,1.75,1.75,1.75,1.75,1.0,1.0,1.0,1.75,0.0,1.0,0.0,0.0,3,3,3,1,1,3,33,1.75,1.75,1.75,""
"jl4/examples/legal/charities-cleanroom/charity-test.l4","`5(2) — governorship by a listed person is expressly permitted`",false,true,measured,,3,3,10,0,exhaustive,8,1.75,1.75,1.75,1.75,1.75,1.75,1.0,1.0,1.0,1.75,0.0,1.0,0.0,0.0,3,3,3,1,1,3,33,1.75,1.75,1.75,""
"jl4/examples/legal/charities-cleanroom/charity-test.l4","`5(2) — a listed person is expressly permitted under either mode`",false,true,measured,,2,2,3,0,exhaustive,4,1.5,1.5,1.5,1.5,1.5,1.5,1.0,1.0,1.0,1.5,0.0,1.0,0.0,0.0,2,2,2,1,1,2,3,1.5,1.5,1.5,""
"jl4/examples/legal/charities-cleanroom/charity-test.l4","`5(2) — the government-control disqualification applies`",false,true,measured,,3,3,7,0,exhaustive,8,1.75,1.75,1.75,1.75,1.75,1.75,1.5,1.5,1.5,1.75,0.0,1.0,0.0,0.0,3,3,3,2,2,3,7,1.75,1.75,1.75,""
"jl4/examples/legal/charities-cleanroom/charity-test.l4","`the entity meets the charity test`",true,false,measured,,3,3,5,0,exhaustive,8,1.75,1.75,1.75,1.75,1.75,1.75,1.0,1.0,1.0,1.75,0.0,1.0,0.0,0.0,3,3,3,1,1,3,5,1.75,1.75,1.75,""
"jl4/examples/legal/charities-cleanroom/charity-test.l4","`a poverty-relief purpose`",false,false,refused,"Can only visualize, as a ladder diagram, a DECIDE that returns a boolean.",,,,,,,,,,,,,,,,,,,,,,,,,,,,,,,
"jl4/examples/legal/charities-cleanroom/charity-test.l4","`a sickness-prevention purpose`",false,false,refused,"Can only visualize, as a ladder diagram, a DECIDE that returns a boolean.",,,,,,,,,,,,,,,,,,,,,,,,,,,,,,,
"jl4/examples/legal/charities-cleanroom/charity-test.l4","`a spectator-pastime purpose`",false,false,refused,"Can only visualize, as a ladder diagram, a DECIDE that returns a boolean.",,,,,,,,,,,,,,,,,,,,,,,,,,,,,,,
"jl4/examples/legal/charities-cleanroom/charity-test.l4","`a physical-sport purpose`",false,false,refused,"Can only visualize, as a ladder diagram, a DECIDE that returns a boolean.",,,,,,,,,,,,,,,,,,,,,,,,,,,,,,,
"jl4/examples/legal/charities-cleanroom/charity-test.l4","`a members-only recreation purpose`",false,false,refused,"Can only visualize, as a ladder diagram, a DECIDE that returns a boolean.",,,,,,,,,,,,,,,,,,,,,,,,,,,,,,,
"jl4/examples/legal/charities-cleanroom/charity-test.l4","`an open recreation purpose`",false,false,refused,"Can only visualize, as a ladder diagram, a DECIDE that returns a boolean.",,,,,,,,,,,,,,,,,,,,,,,,,,,,,,,
"jl4/examples/legal/charities-cleanroom/charity-test.l4","`a philosophical-belief purpose`",false,false,refused,"Can only visualize, as a ladder diagram, a DECIDE that returns a boolean.",,,,,,,,,,,,,,,,,,,,,,,,,,,,,,,
"jl4/examples/legal/charities-cleanroom/charity-test.l4","`a party-political purpose`",false,false,refused,"Can only visualize, as a ladder diagram, a DECIDE that returns a boolean.",,,,,,,,,,,,,,,,,,,,,,,,,,,,,,,
"jl4/examples/legal/charities-cleanroom/charity-test.l4","`an ancillary party-political purpose`",false,false,refused,"Can only visualize, as a ladder diagram, a DECIDE that returns a boolean.",,,,,,,,,,,,,,,,,,,,,,,,,,,,,,,
"jl4/examples/legal/charities-cleanroom/charity-test.l4","`an ancillary fundraising purpose`",false,false,refused,"Can only visualize, as a ladder diagram, a DECIDE that returns a boolean.",,,,,,,,,,,,,,,,,,,,,,,,,,,,,,,
"jl4/examples/legal/charities-cleanroom/charity-test.l4","`a purely commercial purpose`",false,false,refused,"Can only visualize, as a ladder diagram, a DECIDE that returns a boolean.",,,,,,,,,,,,,,,,,,,,,,,,,,,,,,,
"jl4/examples/legal/charities-cleanroom/charity-test.l4","`a clean constitution`",false,false,refused,"Can only visualize, as a ladder diagram, a DECIDE that returns a boolean.",,,,,,,,,,,,,,,,,,,,,,,,,,,,,,,
"jl4/examples/legal/charities-cleanroom/charity-test.l4","`a constitution reserving Ministerial direction`",false,false,refused,"Can only visualize, as a ladder diagram, a DECIDE that returns a boolean.",,,,,,,,,,,,,,,,,,,,,,,,,,,,,,,
"jl4/examples/legal/charities-cleanroom/charity-test.l4","`a constitution reserving a States Assembly governorship`",false,false,refused,"Can only visualize, as a ladder diagram, a DECIDE that returns a boolean.",,,,,,,,,,,,,,,,,,,,,,,,,,,,,,,
"jl4/examples/legal/charities-cleanroom/charity-test.l4","`a constitution reserving a foreign-equivalent governorship`",false,false,refused,"Can only visualize, as a ladder diagram, a DECIDE that returns a boolean.",,,,,,,,,,,,,,,,,,,,,,,,,,,,,,,
"jl4/examples/legal/charities-cleanroom/charity-test.l4","`a constitution admitting a Minister in a private capacity`",false,false,refused,"Can only visualize, as a ladder diagram, a DECIDE that returns a boolean.",,,,,,,,,,,,,,,,,,,,,,,,,,,,,,,
"jl4/examples/legal/charities-cleanroom/charity-test.l4","`a sound public benefit finding`",false,false,refused,"Can only visualize, as a ladder diagram, a DECIDE that returns a boolean.",,,,,,,,,,,,,,,,,,,,,,,,,,,,,,,
"jl4/examples/legal/charities-cleanroom/charity-test.l4","`a finding of no public benefit`",false,false,refused,"Can only visualize, as a ladder diagram, a DECIDE that returns a boolean.",,,,,,,,,,,,,,,,,,,,,,,,,,,,,,,
"jl4/examples/legal/charities-cleanroom/charity-test.l4","`a finding of intended but not actual public benefit`",false,false,refused,"Can only visualize, as a ladder diagram, a DECIDE that returns a boolean.",,,,,,,,,,,,,,,,,,,,,,,,,,,,,,,
"jl4/examples/legal/charities-cleanroom/charity-test.l4","`a finding that benefit reaches only identified individuals`",false,false,refused,"Can only visualize, as a ladder diagram, a DECIDE that returns a boolean.",,,,,,,,,,,,,,,,,,,,,,,,,,,,,,,
"jl4/examples/legal/charities-cleanroom/charity-test.l4","`a finding with an unduly restrictive fee`",false,false,refused,"Can only visualize, as a ladder diagram, a DECIDE that returns a boolean.",,,,,,,,,,,,,,,,,,,,,,,,,,,,,,,
"jl4/examples/legal/charities-cleanroom/charity-test.l4","`a finding made on a presumption`",false,false,refused,"Can only visualize, as a ladder diagram, a DECIDE that returns a boolean.",,,,,,,,,,,,,,,,,,,,,,,,,,,,,,,
"jl4/examples/legal/charities-cleanroom/charity-test.l4","`a finding that skipped the section-of-the-public question`",false,false,refused,"Can only visualize, as a ladder diagram, a DECIDE that returns a boolean.",,,,,,,,,,,,,,,,,,,,,,,,,,,,,,,
"jl4/examples/legal/charities-cleanroom/charity-test.l4","`an entity`",false,false,refused,"Can only visualize, as a ladder diagram, a DECIDE that returns a boolean.",,,,,,,,,,,,,,,,,,,,,,,,,,,,,,,
"jl4/examples/legal/charities-cleanroom/charity-test.l4","`the St Helier poverty trust`",false,false,refused,"Can only visualize, as a ladder diagram, a DECIDE that returns a boolean.",,,,,,,,,,,,,,,,,,,,,,,,,,,,,,,
"jl4/examples/legal/charities-cleanroom/charity-test.l4","`the poverty trust with a charity shop`",false,false,refused,"Can only visualize, as a ladder diagram, a DECIDE that returns a boolean.",,,,,,,,,,,,,,,,,,,,,,,,,,,,,,,
"jl4/examples/legal/charities-cleanroom/charity-test.l4","`the charity shop with nothing behind it`",false,false,refused,"Can only visualize, as a ladder diagram, a DECIDE that returns a boolean.",,,,,,,,,,,,,,,,,,,,,,,,,,,,,,,
"jl4/examples/legal/charities-cleanroom/charity-test.l4","`the poverty trust with a party-political object`",false,false,refused,"Can only visualize, as a ladder diagram, a DECIDE that returns a boolean.",,,,,,,,,,,,,,,,,,,,,,,,,,,,,,,
"jl4/examples/legal/charities-cleanroom/charity-test.l4","`the poverty trust with incidental campaigning`",false,false,refused,"Can only visualize, as a ladder diagram, a DECIDE that returns a boolean.",,,,,,,,,,,,,,,,,,,,,,,,,,,,,,,
"jl4/examples/legal/charities-cleanroom/charity-test.l4","`the grocery company`",false,false,refused,"Can only visualize, as a ladder diagram, a DECIDE that returns a boolean.",,,,,,,,,,,,,,,,,,,,,,,,,,,,,,,
"jl4/examples/legal/charities-cleanroom/charity-test.l4","`the entity with no purposes`",false,false,refused,"Can only visualize, as a ladder diagram, a DECIDE that returns a boolean.",,,,,,,,,,,,,,,,,,,,,,,,,,,,,,,
"jl4/examples/legal/charities-cleanroom/charity-test.l4","`the entity with no purposes and no benefit`",false,false,refused,"Can only visualize, as a ladder diagram, a DECIDE that returns a boolean.",,,,,,,,,,,,,,,,,,,,,,,,,,,,,,,
"jl4/examples/legal/charities-cleanroom/charity-test.l4","`the disease-prevention trust`",false,false,refused,"Can only visualize, as a ladder diagram, a DECIDE that returns a boolean.",,,,,,,,,,,,,,,,,,,,,,,,,,,,,,,
"jl4/examples/legal/charities-cleanroom/charity-test.l4","`the pigeon fanciers' association`",false,false,refused,"Can only visualize, as a ladder diagram, a DECIDE that returns a boolean.",,,,,,,,,,,,,,,,,,,,,,,,,,,,,,,
"jl4/examples/legal/charities-cleanroom/charity-test.l4","`the island swimming association`",false,false,refused,"Can only visualize, as a ladder diagram, a DECIDE that returns a boolean.",,,,,,,,,,,,,,,,,,,,,,,,,,,,,,,
"jl4/examples/legal/charities-cleanroom/charity-test.l4","`the members-only tennis club`",false,false,refused,"Can only visualize, as a ladder diagram, a DECIDE that returns a boolean.",,,,,,,,,,,,,,,,,,,,,,,,,,,,,,,
"jl4/examples/legal/charities-cleanroom/charity-test.l4","`the public recreation ground trust`",false,false,refused,"Can only visualize, as a ladder diagram, a DECIDE that returns a boolean.",,,,,,,,,,,,,,,,,,,,,,,,,,,,,,,
"jl4/examples/legal/charities-cleanroom/charity-test.l4","`the humanist society`",false,false,refused,"Can only visualize, as a ladder diagram, a DECIDE that returns a boolean.",,,,,,,,,,,,,,,,,,,,,,,,,,,,,,,
"jl4/examples/legal/charities-cleanroom/charity-test.l4","`the Ministerially directed trust`",false,false,refused,"Can only visualize, as a ladder diagram, a DECIDE that returns a boolean.",,,,,,,,,,,,,,,,,,,,,,,,,,,,,,,
"jl4/examples/legal/charities-cleanroom/charity-test.l4","`the Ministerially directed trust exempted by Order`",false,false,refused,"Can only visualize, as a ladder diagram, a DECIDE that returns a boolean.",,,,,,,,,,,,,,,,,,,,,,,,,,,,,,,
"jl4/examples/legal/charities-cleanroom/charity-test.l4","`the States-governed foundation`",false,false,refused,"Can only visualize, as a ladder diagram, a DECIDE that returns a boolean.",,,,,,,,,,,,,,,,,,,,,,,,,,,,,,,
"jl4/examples/legal/charities-cleanroom/charity-test.l4","`the Guernsey-governed foundation`",false,false,refused,"Can only visualize, as a ladder diagram, a DECIDE that returns a boolean.",,,,,,,,,,,,,,,,,,,,,,,,,,,,,,,
"jl4/examples/legal/charities-cleanroom/charity-test.l4","`the trust with a Minister in a private capacity`",false,false,refused,"Can only visualize, as a ladder diagram, a DECIDE that returns a boolean.",,,,,,,,,,,,,,,,,,,,,,,,,,,,,,,
"jl4/examples/legal/charities-cleanroom/charity-test.l4","`the dormant registered charity`",false,false,refused,"Can only visualize, as a ladder diagram, a DECIDE that returns a boolean.",,,,,,,,,,,,,,,,,,,,,,,,,,,,,,,
"jl4/examples/legal/charities-cleanroom/charity-test.l4","`the applicant not yet operating`",false,false,refused,"Can only visualize, as a ladder diagram, a DECIDE that returns a boolean.",,,,,,,,,,,,,,,,,,,,,,,,,,,,,,,
"jl4/examples/legal/charities-cleanroom/charity-test.l4","`the grandchildren's trust`",false,false,refused,"Can only visualize, as a ladder diagram, a DECIDE that returns a boolean.",,,,,,,,,,,,,,,,,,,,,,,,,,,,,,,
"jl4/examples/legal/charities-cleanroom/charity-test.l4","`the school with an unduly restrictive fee`",false,false,refused,"Can only visualize, as a ladder diagram, a DECIDE that returns a boolean.",,,,,,,,,,,,,,,,,,,,,,,,,,,,,,,
"jl4/examples/legal/charities-cleanroom/charity-test.l4","`the church whose benefit was presumed`",false,false,refused,"Can only visualize, as a ladder diagram, a DECIDE that returns a boolean.",,,,,,,,,,,,,,,,,,,,,,,,,,,,,,,
"jl4/examples/legal/charities-cleanroom/charity-test.l4","`the entity whose determiner skipped 7(2)(b)`",false,false,refused,"Can only visualize, as a ladder diagram, a DECIDE that returns a boolean.",,,,,,,,,,,,,,,,,,,,,,,,,,,,,,,
"jl4/examples/legal/bna/bna.l4","commencement",false,false,refused,"Can only visualize, as a ladder diagram, a DECIDE that returns a boolean.",,,,,,,,,,,,,,,,,,,,,,,,,,,,,,,
"jl4/examples/legal/bna/bna.l4","`the appointed day`",false,false,refused,"Can only visualize, as a ladder diagram, a DECIDE that returns a boolean.",,,,,,,,,,,,,,,,,,,,,,,,,,,,,,,
"jl4/examples/legal/bna/bna.l4","`the relevant day`",false,false,refused,"Can only visualize, as a ladder diagram, a DECIDE that returns a boolean.",,,,,,,,,,,,,,,,,,,,,,,,,,,,,,,
"jl4/examples/legal/bna/bna.l4","`permitted days of absence in each of the first ten years`",false,false,refused,"Can only visualize, as a ladder diagram, a DECIDE that returns a boolean.",,,,,,,,,,,,,,,,,,,,,,,,,,,,,,,
"jl4/examples/legal/bna/bna.l4","`born in the United Kingdom after commencement`",false,true,measured,,2,2,3,0,exhaustive,4,1.5,1.5,1.5,1.5,1.5,1.5,2.0,2.0,2.0,1.5,0.0,1.0,0.0,0.0,2,2,2,3,3,2,3,1.5,1.5,1.5,""
"jl4/examples/legal/bna/bna.l4","`born in a qualifying territory on or after the appointed day`",false,true,measured,,2,2,3,0,exhaustive,4,1.5,1.5,1.5,1.5,1.5,1.5,2.0,2.0,2.0,1.5,0.0,1.0,0.0,0.0,2,2,2,3,3,2,3,1.5,1.5,1.5,""
"jl4/examples/legal/bna/bna.l4","`born in the United Kingdom or a qualifying territory`",false,true,measured,,2,2,3,0,exhaustive,4,1.5,1.5,1.5,1.5,1.5,1.5,1.0,1.0,1.0,1.5,0.0,1.0,0.0,0.0,2,2,2,1,1,2,3,1.5,1.5,1.5,""
"jl4/examples/legal/bna/bna.l4","`born in the United Kingdom on or after the relevant day`",false,true,measured,,2,2,3,0,exhaustive,4,1.5,1.5,1.5,1.5,1.5,1.5,2.0,2.0,2.0,1.5,0.0,1.0,0.0,0.0,2,2,2,3,3,2,3,1.5,1.5,1.5,""
"jl4/examples/legal/bna/bna.l4","`1(1) — born in the United Kingdom after commencement or in a qualifying territory on or after the appointed day`",false,true,measured,,2,2,3,0,exhaustive,4,1.5,1.5,1.5,1.5,1.5,1.5,1.0,1.0,1.0,1.5,0.0,1.0,0.0,0.0,2,2,2,1,1,2,3,1.5,1.5,1.5,""
"jl4/examples/legal/bna/bna.l4","`1(1)(a) — father or mother a British citizen`",false,true,measured,,1,1,3,0,exhaustive,2,1.0,1.0,1.0,1.0,1.0,1.0,1.0,1.0,1.0,1.0,0.0,1.0,0.0,0.0,1,1,1,1,1,1,3,1.0,1.0,1.0,""
"jl4/examples/legal/bna/bna.l4","`1(1)(b) — father or mother settled in the United Kingdom or that territory`",false,true,measured,,1,1,3,0,exhaustive,2,1.0,1.0,1.0,1.0,1.0,1.0,1.0,1.0,1.0,1.0,0.0,1.0,0.0,0.0,1,1,1,1,1,1,3,1.0,1.0,1.0,""
"jl4/examples/legal/bna/bna.l4","`1(1) — at the time of the birth his father or mother is a citizen or settled`",false,true,measured,,2,2,3,0,exhaustive,4,1.5,1.5,1.5,1.5,1.5,1.5,1.0,1.0,1.0,1.5,0.0,1.0,0.0,0.0,2,2,2,1,1,2,3,1.5,1.5,1.5,""
"jl4/examples/legal/bna/bna.l4","`1(1) — satisfied on the actual facts of the birth`",false,true,measured,,2,2,4,0,exhaustive,4,1.5,1.5,1.5,1.5,1.5,1.5,1.0,1.0,1.0,1.5,0.0,1.0,0.0,0.0,2,2,2,1,1,2,4,1.5,1.5,1.5,""
"jl4/examples/legal/bna/bna.l4","`found abandoned in the United Kingdom after commencement`",false,true,measured,,2,2,3,0,exhaustive,4,1.5,1.5,1.5,1.5,1.5,1.5,2.0,2.0,2.0,1.5,0.0,1.0,0.0,0.0,2,2,2,3,3,2,3,1.5,1.5,1.5,""
"jl4/examples/legal/bna/bna.l4","`found abandoned in a qualifying territory on or after the appointed day`",false,true,measured,,2,2,3,0,exhaustive,4,1.5,1.5,1.5,1.5,1.5,1.5,2.0,2.0,2.0,1.5,0.0,1.0,0.0,0.0,2,2,2,3,3,2,3,1.5,1.5,1.5,""
"jl4/examples/legal/bna/bna.l4","`1(2) — found abandoned in the United Kingdom or a qualifying territory in time`",false,true,measured,,2,2,3,0,exhaustive,4,1.5,1.5,1.5,1.5,1.5,1.5,1.0,1.0,1.0,1.5,0.0,1.0,0.0,0.0,2,2,2,1,1,2,3,1.5,1.5,1.5,""
"jl4/examples/legal/bna/bna.l4","`deemed by subsection (2) to satisfy subsection (1)`",false,true,measured,,2,2,7,0,exhaustive,4,1.5,1.5,1.5,1.5,1.5,1.5,1.0,1.0,1.0,1.5,0.0,1.0,0.0,0.0,2,2,2,1,1,2,7,1.5,1.5,1.5,""
"jl4/examples/legal/bna/bna.l4","`a British citizen by virtue of subsection (1) or (2)`",false,true,measured,,2,2,3,0,exhaustive,4,1.5,1.5,1.5,1.5,1.5,1.5,1.0,1.0,1.0,1.5,0.0,1.0,0.0,0.0,2,2,2,1,1,2,3,1.5,1.5,1.5,""
"jl4/examples/legal/bna/bna.l4","`a British citizen by virtue of subsection (1A)`",false,true,measured,,3,3,5,0,exhaustive,8,1.75,1.75,1.75,1.75,1.75,1.75,2.0,2.0,2.0,1.75,0.0,1.0,0.0,0.0,3,3,3,3,3,3,5,1.75,1.75,1.75,""
"jl4/examples/legal/bna/bna.l4","`not already a British citizen by virtue of subsection (1), (1A) or (2) or section 10A`",false,true,measured,,3,3,7,0,exhaustive,8,1.75,1.75,1.75,1.75,1.75,1.75,1.0,1.0,1.0,1.75,0.0,1.0,0.0,0.0,3,3,3,1,1,3,7,1.75,1.75,1.75,""
"jl4/examples/legal/bna/bna.l4","`1(3)(a) — father or mother becomes a British citizen or settled`",false,true,measured,,1,1,3,0,exhaustive,2,1.0,1.0,1.0,1.0,1.0,1.0,1.0,1.0,1.0,1.0,0.0,1.0,0.0,0.0,1,1,1,1,1,1,3,1.0,1.0,1.0,""
"jl4/examples/legal/bna/bna.l4","`1(3)(b) — an application is made while a minor`",false,true,measured,,1,1,3,0,exhaustive,2,1.0,1.0,1.0,1.0,1.0,1.0,1.0,1.0,1.0,1.0,0.0,1.0,0.0,0.0,1,1,1,1,1,1,3,1.0,1.0,1.0,""
"jl4/examples/legal/bna/bna.l4","`entitled to be registered under subsection (3)`",false,false,measured,,4,4,6,0,exhaustive,16,1.875,1.875,1.875,1.875,1.875,1.875,1.0,1.0,1.0,1.875,0.0,1.0,0.0,0.0,4,4,4,1,1,4,6,1.875,1.875,1.875,""
"jl4/examples/legal/bna/bna.l4","`1(3A)(a) — father or mother becomes a member of the armed forces`",false,true,measured,,1,1,3,0,exhaustive,2,1.0,1.0,1.0,1.0,1.0,1.0,1.0,1.0,1.0,1.0,0.0,1.0,0.0,0.0,1,1,1,1,1,1,3,1.0,1.0,1.0,""
"jl4/examples/legal/bna/bna.l4","`1(3A)(b) — an application is made while a minor`",false,true,measured,,1,1,3,0,exhaustive,2,1.0,1.0,1.0,1.0,1.0,1.0,1.0,1.0,1.0,1.0,0.0,1.0,0.0,0.0,1,1,1,1,1,1,3,1.0,1.0,1.0,""
"jl4/examples/legal/bna/bna.l4","`entitled to be registered under subsection (3A)`",false,false,measured,,4,4,6,0,exhaustive,16,1.875,1.875,1.875,1.875,1.875,1.875,1.0,1.0,1.0,1.875,0.0,1.0,0.0,0.0,4,4,4,1,1,4,6,1.875,1.875,1.875,""
"jl4/examples/legal/bna/bna.l4","`1(4) — application made after attaining the age of ten years`",false,true,measured,,1,1,1,0,exhaustive,2,1.0,1.0,1.0,1.0,1.0,1.0,1.0,1.0,1.0,1.0,0.0,1.0,0.0,0.0,1,1,1,1,1,1,1,1.0,1.0,1.0,""
"jl4/examples/legal/bna/bna.l4","`1(4) — absences within the ninety-day ceiling in each of the first ten years`",false,true,measured,,1,1,1,0,exhaustive,2,1.0,1.0,1.0,1.0,1.0,1.0,2.0,2.0,2.0,1.0,0.0,1.0,0.0,0.0,1,1,1,2,2,1,1,1.0,1.0,1.0,""
"jl4/examples/legal/bna/bna.l4","`1(7) — the Secretary of State treats the residence requirement as fulfilled`",false,true,measured,,1,1,3,0,exhaustive,2,1.0,1.0,1.0,1.0,1.0,1.0,1.0,1.0,1.0,1.0,0.0,1.0,0.0,0.0,1,1,1,1,1,1,3,1.0,1.0,1.0,""
"jl4/examples/legal/bna/bna.l4","`1(4) — the residence requirement met or treated as met`",false,true,measured,,2,2,3,0,exhaustive,4,1.5,1.5,1.5,1.5,1.5,1.5,1.0,1.0,1.0,1.5,0.0,1.0,0.0,0.0,2,2,2,1,1,2,3,1.5,1.5,1.5,""
"jl4/examples/legal/bna/bna.l4","`entitled to be registered under subsection (4)`",false,false,measured,,4,4,6,0,exhaustive,16,1.875,1.875,1.875,1.875,1.875,1.875,1.0,1.0,1.0,1.875,0.0,1.0,0.0,0.0,4,4,4,1,1,4,6,1.875,1.875,1.875,""
"jl4/examples/legal/bna/bna.l4","`registration may be granted`",false,false,measured,,2,2,3,0,exhaustive,4,1.5,1.5,1.5,1.5,1.5,1.5,1.5,1.5,1.5,1.5,0.0,1.0,0.0,0.0,2,2,2,2,2,2,3,1.5,1.5,1.5,""
"jl4/examples/legal/bna/bna.l4","`order of a court in a qualifying territory on or after the appointed day`",false,true,measured,,2,2,3,0,exhaustive,4,1.5,1.5,1.5,1.5,1.5,1.5,2.0,2.0,2.0,1.5,0.0,1.0,0.0,0.0,2,2,2,3,3,2,3,1.5,1.5,1.5,""
"jl4/examples/legal/bna/bna.l4","`1(5)(a) — a court order authorising the adoption`",false,true,measured,,2,2,4,0,exhaustive,4,1.5,1.5,1.5,1.5,1.5,1.5,1.0,1.0,1.0,1.5,0.0,1.0,0.0,0.0,2,2,2,1,1,2,4,1.5,1.5,1.5,""
"jl4/examples/legal/bna/bna.l4","`1(5)(b) — adopted under a Convention adoption`",false,true,measured,,1,1,3,0,exhaustive,2,1.0,1.0,1.0,1.0,1.0,1.0,1.0,1.0,1.0,1.0,0.0,1.0,0.0,0.0,1,1,1,1,1,1,3,1.0,1.0,1.0,""
"jl4/examples/legal/bna/bna.l4","`1(5) — an order is made or a Convention adoption is effected`",false,true,measured,,2,2,3,0,exhaustive,4,1.5,1.5,1.5,1.5,1.5,1.5,1.0,1.0,1.0,1.5,0.0,1.0,0.0,0.0,2,2,2,1,1,2,3,1.5,1.5,1.5,""
"jl4/examples/legal/bna/bna.l4","`the adopted person a minor and not already a British citizen`",false,true,measured,,2,2,4,0,exhaustive,4,1.5,1.5,1.5,1.5,1.5,1.5,1.0,1.0,1.0,1.5,0.0,1.0,0.0,0.0,2,2,2,1,1,2,4,1.5,1.5,1.5,""
"jl4/examples/legal/bna/bna.l4","`1(5A)(a) — the adopter, or one joint adopter, a British citizen`",false,true,measured,,1,1,3,0,exhaustive,2,1.0,1.0,1.0,1.0,1.0,1.0,1.0,1.0,1.0,1.0,0.0,1.0,0.0,0.0,1,1,1,1,1,1,3,1.0,1.0,1.0,""
"jl4/examples/legal/bna/bna.l4","`1(5A)(b) — habitual residence, in a Convention case`",false,true,measured,,2,2,5,0,exhaustive,4,1.5,1.5,1.5,1.5,1.5,1.5,1.0,1.0,1.0,1.5,0.0,1.0,0.0,0.0,2,2,2,1,1,2,5,1.5,1.5,1.5,""
"jl4/examples/legal/bna/bna.l4","`1(5A) — the requirements are met on the date of the order or adoption`",false,true,measured,,2,2,4,0,exhaustive,4,1.5,1.5,1.5,1.5,1.5,1.5,1.0,1.0,1.0,1.5,0.0,1.0,0.0,0.0,2,2,2,1,1,2,4,1.5,1.5,1.5,""
"jl4/examples/legal/bna/bna.l4","`a British citizen by virtue of subsection (5)`",false,true,measured,,3,3,4,0,exhaustive,8,1.75,1.75,1.75,1.75,1.75,1.75,1.0,1.0,1.0,1.75,0.0,1.0,0.0,0.0,3,3,3,1,1,3,4,1.75,1.75,1.75,""
"jl4/examples/legal/bna/bna.l4","`a British citizen notwithstanding cesser of the order — subsection (6)`",false,false,measured,,1,1,3,0,exhaustive,2,1.0,1.0,1.0,1.0,1.0,1.0,1.0,1.0,1.0,1.0,0.0,1.0,0.0,0.0,1,1,1,1,1,1,3,1.0,1.0,1.0,""
"jl4/examples/legal/bna/bna.l4","`section 1 outcome at birth`",false,false,refused,"Can only visualize, as a ladder diagram, a DECIDE that returns a boolean.",,,,,,,,,,,,,,,,,,,,,,,,,,,,,,,
"jl4/examples/legal/bna/bna.l4","Peter",false,false,refused,"Can only visualize, as a ladder diagram, a DECIDE that returns a boolean.",,,,,,,,,,,,,,,,,,,,,,,,,,,,,,,
"jl4/examples/legal/bna/bna.l4","`Peter with the subsection (3) limbs satisfied`",false,false,refused,"Can only visualize, as a ladder diagram, a DECIDE that returns a boolean.",,,,,,,,,,,,,,,,,,,,,,,,,,,,,,,
"jl4/examples/legal/bna/bna.l4","`a child born in the United Kingdom on`",false,false,refused,"Can only visualize, as a ladder diagram, a DECIDE that returns a boolean.",,,,,,,,,,,,,,,,,,,,,,,,,,,,,,,
"jl4/examples/legal/bna/bna.l4","`a child born in a qualifying territory on`",false,false,refused,"Can only visualize, as a ladder diagram, a DECIDE that returns a boolean.",,,,,,,,,,,,,,,,,,,,,,,,,,,,,,,
"jl4/examples/legal/bna/bna.l4","`a foundling found on`",false,false,refused,"Can only visualize, as a ladder diagram, a DECIDE that returns a boolean.",,,,,,,,,,,,,,,,,,,,,,,,,,,,,,,
"jl4/examples/legal/bna/bna.l4","`a child of visitors born on`",false,false,refused,"Can only visualize, as a ladder diagram, a DECIDE that returns a boolean.",,,,,,,,,,,,,,,,,,,,,,,,,,,,,,,
"jl4/examples/legal/bna/bna.l4","`a ten-year applicant born on`",false,false,refused,"Can only visualize, as a ladder diagram, a DECIDE that returns a boolean.",,,,,,,,,,,,,,,,,,,,,,,,,,,,,,,
"jl4/examples/legal/bna/bna.l4","`a United Kingdom adoption order on`",false,false,refused,"Can only visualize, as a ladder diagram, a DECIDE that returns a boolean.",,,,,,,,,,,,,,,,,,,,,,,,,,,,,,,
"jl4/examples/legal/bna/bna.l4","`a Convention adoption on`",false,false,refused,"Can only visualize, as a ladder diagram, a DECIDE that returns a boolean.",,,,,,,,,,,,,,,,,,,,,,,,,,,,,,,
"jl4/examples/legal/bna/bna.l4","`a Gibraltar adoption order case`",false,false,refused,"Can only visualize, as a ladder diagram, a DECIDE that returns a boolean.",,,,,,,,,,,,,,,,,,,,,,,,,,,,,,,
"jl4/examples/legal/bna/bna.l4","`a pre-appointed-day Gibraltar order case`",false,false,refused,"Can only visualize, as a ladder diagram, a DECIDE that returns a boolean.",,,,,,,,,,,,,,,,,,,,,,,,,,,,,,,
"jl4/examples/legal/bna/bna.l4","`an adoption of a person already a British citizen`",false,false,refused,"Can only visualize, as a ladder diagram, a DECIDE that returns a boolean.",,,,,,,,,,,,,,,,,,,,,,,,,,,,,,,
"jl4/examples/legal/bna/bna.l4","`the foundling`",false,false,refused,"Can only visualize, as a ladder diagram, a DECIDE that returns a boolean.",,,,,,,,,,,,,,,,,,,,,,,,,,,,,,,
"jl4/examples/legal/bna/bna.l4","`the rebutted foundling`",false,false,refused,"Can only visualize, as a ladder diagram, a DECIDE that returns a boolean.",,,,,,,,,,,,,,,,,,,,,,,,,,,,,,,
"jl4/examples/legal/bna/bna.l4","`the forces child`",false,false,refused,"Can only visualize, as a ladder diagram, a DECIDE that returns a boolean.",,,,,,,,,,,,,,,,,,,,,,,,,,,,,,,
"jl4/examples/legal/bna/bna.l4","`the child of visitors`",false,false,refused,"Can only visualize, as a ladder diagram, a DECIDE that returns a boolean.",,,,,,,,,,,,,,,,,,,,,,,,,,,,,,,
"jl4/examples/legal/bna/bna.l4","`the ten-year lead case`",false,false,refused,"Can only visualize, as a ladder diagram, a DECIDE that returns a boolean.",,,,,,,,,,,,,,,,,,,,,,,,,,,,,,,
"jl4/examples/legal/bna/bna.l4","`the applicant of bad character`",false,false,refused,"Can only visualize, as a ladder diagram, a DECIDE that returns a boolean.",,,,,,,,,,,,,,,,,,,,,,,,,,,,,,,
"jl4/examples/docassemble/assume-via-fn.l4","adjusted",false,false,refused,"Can only visualize, as a ladder diagram, a DECIDE that returns a boolean.",,,,,,,,,,,,,,,,,,,,,,,,,,,,,,,
"jl4/examples/docassemble/assume-via-fn.l4","`over threshold`",true,false,measured,,1,1,1,0,exhaustive,2,1.0,1.0,1.0,1.0,1.0,1.0,0.0,0.0,0.0,1.0,0.0,1.0,0.0,0.0,1,1,1,0,0,1,1,1.0,1.0,1.0,""
"jl4/examples/docassemble/computed-and-shadow.l4","`meets the minimum`",false,true,measured,,1,1,1,0,exhaustive,2,1.0,1.0,1.0,1.0,1.0,1.0,1.0,1.0,1.0,1.0,0.0,1.0,0.0,0.0,1,1,1,1,1,1,1,1.0,1.0,1.0,""
"jl4/examples/docassemble/computed-and-shadow.l4","`offer lawful`",true,false,measured,,2,2,4,0,exhaustive,4,1.5,1.5,1.5,1.5,1.5,1.5,1.0,1.0,1.0,1.5,0.0,1.0,0.0,0.0,2,2,2,1,1,2,4,1.5,1.5,1.5,""
"jl4/examples/docassemble/defaults.l4","`the consumer may cancel`",true,false,measured,,3,3,6,0,exhaustive,8,1.75,1.75,1.75,1.75,1.75,1.75,2.75,2.75,2.75,1.75,0.0,1.0,0.0,0.0,3,3,3,5,5,3,6,1.75,1.75,1.75,""
"jl4/examples/docassemble/enum-triage.l4","`notification deadline in days`",true,false,refused,"Can only visualize, as a ladder diagram, a DECIDE that returns a boolean.",,,,,,,,,,,,,,,,,,,,,,,,,,,,,,,
"jl4/examples/docassemble/rodents-and-vermin.l4","`insurance covered`",true,false,measured,,4,4,10,0,exhaustive,16,1.875,1.875,1.875,1.875,1.875,1.875,2.375,2.375,2.375,1.875,0.0,1.0,0.0,0.0,4,4,4,5,5,4,9,1.875,1.875,1.875,""
"jl4/examples/docassemble/seam.l4","`notice rule satisfied`",true,false,measured,,2,2,3,0,exhaustive,4,1.5,1.5,1.5,1.5,1.5,1.5,1.5,1.5,1.5,1.5,0.0,1.0,0.0,0.0,2,2,2,2,2,2,3,1.5,1.5,1.5,""
"jl4/examples/docassemble/not-ok/deontic-body.l4","`notice obligation`",true,false,refused,"Can only visualize, as a ladder diagram, a DECIDE that returns a boolean.",,,,,,,,,,,,,,,,,,,,,,,,,,,,,,,
"jl4/examples/docassemble/not-ok/higher-order.l4","`holds for`",false,true,measured,,1,1,1,0,exhaustive,2,1.0,1.0,1.0,1.0,1.0,1.0,1.0,1.0,1.0,1.0,0.0,1.0,0.0,0.0,1,1,1,1,1,1,1,1.0,1.0,1.0,""
"jl4/examples/docassemble/not-ok/higher-order.l4","`reading is acceptable`",true,false,measured,,1,1,1,0,exhaustive,2,1.0,1.0,1.0,1.0,1.0,1.0,1.0,1.0,1.0,1.0,0.0,1.0,0.0,0.0,1,1,1,1,1,1,1,1.0,1.0,1.0,""
"jl4/examples/docassemble/not-ok/just-payload-pattern.l4","waived",true,true,measured,,1,1,1,0,exhaustive,2,1.0,1.0,1.0,1.0,1.0,1.0,3.0,3.0,3.0,1.0,0.0,1.0,0.0,0.0,1,1,1,3,3,1,1,1.0,1.0,1.0,""
"jl4/examples/docassemble/not-ok/maybe-number.l4","`declared income exceeds threshold`",true,false,measured,,1,1,1,0,exhaustive,2,1.0,1.0,1.0,1.0,1.0,1.0,2.0,2.0,2.0,1.0,0.0,1.0,0.0,0.0,1,1,1,2,2,1,1,1.0,1.0,1.0,""
"jl4/examples/docassemble/not-ok/name-collision.l4","`combined notice period`",true,false,refused,"Can only visualize, as a ladder diagram, a DECIDE that returns a boolean.",,,,,,,,,,,,,,,,,,,,,,,,,,,,,,,
"jl4/examples/docassemble/not-ok/seam-ref-via-fn.l4","`main gate`",true,false,measured,,1,1,1,0,exhaustive,2,1.0,1.0,1.0,1.0,1.0,1.0,1.0,1.0,1.0,1.0,0.0,1.0,0.0,0.0,1,1,1,1,1,1,1,1.0,1.0,1.0,""
"jl4/examples/docassemble/not-ok/seam-ref-via-fn.l4","wrap",false,true,measured,,2,2,3,0,exhaustive,4,1.5,1.5,1.5,1.5,1.5,1.5,1.5,1.5,1.5,1.5,0.0,1.0,0.0,0.0,2,2,2,2,2,2,3,1.5,1.5,1.5,""
"jl4/examples/docassemble/not-ok/seam-ref-via-fn.l4","`seam rule`",true,true,measured,,2,2,3,0,exhaustive,4,1.5,1.5,1.5,1.5,1.5,1.5,1.5,1.5,1.5,1.5,0.0,1.0,0.0,0.0,2,2,2,2,2,2,3,1.5,1.5,1.5,""
